ISO-10303-21;
HEADER;
/* Generated by software containing ST-Developer
 * from STEP Tools, Inc. (www.steptools.com) 
 */

FILE_DESCRIPTION(
/* description */ (''),
/* implementation_level */ '2;1');

FILE_NAME(
/* name */ 'top.step',
/* time_stamp */ '2026-09-07T22:39:25+09:00',
/* author */ (''),
/* organization */ (''),
/* preprocessor_version */ 'ST-DEVELOPER v20.2',
/* originating_system */ 'Autodesk Translation Framework v15.15.0.0',
/* authorisation */ '');

FILE_SCHEMA (('AUTOMOTIVE_DESIGN { 1 0 10303 214 3 1 1 }'));
ENDSEC;

DATA;
#10=MECHANICAL_DESIGN_GEOMETRIC_PRESENTATION_REPRESENTATION('',(#13),#5670);
#11=SHAPE_REPRESENTATION_RELATIONSHIP('SRR','None',#5677,#12);
#12=ADVANCED_BREP_SHAPE_REPRESENTATION('',(#14),#5669);
#13=STYLED_ITEM('',(#5687),#14);
#14=MANIFOLD_SOLID_BREP('\X2\BCF8CCB4\X0\1',#3281);
#15=FACE_BOUND('',#374,.T.);
#16=FACE_BOUND('',#375,.T.);
#17=FACE_BOUND('',#376,.T.);
#18=FACE_BOUND('',#377,.T.);
#19=FACE_BOUND('',#388,.T.);
#20=FACE_BOUND('',#408,.T.);
#21=FACE_BOUND('',#410,.T.);
#22=FACE_BOUND('',#412,.T.);
#23=FACE_BOUND('',#414,.T.);
#24=FACE_BOUND('',#416,.T.);
#25=FACE_BOUND('',#417,.T.);
#26=FACE_BOUND('',#418,.T.);
#27=FACE_BOUND('',#419,.T.);
#28=FACE_BOUND('',#420,.T.);
#29=FACE_BOUND('',#421,.T.);
#30=FACE_BOUND('',#422,.T.);
#31=FACE_BOUND('',#423,.T.);
#32=FACE_BOUND('',#425,.T.);
#33=FACE_BOUND('',#526,.T.);
#34=FACE_BOUND('',#527,.T.);
#35=FACE_BOUND('',#528,.T.);
#36=FACE_BOUND('',#529,.T.);
#37=FACE_BOUND('',#530,.T.);
#38=FACE_BOUND('',#531,.T.);
#39=FACE_BOUND('',#535,.T.);
#40=FACE_BOUND('',#536,.T.);
#41=FACE_BOUND('',#537,.T.);
#42=FACE_BOUND('',#540,.T.);
#43=FACE_BOUND('',#541,.T.);
#44=FACE_BOUND('',#542,.T.);
#45=FACE_BOUND('',#543,.T.);
#46=FACE_BOUND('',#544,.T.);
#47=CONICAL_SURFACE('',#3364,2.15,0.785398163397449);
#48=CONICAL_SURFACE('',#3368,2.15,0.785398163397448);
#49=CONICAL_SURFACE('',#3404,4.,0.78539816339745);
#50=CONICAL_SURFACE('',#3408,4.,0.785398163397449);
#51=PLANE('',#3333);
#52=PLANE('',#3336);
#53=PLANE('',#3337);
#54=PLANE('',#3338);
#55=PLANE('',#3341);
#56=PLANE('',#3342);
#57=PLANE('',#3343);
#58=PLANE('',#3344);
#59=PLANE('',#3351);
#60=PLANE('',#3355);
#61=PLANE('',#3356);
#62=PLANE('',#3357);
#63=PLANE('',#3358);
#64=PLANE('',#3359);
#65=PLANE('',#3360);
#66=PLANE('',#3361);
#67=PLANE('',#3362);
#68=PLANE('',#3363);
#69=PLANE('',#3367);
#70=PLANE('',#3371);
#71=PLANE('',#3379);
#72=PLANE('',#3383);
#73=PLANE('',#3384);
#74=PLANE('',#3385);
#75=PLANE('',#3386);
#76=PLANE('',#3390);
#77=PLANE('',#3391);
#78=PLANE('',#3407);
#79=PLANE('',#3411);
#80=PLANE('',#3412);
#81=PLANE('',#3413);
#82=PLANE('',#3417);
#83=PLANE('',#3419);
#84=PLANE('',#3420);
#85=PLANE('',#3422);
#86=PLANE('',#3424);
#87=PLANE('',#3426);
#88=PLANE('',#3428);
#89=PLANE('',#3430);
#90=PLANE('',#3432);
#91=PLANE('',#3446);
#92=PLANE('',#3451);
#93=PLANE('',#3453);
#94=PLANE('',#3455);
#95=PLANE('',#3457);
#96=PLANE('',#3461);
#97=PLANE('',#3466);
#98=PLANE('',#3481);
#99=PLANE('',#3484);
#100=PLANE('',#3487);
#101=PLANE('',#3490);
#102=PLANE('',#3491);
#103=PLANE('',#3494);
#104=PLANE('',#3497);
#105=PLANE('',#3500);
#106=PLANE('',#3505);
#107=PLANE('',#3508);
#108=PLANE('',#3511);
#109=PLANE('',#3512);
#110=PLANE('',#3515);
#111=PLANE('',#3518);
#112=PLANE('',#3521);
#113=PLANE('',#3524);
#114=PLANE('',#3527);
#115=PLANE('',#3530);
#116=PLANE('',#3541);
#117=PLANE('',#3544);
#118=PLANE('',#3547);
#119=PLANE('',#3553);
#120=PLANE('',#3557);
#121=PLANE('',#3561);
#122=PLANE('',#3565);
#123=PLANE('',#3569);
#124=PLANE('',#3570);
#125=PLANE('',#3571);
#126=PLANE('',#3575);
#127=PLANE('',#3579);
#128=PLANE('',#3580);
#129=PLANE('',#3584);
#130=PLANE('',#3585);
#131=PLANE('',#3589);
#132=PLANE('',#3593);
#133=PLANE('',#3594);
#134=PLANE('',#3598);
#135=PLANE('',#3602);
#136=PLANE('',#3603);
#137=PLANE('',#3604);
#138=PLANE('',#3608);
#139=PLANE('',#3612);
#140=PLANE('',#3613);
#141=PLANE('',#3617);
#142=PLANE('',#3621);
#143=PLANE('',#3623);
#144=PLANE('',#3626);
#145=PLANE('',#3627);
#146=PLANE('',#3628);
#147=B_SPLINE_SURFACE_WITH_KNOTS('',3,3,((#4630,#4631,#4632,#4633,#4634,
#4635),(#4636,#4637,#4638,#4639,#4640,#4641),(#4642,#4643,#4644,#4645,#4646,
#4647),(#4648,#4649,#4650,#4651,#4652,#4653),(#4654,#4655,#4656,#4657,#4658,
#4659)),.UNSPECIFIED.,.F.,.F.,.F.,(4,1,4),(4,1,1,4),(0.,0.571428571428571,
1.),(-1.00321318946276E-15,0.673198425769241,1.12199737628207,1.5707963267949),
 .UNSPECIFIED.);
#148=B_SPLINE_SURFACE_WITH_KNOTS('',3,3,((#4671,#4672,#4673,#4674,#4675),
(#4676,#4677,#4678,#4679,#4680),(#4681,#4682,#4683,#4684,#4685),(#4686,
#4687,#4688,#4689,#4690),(#4691,#4692,#4693,#4694,#4695)),.UNSPECIFIED.,
 .F.,.F.,.F.,(4,1,4),(4,1,4),(0.,0.571428571428571,1.),(-1.5707963267949,
-0.897597901025656,0.),.UNSPECIFIED.);
#149=B_SPLINE_SURFACE_WITH_KNOTS('',3,3,((#4725,#4726,#4727,#4728,#4729,
#4730),(#4731,#4732,#4733,#4734,#4735,#4736),(#4737,#4738,#4739,#4740,#4741,
#4742),(#4743,#4744,#4745,#4746,#4747,#4748),(#4749,#4750,#4751,#4752,#4753,
#4754)),.UNSPECIFIED.,.F.,.F.,.F.,(4,1,4),(4,1,1,4),(0.,0.571428571428571,
1.),(-1.5707963267949,-0.897597901025655,-0.448798950512828,2.77555756156289E-17),
 .UNSPECIFIED.);
#150=B_SPLINE_SURFACE_WITH_KNOTS('',3,3,((#4766,#4767,#4768,#4769,#4770),
(#4771,#4772,#4773,#4774,#4775),(#4776,#4777,#4778,#4779,#4780),(#4781,
#4782,#4783,#4784,#4785),(#4786,#4787,#4788,#4789,#4790)),.UNSPECIFIED.,
 .F.,.F.,.F.,(4,1,4),(4,1,4),(0.,0.571428571428571,1.),(-4.83840966400197E-16,
0.673198425769241,1.5707963267949),.UNSPECIFIED.);
#151=TOROIDAL_SURFACE('',#3298,49.,1.);
#152=TOROIDAL_SURFACE('',#3314,49.,1.);
#153=FACE_OUTER_BOUND('',#333,.T.);
#154=FACE_OUTER_BOUND('',#334,.T.);
#155=FACE_OUTER_BOUND('',#335,.T.);
#156=FACE_OUTER_BOUND('',#336,.T.);
#157=FACE_OUTER_BOUND('',#337,.T.);
#158=FACE_OUTER_BOUND('',#338,.T.);
#159=FACE_OUTER_BOUND('',#339,.T.);
#160=FACE_OUTER_BOUND('',#340,.T.);
#161=FACE_OUTER_BOUND('',#341,.T.);
#162=FACE_OUTER_BOUND('',#342,.T.);
#163=FACE_OUTER_BOUND('',#343,.T.);
#164=FACE_OUTER_BOUND('',#344,.T.);
#165=FACE_OUTER_BOUND('',#345,.T.);
#166=FACE_OUTER_BOUND('',#346,.T.);
#167=FACE_OUTER_BOUND('',#347,.T.);
#168=FACE_OUTER_BOUND('',#348,.T.);
#169=FACE_OUTER_BOUND('',#349,.T.);
#170=FACE_OUTER_BOUND('',#350,.T.);
#171=FACE_OUTER_BOUND('',#351,.T.);
#172=FACE_OUTER_BOUND('',#352,.T.);
#173=FACE_OUTER_BOUND('',#353,.T.);
#174=FACE_OUTER_BOUND('',#354,.T.);
#175=FACE_OUTER_BOUND('',#355,.T.);
#176=FACE_OUTER_BOUND('',#356,.T.);
#177=FACE_OUTER_BOUND('',#357,.T.);
#178=FACE_OUTER_BOUND('',#358,.T.);
#179=FACE_OUTER_BOUND('',#359,.T.);
#180=FACE_OUTER_BOUND('',#360,.T.);
#181=FACE_OUTER_BOUND('',#361,.T.);
#182=FACE_OUTER_BOUND('',#362,.T.);
#183=FACE_OUTER_BOUND('',#363,.T.);
#184=FACE_OUTER_BOUND('',#364,.T.);
#185=FACE_OUTER_BOUND('',#365,.T.);
#186=FACE_OUTER_BOUND('',#366,.T.);
#187=FACE_OUTER_BOUND('',#367,.T.);
#188=FACE_OUTER_BOUND('',#368,.T.);
#189=FACE_OUTER_BOUND('',#369,.T.);
#190=FACE_OUTER_BOUND('',#370,.T.);
#191=FACE_OUTER_BOUND('',#371,.T.);
#192=FACE_OUTER_BOUND('',#372,.T.);
#193=FACE_OUTER_BOUND('',#373,.T.);
#194=FACE_OUTER_BOUND('',#378,.T.);
#195=FACE_OUTER_BOUND('',#379,.T.);
#196=FACE_OUTER_BOUND('',#380,.T.);
#197=FACE_OUTER_BOUND('',#381,.T.);
#198=FACE_OUTER_BOUND('',#382,.T.);
#199=FACE_OUTER_BOUND('',#383,.T.);
#200=FACE_OUTER_BOUND('',#384,.T.);
#201=FACE_OUTER_BOUND('',#385,.T.);
#202=FACE_OUTER_BOUND('',#386,.T.);
#203=FACE_OUTER_BOUND('',#387,.T.);
#204=FACE_OUTER_BOUND('',#389,.T.);
#205=FACE_OUTER_BOUND('',#390,.T.);
#206=FACE_OUTER_BOUND('',#391,.T.);
#207=FACE_OUTER_BOUND('',#392,.T.);
#208=FACE_OUTER_BOUND('',#393,.T.);
#209=FACE_OUTER_BOUND('',#394,.T.);
#210=FACE_OUTER_BOUND('',#395,.T.);
#211=FACE_OUTER_BOUND('',#396,.T.);
#212=FACE_OUTER_BOUND('',#397,.T.);
#213=FACE_OUTER_BOUND('',#398,.T.);
#214=FACE_OUTER_BOUND('',#399,.T.);
#215=FACE_OUTER_BOUND('',#400,.T.);
#216=FACE_OUTER_BOUND('',#401,.T.);
#217=FACE_OUTER_BOUND('',#402,.T.);
#218=FACE_OUTER_BOUND('',#403,.T.);
#219=FACE_OUTER_BOUND('',#404,.T.);
#220=FACE_OUTER_BOUND('',#405,.T.);
#221=FACE_OUTER_BOUND('',#406,.T.);
#222=FACE_OUTER_BOUND('',#407,.T.);
#223=FACE_OUTER_BOUND('',#409,.T.);
#224=FACE_OUTER_BOUND('',#411,.T.);
#225=FACE_OUTER_BOUND('',#413,.T.);
#226=FACE_OUTER_BOUND('',#415,.T.);
#227=FACE_OUTER_BOUND('',#424,.T.);
#228=FACE_OUTER_BOUND('',#426,.T.);
#229=FACE_OUTER_BOUND('',#427,.T.);
#230=FACE_OUTER_BOUND('',#428,.T.);
#231=FACE_OUTER_BOUND('',#429,.T.);
#232=FACE_OUTER_BOUND('',#430,.T.);
#233=FACE_OUTER_BOUND('',#431,.T.);
#234=FACE_OUTER_BOUND('',#432,.T.);
#235=FACE_OUTER_BOUND('',#433,.T.);
#236=FACE_OUTER_BOUND('',#434,.T.);
#237=FACE_OUTER_BOUND('',#435,.T.);
#238=FACE_OUTER_BOUND('',#436,.T.);
#239=FACE_OUTER_BOUND('',#437,.T.);
#240=FACE_OUTER_BOUND('',#438,.T.);
#241=FACE_OUTER_BOUND('',#439,.T.);
#242=FACE_OUTER_BOUND('',#440,.T.);
#243=FACE_OUTER_BOUND('',#441,.T.);
#244=FACE_OUTER_BOUND('',#442,.T.);
#245=FACE_OUTER_BOUND('',#443,.T.);
#246=FACE_OUTER_BOUND('',#444,.T.);
#247=FACE_OUTER_BOUND('',#445,.T.);
#248=FACE_OUTER_BOUND('',#446,.T.);
#249=FACE_OUTER_BOUND('',#447,.T.);
#250=FACE_OUTER_BOUND('',#448,.T.);
#251=FACE_OUTER_BOUND('',#449,.T.);
#252=FACE_OUTER_BOUND('',#450,.T.);
#253=FACE_OUTER_BOUND('',#451,.T.);
#254=FACE_OUTER_BOUND('',#452,.T.);
#255=FACE_OUTER_BOUND('',#453,.T.);
#256=FACE_OUTER_BOUND('',#454,.T.);
#257=FACE_OUTER_BOUND('',#455,.T.);
#258=FACE_OUTER_BOUND('',#456,.T.);
#259=FACE_OUTER_BOUND('',#457,.T.);
#260=FACE_OUTER_BOUND('',#458,.T.);
#261=FACE_OUTER_BOUND('',#459,.T.);
#262=FACE_OUTER_BOUND('',#460,.T.);
#263=FACE_OUTER_BOUND('',#461,.T.);
#264=FACE_OUTER_BOUND('',#462,.T.);
#265=FACE_OUTER_BOUND('',#463,.T.);
#266=FACE_OUTER_BOUND('',#464,.T.);
#267=FACE_OUTER_BOUND('',#465,.T.);
#268=FACE_OUTER_BOUND('',#466,.T.);
#269=FACE_OUTER_BOUND('',#467,.T.);
#270=FACE_OUTER_BOUND('',#468,.T.);
#271=FACE_OUTER_BOUND('',#469,.T.);
#272=FACE_OUTER_BOUND('',#470,.T.);
#273=FACE_OUTER_BOUND('',#471,.T.);
#274=FACE_OUTER_BOUND('',#472,.T.);
#275=FACE_OUTER_BOUND('',#473,.T.);
#276=FACE_OUTER_BOUND('',#474,.T.);
#277=FACE_OUTER_BOUND('',#475,.T.);
#278=FACE_OUTER_BOUND('',#476,.T.);
#279=FACE_OUTER_BOUND('',#477,.T.);
#280=FACE_OUTER_BOUND('',#478,.T.);
#281=FACE_OUTER_BOUND('',#479,.T.);
#282=FACE_OUTER_BOUND('',#480,.T.);
#283=FACE_OUTER_BOUND('',#481,.T.);
#284=FACE_OUTER_BOUND('',#482,.T.);
#285=FACE_OUTER_BOUND('',#483,.T.);
#286=FACE_OUTER_BOUND('',#484,.T.);
#287=FACE_OUTER_BOUND('',#485,.T.);
#288=FACE_OUTER_BOUND('',#486,.T.);
#289=FACE_OUTER_BOUND('',#487,.T.);
#290=FACE_OUTER_BOUND('',#488,.T.);
#291=FACE_OUTER_BOUND('',#489,.T.);
#292=FACE_OUTER_BOUND('',#490,.T.);
#293=FACE_OUTER_BOUND('',#491,.T.);
#294=FACE_OUTER_BOUND('',#492,.T.);
#295=FACE_OUTER_BOUND('',#493,.T.);
#296=FACE_OUTER_BOUND('',#494,.T.);
#297=FACE_OUTER_BOUND('',#495,.T.);
#298=FACE_OUTER_BOUND('',#496,.T.);
#299=FACE_OUTER_BOUND('',#497,.T.);
#300=FACE_OUTER_BOUND('',#498,.T.);
#301=FACE_OUTER_BOUND('',#499,.T.);
#302=FACE_OUTER_BOUND('',#500,.T.);
#303=FACE_OUTER_BOUND('',#501,.T.);
#304=FACE_OUTER_BOUND('',#502,.T.);
#305=FACE_OUTER_BOUND('',#503,.T.);
#306=FACE_OUTER_BOUND('',#504,.T.);
#307=FACE_OUTER_BOUND('',#505,.T.);
#308=FACE_OUTER_BOUND('',#506,.T.);
#309=FACE_OUTER_BOUND('',#507,.T.);
#310=FACE_OUTER_BOUND('',#508,.T.);
#311=FACE_OUTER_BOUND('',#509,.T.);
#312=FACE_OUTER_BOUND('',#510,.T.);
#313=FACE_OUTER_BOUND('',#511,.T.);
#314=FACE_OUTER_BOUND('',#512,.T.);
#315=FACE_OUTER_BOUND('',#513,.T.);
#316=FACE_OUTER_BOUND('',#514,.T.);
#317=FACE_OUTER_BOUND('',#515,.T.);
#318=FACE_OUTER_BOUND('',#516,.T.);
#319=FACE_OUTER_BOUND('',#517,.T.);
#320=FACE_OUTER_BOUND('',#518,.T.);
#321=FACE_OUTER_BOUND('',#519,.T.);
#322=FACE_OUTER_BOUND('',#520,.T.);
#323=FACE_OUTER_BOUND('',#521,.T.);
#324=FACE_OUTER_BOUND('',#522,.T.);
#325=FACE_OUTER_BOUND('',#523,.T.);
#326=FACE_OUTER_BOUND('',#524,.T.);
#327=FACE_OUTER_BOUND('',#525,.T.);
#328=FACE_OUTER_BOUND('',#532,.T.);
#329=FACE_OUTER_BOUND('',#533,.T.);
#330=FACE_OUTER_BOUND('',#534,.T.);
#331=FACE_OUTER_BOUND('',#538,.T.);
#332=FACE_OUTER_BOUND('',#539,.T.);
#333=EDGE_LOOP('',(#2093,#2094,#2095,#2096));
#334=EDGE_LOOP('',(#2097,#2098,#2099,#2100));
#335=EDGE_LOOP('',(#2101,#2102,#2103,#2104));
#336=EDGE_LOOP('',(#2105,#2106,#2107,#2108));
#337=EDGE_LOOP('',(#2109,#2110,#2111,#2112));
#338=EDGE_LOOP('',(#2113,#2114,#2115,#2116));
#339=EDGE_LOOP('',(#2117,#2118,#2119,#2120));
#340=EDGE_LOOP('',(#2121,#2122,#2123,#2124));
#341=EDGE_LOOP('',(#2125,#2126,#2127,#2128));
#342=EDGE_LOOP('',(#2129,#2130,#2131,#2132));
#343=EDGE_LOOP('',(#2133,#2134,#2135,#2136));
#344=EDGE_LOOP('',(#2137,#2138,#2139,#2140));
#345=EDGE_LOOP('',(#2141,#2142,#2143,#2144));
#346=EDGE_LOOP('',(#2145,#2146,#2147,#2148));
#347=EDGE_LOOP('',(#2149,#2150,#2151,#2152));
#348=EDGE_LOOP('',(#2153,#2154,#2155,#2156));
#349=EDGE_LOOP('',(#2157,#2158,#2159,#2160));
#350=EDGE_LOOP('',(#2161,#2162,#2163,#2164,#2165,#2166,#2167,#2168));
#351=EDGE_LOOP('',(#2169,#2170,#2171,#2172));
#352=EDGE_LOOP('',(#2173,#2174,#2175,#2176,#2177,#2178,#2179,#2180,#2181,
#2182,#2183,#2184));
#353=EDGE_LOOP('',(#2185,#2186,#2187,#2188));
#354=EDGE_LOOP('',(#2189,#2190,#2191,#2192));
#355=EDGE_LOOP('',(#2193,#2194,#2195,#2196));
#356=EDGE_LOOP('',(#2197,#2198,#2199,#2200));
#357=EDGE_LOOP('',(#2201,#2202,#2203,#2204));
#358=EDGE_LOOP('',(#2205,#2206,#2207,#2208));
#359=EDGE_LOOP('',(#2209,#2210,#2211,#2212));
#360=EDGE_LOOP('',(#2213,#2214,#2215,#2216));
#361=EDGE_LOOP('',(#2217,#2218,#2219,#2220));
#362=EDGE_LOOP('',(#2221,#2222,#2223,#2224));
#363=EDGE_LOOP('',(#2225,#2226,#2227,#2228));
#364=EDGE_LOOP('',(#2229,#2230,#2231,#2232));
#365=EDGE_LOOP('',(#2233,#2234,#2235,#2236));
#366=EDGE_LOOP('',(#2237,#2238,#2239,#2240));
#367=EDGE_LOOP('',(#2241,#2242,#2243,#2244));
#368=EDGE_LOOP('',(#2245,#2246,#2247,#2248));
#369=EDGE_LOOP('',(#2249,#2250,#2251,#2252));
#370=EDGE_LOOP('',(#2253,#2254,#2255,#2256));
#371=EDGE_LOOP('',(#2257,#2258,#2259,#2260));
#372=EDGE_LOOP('',(#2261,#2262,#2263,#2264));
#373=EDGE_LOOP('',(#2265,#2266,#2267,#2268));
#374=EDGE_LOOP('',(#2269));
#375=EDGE_LOOP('',(#2270));
#376=EDGE_LOOP('',(#2271));
#377=EDGE_LOOP('',(#2272));
#378=EDGE_LOOP('',(#2273,#2274,#2275,#2276));
#379=EDGE_LOOP('',(#2277,#2278,#2279,#2280,#2281));
#380=EDGE_LOOP('',(#2282,#2283,#2284,#2285));
#381=EDGE_LOOP('',(#2286,#2287,#2288,#2289));
#382=EDGE_LOOP('',(#2290,#2291,#2292,#2293));
#383=EDGE_LOOP('',(#2294,#2295,#2296,#2297));
#384=EDGE_LOOP('',(#2298,#2299,#2300,#2301));
#385=EDGE_LOOP('',(#2302,#2303,#2304,#2305));
#386=EDGE_LOOP('',(#2306,#2307,#2308,#2309));
#387=EDGE_LOOP('',(#2310));
#388=EDGE_LOOP('',(#2311));
#389=EDGE_LOOP('',(#2312,#2313,#2314,#2315));
#390=EDGE_LOOP('',(#2316,#2317,#2318,#2319));
#391=EDGE_LOOP('',(#2320,#2321,#2322,#2323));
#392=EDGE_LOOP('',(#2324,#2325,#2326,#2327));
#393=EDGE_LOOP('',(#2328,#2329,#2330,#2331));
#394=EDGE_LOOP('',(#2332,#2333,#2334,#2335));
#395=EDGE_LOOP('',(#2336,#2337,#2338,#2339));
#396=EDGE_LOOP('',(#2340,#2341,#2342,#2343));
#397=EDGE_LOOP('',(#2344,#2345,#2346,#2347));
#398=EDGE_LOOP('',(#2348,#2349,#2350,#2351,#2352,#2353,#2354,#2355));
#399=EDGE_LOOP('',(#2356,#2357,#2358,#2359));
#400=EDGE_LOOP('',(#2360,#2361,#2362,#2363));
#401=EDGE_LOOP('',(#2364,#2365,#2366,#2367));
#402=EDGE_LOOP('',(#2368,#2369,#2370,#2371));
#403=EDGE_LOOP('',(#2372,#2373,#2374,#2375));
#404=EDGE_LOOP('',(#2376,#2377,#2378,#2379,#2380,#2381,#2382,#2383));
#405=EDGE_LOOP('',(#2384));
#406=EDGE_LOOP('',(#2385));
#407=EDGE_LOOP('',(#2386));
#408=EDGE_LOOP('',(#2387));
#409=EDGE_LOOP('',(#2388));
#410=EDGE_LOOP('',(#2389));
#411=EDGE_LOOP('',(#2390));
#412=EDGE_LOOP('',(#2391));
#413=EDGE_LOOP('',(#2392));
#414=EDGE_LOOP('',(#2393));
#415=EDGE_LOOP('',(#2394,#2395,#2396,#2397,#2398,#2399));
#416=EDGE_LOOP('',(#2400,#2401,#2402,#2403));
#417=EDGE_LOOP('',(#2404));
#418=EDGE_LOOP('',(#2405,#2406,#2407,#2408,#2409,#2410,#2411,#2412));
#419=EDGE_LOOP('',(#2413,#2414,#2415,#2416,#2417,#2418,#2419,#2420));
#420=EDGE_LOOP('',(#2421,#2422,#2423,#2424,#2425,#2426,#2427,#2428,#2429,
#2430,#2431));
#421=EDGE_LOOP('',(#2432,#2433,#2434,#2435));
#422=EDGE_LOOP('',(#2436,#2437,#2438,#2439));
#423=EDGE_LOOP('',(#2440,#2441,#2442,#2443));
#424=EDGE_LOOP('',(#2444,#2445,#2446,#2447,#2448,#2449,#2450,#2451));
#425=EDGE_LOOP('',(#2452));
#426=EDGE_LOOP('',(#2453));
#427=EDGE_LOOP('',(#2454));
#428=EDGE_LOOP('',(#2455));
#429=EDGE_LOOP('',(#2456));
#430=EDGE_LOOP('',(#2457,#2458,#2459,#2460));
#431=EDGE_LOOP('',(#2461,#2462,#2463,#2464,#2465,#2466,#2467,#2468,#2469,
#2470,#2471,#2472));
#432=EDGE_LOOP('',(#2473,#2474,#2475,#2476));
#433=EDGE_LOOP('',(#2477,#2478,#2479,#2480,#2481,#2482,#2483,#2484,#2485,
#2486,#2487));
#434=EDGE_LOOP('',(#2488,#2489,#2490,#2491));
#435=EDGE_LOOP('',(#2492,#2493,#2494,#2495));
#436=EDGE_LOOP('',(#2496,#2497,#2498,#2499));
#437=EDGE_LOOP('',(#2500,#2501,#2502,#2503));
#438=EDGE_LOOP('',(#2504,#2505,#2506,#2507));
#439=EDGE_LOOP('',(#2508,#2509,#2510,#2511));
#440=EDGE_LOOP('',(#2512,#2513,#2514,#2515));
#441=EDGE_LOOP('',(#2516,#2517,#2518,#2519));
#442=EDGE_LOOP('',(#2520,#2521,#2522,#2523));
#443=EDGE_LOOP('',(#2524,#2525,#2526,#2527));
#444=EDGE_LOOP('',(#2528,#2529,#2530,#2531));
#445=EDGE_LOOP('',(#2532,#2533,#2534,#2535));
#446=EDGE_LOOP('',(#2536,#2537,#2538,#2539));
#447=EDGE_LOOP('',(#2540,#2541,#2542,#2543));
#448=EDGE_LOOP('',(#2544,#2545,#2546,#2547));
#449=EDGE_LOOP('',(#2548,#2549,#2550,#2551));
#450=EDGE_LOOP('',(#2552,#2553,#2554,#2555));
#451=EDGE_LOOP('',(#2556,#2557,#2558,#2559));
#452=EDGE_LOOP('',(#2560,#2561,#2562,#2563));
#453=EDGE_LOOP('',(#2564,#2565,#2566,#2567));
#454=EDGE_LOOP('',(#2568,#2569,#2570,#2571));
#455=EDGE_LOOP('',(#2572,#2573,#2574,#2575));
#456=EDGE_LOOP('',(#2576,#2577,#2578,#2579));
#457=EDGE_LOOP('',(#2580,#2581,#2582,#2583));
#458=EDGE_LOOP('',(#2584,#2585,#2586,#2587));
#459=EDGE_LOOP('',(#2588,#2589,#2590,#2591));
#460=EDGE_LOOP('',(#2592,#2593,#2594,#2595));
#461=EDGE_LOOP('',(#2596,#2597,#2598,#2599));
#462=EDGE_LOOP('',(#2600,#2601,#2602,#2603));
#463=EDGE_LOOP('',(#2604,#2605,#2606,#2607));
#464=EDGE_LOOP('',(#2608,#2609,#2610,#2611));
#465=EDGE_LOOP('',(#2612,#2613,#2614,#2615));
#466=EDGE_LOOP('',(#2616,#2617,#2618,#2619));
#467=EDGE_LOOP('',(#2620,#2621,#2622,#2623));
#468=EDGE_LOOP('',(#2624,#2625,#2626,#2627));
#469=EDGE_LOOP('',(#2628,#2629,#2630,#2631));
#470=EDGE_LOOP('',(#2632,#2633,#2634,#2635));
#471=EDGE_LOOP('',(#2636,#2637,#2638,#2639));
#472=EDGE_LOOP('',(#2640,#2641,#2642,#2643));
#473=EDGE_LOOP('',(#2644,#2645,#2646,#2647));
#474=EDGE_LOOP('',(#2648,#2649,#2650,#2651));
#475=EDGE_LOOP('',(#2652,#2653,#2654,#2655));
#476=EDGE_LOOP('',(#2656,#2657,#2658,#2659));
#477=EDGE_LOOP('',(#2660,#2661,#2662,#2663));
#478=EDGE_LOOP('',(#2664,#2665,#2666,#2667));
#479=EDGE_LOOP('',(#2668,#2669,#2670,#2671));
#480=EDGE_LOOP('',(#2672,#2673,#2674,#2675));
#481=EDGE_LOOP('',(#2676,#2677,#2678,#2679));
#482=EDGE_LOOP('',(#2680,#2681,#2682,#2683,#2684,#2685,#2686));
#483=EDGE_LOOP('',(#2687,#2688,#2689,#2690));
#484=EDGE_LOOP('',(#2691,#2692,#2693,#2694));
#485=EDGE_LOOP('',(#2695,#2696,#2697,#2698));
#486=EDGE_LOOP('',(#2699,#2700,#2701,#2702));
#487=EDGE_LOOP('',(#2703,#2704,#2705,#2706));
#488=EDGE_LOOP('',(#2707,#2708,#2709,#2710));
#489=EDGE_LOOP('',(#2711,#2712,#2713,#2714));
#490=EDGE_LOOP('',(#2715,#2716,#2717,#2718));
#491=EDGE_LOOP('',(#2719,#2720,#2721,#2722));
#492=EDGE_LOOP('',(#2723,#2724,#2725,#2726));
#493=EDGE_LOOP('',(#2727,#2728,#2729,#2730));
#494=EDGE_LOOP('',(#2731,#2732,#2733,#2734));
#495=EDGE_LOOP('',(#2735,#2736,#2737,#2738));
#496=EDGE_LOOP('',(#2739,#2740,#2741,#2742));
#497=EDGE_LOOP('',(#2743,#2744,#2745,#2746));
#498=EDGE_LOOP('',(#2747,#2748,#2749,#2750));
#499=EDGE_LOOP('',(#2751,#2752,#2753,#2754));
#500=EDGE_LOOP('',(#2755,#2756,#2757,#2758));
#501=EDGE_LOOP('',(#2759,#2760,#2761,#2762));
#502=EDGE_LOOP('',(#2763,#2764,#2765,#2766));
#503=EDGE_LOOP('',(#2767,#2768,#2769,#2770));
#504=EDGE_LOOP('',(#2771,#2772,#2773,#2774));
#505=EDGE_LOOP('',(#2775,#2776,#2777,#2778));
#506=EDGE_LOOP('',(#2779,#2780,#2781,#2782));
#507=EDGE_LOOP('',(#2783,#2784,#2785,#2786));
#508=EDGE_LOOP('',(#2787,#2788,#2789,#2790));
#509=EDGE_LOOP('',(#2791,#2792,#2793,#2794));
#510=EDGE_LOOP('',(#2795,#2796,#2797,#2798));
#511=EDGE_LOOP('',(#2799,#2800,#2801,#2802));
#512=EDGE_LOOP('',(#2803,#2804,#2805,#2806));
#513=EDGE_LOOP('',(#2807,#2808,#2809,#2810));
#514=EDGE_LOOP('',(#2811,#2812,#2813,#2814));
#515=EDGE_LOOP('',(#2815,#2816,#2817,#2818));
#516=EDGE_LOOP('',(#2819,#2820,#2821,#2822));
#517=EDGE_LOOP('',(#2823,#2824,#2825,#2826));
#518=EDGE_LOOP('',(#2827,#2828,#2829,#2830));
#519=EDGE_LOOP('',(#2831,#2832,#2833,#2834));
#520=EDGE_LOOP('',(#2835,#2836,#2837,#2838));
#521=EDGE_LOOP('',(#2839,#2840,#2841,#2842));
#522=EDGE_LOOP('',(#2843,#2844,#2845,#2846));
#523=EDGE_LOOP('',(#2847,#2848,#2849,#2850));
#524=EDGE_LOOP('',(#2851,#2852,#2853,#2854));
#525=EDGE_LOOP('',(#2855,#2856,#2857,#2858,#2859,#2860,#2861,#2862,#2863,
#2864,#2865,#2866,#2867,#2868,#2869,#2870,#2871));
#526=EDGE_LOOP('',(#2872));
#527=EDGE_LOOP('',(#2873));
#528=EDGE_LOOP('',(#2874));
#529=EDGE_LOOP('',(#2875));
#530=EDGE_LOOP('',(#2876));
#531=EDGE_LOOP('',(#2877));
#532=EDGE_LOOP('',(#2878,#2879,#2880,#2881,#2882,#2883));
#533=EDGE_LOOP('',(#2884,#2885,#2886,#2887));
#534=EDGE_LOOP('',(#2888,#2889,#2890,#2891,#2892,#2893,#2894,#2895,#2896,
#2897,#2898,#2899,#2900,#2901,#2902,#2903,#2904,#2905,#2906,#2907,#2908,
#2909,#2910,#2911,#2912,#2913,#2914,#2915,#2916,#2917,#2918,#2919,#2920,
#2921,#2922,#2923,#2924));
#535=EDGE_LOOP('',(#2925,#2926,#2927,#2928,#2929,#2930,#2931,#2932,#2933,
#2934,#2935));
#536=EDGE_LOOP('',(#2936,#2937,#2938,#2939,#2940,#2941,#2942,#2943));
#537=EDGE_LOOP('',(#2944,#2945,#2946,#2947,#2948,#2949,#2950,#2951));
#538=EDGE_LOOP('',(#2952,#2953,#2954,#2955));
#539=EDGE_LOOP('',(#2956,#2957,#2958,#2959,#2960,#2961,#2962,#2963,#2964,
#2965,#2966,#2967,#2968,#2969,#2970,#2971,#2972,#2973,#2974,#2975,#2976,
#2977,#2978,#2979,#2980,#2981,#2982,#2983,#2984,#2985,#2986,#2987,#2988,
#2989,#2990,#2991,#2992,#2993,#2994,#2995,#2996,#2997,#2998,#2999,#3000,
#3001,#3002,#3003,#3004,#3005,#3006,#3007,#3008,#3009,#3010,#3011,#3012,
#3013,#3014));
#540=EDGE_LOOP('',(#3015));
#541=EDGE_LOOP('',(#3016));
#542=EDGE_LOOP('',(#3017));
#543=EDGE_LOOP('',(#3018));
#544=EDGE_LOOP('',(#3019,#3020,#3021,#3022,#3023,#3024,#3025,#3026));
#545=ELLIPSE('',#3297,1.00244189808117,1.);
#546=ELLIPSE('',#3305,4.03931029007447,4.);
#547=ELLIPSE('',#3306,5.03150351480564,5.);
#548=ELLIPSE('',#3310,4.03931029007447,4.);
#549=ELLIPSE('',#3311,5.03150351480564,5.);
#550=ELLIPSE('',#3319,1.00244189808118,1.);
#551=ELLIPSE('',#3323,5.03150351480565,5.);
#552=ELLIPSE('',#3324,4.03931029007448,4.);
#553=ELLIPSE('',#3328,5.03150351480565,5.);
#554=ELLIPSE('',#3329,4.03931029007448,4.);
#555=ELLIPSE('',#3332,6.10387294380728,5.);
#556=ELLIPSE('',#3335,6.10387294380728,5.);
#557=ELLIPSE('',#3339,3.33243098931145,3.3);
#558=ELLIPSE('',#3340,3.33243098931145,3.3);
#559=ELLIPSE('',#3377,1.55572382686041,1.);
#560=ELLIPSE('',#3378,1.55572382686041,1.);
#561=ELLIPSE('',#3381,1.55572382686041,1.);
#562=ELLIPSE('',#3382,1.55572382686041,1.);
#563=ELLIPSE('',#3462,3.33243098931144,3.3);
#564=ELLIPSE('',#3463,3.33243098931144,3.3);
#565=CIRCLE('',#3296,1.00000000000001);
#566=CIRCLE('',#3299,1.00000000000001);
#567=CIRCLE('',#3300,50.);
#568=CIRCLE('',#3301,49.);
#569=CIRCLE('',#3303,1.00000000000001);
#570=CIRCLE('',#3304,0.999999999999996);
#571=CIRCLE('',#3308,0.999999999999996);
#572=CIRCLE('',#3309,1.);
#573=CIRCLE('',#3313,0.999999999999999);
#574=CIRCLE('',#3315,1.00000000000001);
#575=CIRCLE('',#3316,50.);
#576=CIRCLE('',#3317,49.);
#577=CIRCLE('',#3321,1.);
#578=CIRCLE('',#3322,0.999999999999994);
#579=CIRCLE('',#3326,1.);
#580=CIRCLE('',#3327,0.999999999999996);
#581=CIRCLE('',#3346,0.5);
#582=CIRCLE('',#3347,0.5);
#583=CIRCLE('',#3349,0.5);
#584=CIRCLE('',#3350,0.5);
#585=CIRCLE('',#3353,0.5);
#586=CIRCLE('',#3354,0.5);
#587=CIRCLE('',#3365,2.5);
#588=CIRCLE('',#3366,1.8);
#589=CIRCLE('',#3369,2.5);
#590=CIRCLE('',#3370,1.8);
#591=CIRCLE('',#3372,0.85);
#592=CIRCLE('',#3373,0.850000000000002);
#593=CIRCLE('',#3374,0.85);
#594=CIRCLE('',#3375,0.850000000000001);
#595=CIRCLE('',#3388,2.);
#596=CIRCLE('',#3389,2.);
#597=CIRCLE('',#3392,10.7);
#598=CIRCLE('',#3393,5.50000000000001);
#599=CIRCLE('',#3395,0.850000000000001);
#600=CIRCLE('',#3397,0.85);
#601=CIRCLE('',#3399,0.850000000000002);
#602=CIRCLE('',#3401,0.85);
#603=CIRCLE('',#3403,10.7);
#604=CIRCLE('',#3405,5.);
#605=CIRCLE('',#3406,3.);
#606=CIRCLE('',#3409,5.);
#607=CIRCLE('',#3410,3.);
#608=CIRCLE('',#3415,5.50000000000001);
#609=CIRCLE('',#3421,0.8115);
#610=CIRCLE('',#3423,0.8115);
#611=CIRCLE('',#3425,1.65);
#612=CIRCLE('',#3427,1.65);
#613=CIRCLE('',#3429,1.65);
#614=CIRCLE('',#3431,1.65);
#615=CIRCLE('',#3433,2.);
#616=CIRCLE('',#3434,2.);
#617=CIRCLE('',#3435,2.);
#618=CIRCLE('',#3436,2.);
#619=CIRCLE('',#3437,2.);
#620=CIRCLE('',#3438,2.);
#621=CIRCLE('',#3439,2.);
#622=CIRCLE('',#3440,2.);
#623=CIRCLE('',#3441,2.);
#624=CIRCLE('',#3442,2.);
#625=CIRCLE('',#3443,2.);
#626=CIRCLE('',#3444,2.);
#627=CIRCLE('',#3445,2.);
#628=CIRCLE('',#3447,2.);
#629=CIRCLE('',#3448,2.);
#630=CIRCLE('',#3449,2.);
#631=CIRCLE('',#3450,2.);
#632=CIRCLE('',#3452,1.03775);
#633=CIRCLE('',#3454,1.03775);
#634=CIRCLE('',#3456,1.03775);
#635=CIRCLE('',#3458,1.03775);
#636=CIRCLE('',#3460,50.);
#637=CIRCLE('',#3465,50.);
#638=CIRCLE('',#3468,0.8115);
#639=CIRCLE('',#3470,0.8115);
#640=CIRCLE('',#3472,1.65);
#641=CIRCLE('',#3474,1.65);
#642=CIRCLE('',#3476,1.65);
#643=CIRCLE('',#3478,1.65);
#644=CIRCLE('',#3480,2.);
#645=CIRCLE('',#3483,2.);
#646=CIRCLE('',#3486,2.);
#647=CIRCLE('',#3489,2.);
#648=CIRCLE('',#3493,2.);
#649=CIRCLE('',#3496,2.);
#650=CIRCLE('',#3499,2.);
#651=CIRCLE('',#3502,2.);
#652=CIRCLE('',#3504,2.);
#653=CIRCLE('',#3507,2.);
#654=CIRCLE('',#3510,2.);
#655=CIRCLE('',#3514,2.);
#656=CIRCLE('',#3517,2.);
#657=CIRCLE('',#3520,2.);
#658=CIRCLE('',#3523,2.);
#659=CIRCLE('',#3526,2.);
#660=CIRCLE('',#3529,2.);
#661=CIRCLE('',#3532,1.03775);
#662=CIRCLE('',#3534,1.03775);
#663=CIRCLE('',#3536,1.03775);
#664=CIRCLE('',#3538,1.03775);
#665=CIRCLE('',#3540,3.3);
#666=CIRCLE('',#3543,3.3);
#667=CIRCLE('',#3546,3.3);
#668=CIRCLE('',#3549,3.3);
#669=CIRCLE('',#3551,2.);
#670=CIRCLE('',#3552,2.);
#671=CIRCLE('',#3555,3.);
#672=CIRCLE('',#3556,3.);
#673=CIRCLE('',#3559,2.);
#674=CIRCLE('',#3560,2.);
#675=CIRCLE('',#3563,1.);
#676=CIRCLE('',#3564,1.);
#677=CIRCLE('',#3567,1.);
#678=CIRCLE('',#3568,1.);
#679=CIRCLE('',#3573,1.);
#680=CIRCLE('',#3574,1.);
#681=CIRCLE('',#3577,1.);
#682=CIRCLE('',#3578,1.);
#683=CIRCLE('',#3582,2.);
#684=CIRCLE('',#3583,2.);
#685=CIRCLE('',#3587,2.);
#686=CIRCLE('',#3588,2.);
#687=CIRCLE('',#3591,2.);
#688=CIRCLE('',#3592,2.);
#689=CIRCLE('',#3596,1.);
#690=CIRCLE('',#3597,1.);
#691=CIRCLE('',#3600,1.);
#692=CIRCLE('',#3601,1.);
#693=CIRCLE('',#3606,1.);
#694=CIRCLE('',#3607,1.);
#695=CIRCLE('',#3610,1.);
#696=CIRCLE('',#3611,1.);
#697=CIRCLE('',#3615,2.);
#698=CIRCLE('',#3616,2.);
#699=CIRCLE('',#3619,2.);
#700=CIRCLE('',#3620,2.);
#701=CIRCLE('',#3622,2.);
#702=CIRCLE('',#3625,2.);
#703=LINE('',#4612,#1012);
#704=LINE('',#4616,#1013);
#705=LINE('',#4628,#1014);
#706=LINE('',#4629,#1015);
#707=LINE('',#4669,#1016);
#708=LINE('',#4670,#1017);
#709=LINE('',#4705,#1018);
#710=LINE('',#4706,#1019);
#711=LINE('',#4715,#1020);
#712=LINE('',#4717,#1021);
#713=LINE('',#4721,#1022);
#714=LINE('',#4724,#1023);
#715=LINE('',#4764,#1024);
#716=LINE('',#4765,#1025);
#717=LINE('',#4797,#1026);
#718=LINE('',#4798,#1027);
#719=LINE('',#4801,#1028);
#720=LINE('',#4804,#1029);
#721=LINE('',#4807,#1030);
#722=LINE('',#4808,#1031);
#723=LINE('',#4811,#1032);
#724=LINE('',#4815,#1033);
#725=LINE('',#4817,#1034);
#726=LINE('',#4818,#1035);
#727=LINE('',#4821,#1036);
#728=LINE('',#4823,#1037);
#729=LINE('',#4824,#1038);
#730=LINE('',#4827,#1039);
#731=LINE('',#4829,#1040);
#732=LINE('',#4833,#1041);
#733=LINE('',#4836,#1042);
#734=LINE('',#4839,#1043);
#735=LINE('',#4840,#1044);
#736=LINE('',#4844,#1045);
#737=LINE('',#4846,#1046);
#738=LINE('',#4848,#1047);
#739=LINE('',#4849,#1048);
#740=LINE('',#4853,#1049);
#741=LINE('',#4855,#1050);
#742=LINE('',#4857,#1051);
#743=LINE('',#4858,#1052);
#744=LINE('',#4862,#1053);
#745=LINE('',#4864,#1054);
#746=LINE('',#4866,#1055);
#747=LINE('',#4867,#1056);
#748=LINE('',#4872,#1057);
#749=LINE('',#4878,#1058);
#750=LINE('',#4882,#1059);
#751=LINE('',#4883,#1060);
#752=LINE('',#4888,#1061);
#753=LINE('',#4892,#1062);
#754=LINE('',#4894,#1063);
#755=LINE('',#4895,#1064);
#756=LINE('',#4897,#1065);
#757=LINE('',#4898,#1066);
#758=LINE('',#4902,#1067);
#759=LINE('',#4903,#1068);
#760=LINE('',#4905,#1069);
#761=LINE('',#4908,#1070);
#762=LINE('',#4910,#1071);
#763=LINE('',#4911,#1072);
#764=LINE('',#4913,#1073);
#765=LINE('',#4914,#1074);
#766=LINE('',#4919,#1075);
#767=LINE('',#4921,#1076);
#768=LINE('',#4923,#1077);
#769=LINE('',#4924,#1078);
#770=LINE('',#4928,#1079);
#771=LINE('',#4934,#1080);
#772=LINE('',#4935,#1081);
#773=LINE('',#4936,#1082);
#774=LINE('',#4954,#1083);
#775=LINE('',#4957,#1084);
#776=LINE('',#4960,#1085);
#777=LINE('',#4962,#1086);
#778=LINE('',#4964,#1087);
#779=LINE('',#4965,#1088);
#780=LINE('',#4971,#1089);
#781=LINE('',#4974,#1090);
#782=LINE('',#4976,#1091);
#783=LINE('',#4977,#1092);
#784=LINE('',#4980,#1093);
#785=LINE('',#4982,#1094);
#786=LINE('',#4983,#1095);
#787=LINE('',#4986,#1096);
#788=LINE('',#4988,#1097);
#789=LINE('',#4989,#1098);
#790=LINE('',#4992,#1099);
#791=LINE('',#4994,#1100);
#792=LINE('',#4995,#1101);
#793=LINE('',#5001,#1102);
#794=LINE('',#5004,#1103);
#795=LINE('',#5006,#1104);
#796=LINE('',#5007,#1105);
#797=LINE('',#5016,#1106);
#798=LINE('',#5020,#1107);
#799=LINE('',#5024,#1108);
#800=LINE('',#5028,#1109);
#801=LINE('',#5032,#1110);
#802=LINE('',#5036,#1111);
#803=LINE('',#5040,#1112);
#804=LINE('',#5044,#1113);
#805=LINE('',#5046,#1114);
#806=LINE('',#5047,#1115);
#807=LINE('',#5050,#1116);
#808=LINE('',#5055,#1117);
#809=LINE('',#5056,#1118);
#810=LINE('',#5059,#1119);
#811=LINE('',#5061,#1120);
#812=LINE('',#5062,#1121);
#813=LINE('',#5064,#1122);
#814=LINE('',#5065,#1123);
#815=LINE('',#5068,#1124);
#816=LINE('',#5071,#1125);
#817=LINE('',#5073,#1126);
#818=LINE('',#5075,#1127);
#819=LINE('',#5098,#1128);
#820=LINE('',#5102,#1129);
#821=LINE('',#5106,#1130);
#822=LINE('',#5110,#1131);
#823=LINE('',#5114,#1132);
#824=LINE('',#5118,#1133);
#825=LINE('',#5122,#1134);
#826=LINE('',#5126,#1135);
#827=LINE('',#5130,#1136);
#828=LINE('',#5134,#1137);
#829=LINE('',#5136,#1138);
#830=LINE('',#5140,#1139);
#831=LINE('',#5144,#1140);
#832=LINE('',#5148,#1141);
#833=LINE('',#5155,#1142);
#834=LINE('',#5159,#1143);
#835=LINE('',#5163,#1144);
#836=LINE('',#5166,#1145);
#837=LINE('',#5181,#1146);
#838=LINE('',#5185,#1147);
#839=LINE('',#5187,#1148);
#840=LINE('',#5191,#1149);
#841=LINE('',#5194,#1150);
#842=LINE('',#5200,#1151);
#843=LINE('',#5202,#1152);
#844=LINE('',#5203,#1153);
#845=LINE('',#5205,#1154);
#846=LINE('',#5207,#1155);
#847=LINE('',#5209,#1156);
#848=LINE('',#5210,#1157);
#849=LINE('',#5214,#1158);
#850=LINE('',#5218,#1159);
#851=LINE('',#5222,#1160);
#852=LINE('',#5226,#1161);
#853=LINE('',#5230,#1162);
#854=LINE('',#5234,#1163);
#855=LINE('',#5239,#1164);
#856=LINE('',#5240,#1165);
#857=LINE('',#5243,#1166);
#858=LINE('',#5244,#1167);
#859=LINE('',#5248,#1168);
#860=LINE('',#5251,#1169);
#861=LINE('',#5252,#1170);
#862=LINE('',#5256,#1171);
#863=LINE('',#5259,#1172);
#864=LINE('',#5260,#1173);
#865=LINE('',#5264,#1174);
#866=LINE('',#5266,#1175);
#867=LINE('',#5270,#1176);
#868=LINE('',#5271,#1177);
#869=LINE('',#5272,#1178);
#870=LINE('',#5276,#1179);
#871=LINE('',#5279,#1180);
#872=LINE('',#5280,#1181);
#873=LINE('',#5284,#1182);
#874=LINE('',#5287,#1183);
#875=LINE('',#5288,#1184);
#876=LINE('',#5292,#1185);
#877=LINE('',#5295,#1186);
#878=LINE('',#5296,#1187);
#879=LINE('',#5303,#1188);
#880=LINE('',#5304,#1189);
#881=LINE('',#5307,#1190);
#882=LINE('',#5308,#1191);
#883=LINE('',#5312,#1192);
#884=LINE('',#5315,#1193);
#885=LINE('',#5316,#1194);
#886=LINE('',#5320,#1195);
#887=LINE('',#5323,#1196);
#888=LINE('',#5324,#1197);
#889=LINE('',#5327,#1198);
#890=LINE('',#5328,#1199);
#891=LINE('',#5332,#1200);
#892=LINE('',#5335,#1201);
#893=LINE('',#5336,#1202);
#894=LINE('',#5340,#1203);
#895=LINE('',#5342,#1204);
#896=LINE('',#5345,#1205);
#897=LINE('',#5348,#1206);
#898=LINE('',#5351,#1207);
#899=LINE('',#5352,#1208);
#900=LINE('',#5356,#1209);
#901=LINE('',#5359,#1210);
#902=LINE('',#5360,#1211);
#903=LINE('',#5364,#1212);
#904=LINE('',#5367,#1213);
#905=LINE('',#5368,#1214);
#906=LINE('',#5372,#1215);
#907=LINE('',#5374,#1216);
#908=LINE('',#5378,#1217);
#909=LINE('',#5382,#1218);
#910=LINE('',#5386,#1219);
#911=LINE('',#5390,#1220);
#912=LINE('',#5394,#1221);
#913=LINE('',#5397,#1222);
#914=LINE('',#5398,#1223);
#915=LINE('',#5402,#1224);
#916=LINE('',#5405,#1225);
#917=LINE('',#5406,#1226);
#918=LINE('',#5410,#1227);
#919=LINE('',#5413,#1228);
#920=LINE('',#5414,#1229);
#921=LINE('',#5422,#1230);
#922=LINE('',#5425,#1231);
#923=LINE('',#5427,#1232);
#924=LINE('',#5428,#1233);
#925=LINE('',#5433,#1234);
#926=LINE('',#5438,#1235);
#927=LINE('',#5439,#1236);
#928=LINE('',#5440,#1237);
#929=LINE('',#5446,#1238);
#930=LINE('',#5450,#1239);
#931=LINE('',#5451,#1240);
#932=LINE('',#5452,#1241);
#933=LINE('',#5456,#1242);
#934=LINE('',#5460,#1243);
#935=LINE('',#5465,#1244);
#936=LINE('',#5466,#1245);
#937=LINE('',#5467,#1246);
#938=LINE('',#5472,#1247);
#939=LINE('',#5476,#1248);
#940=LINE('',#5478,#1249);
#941=LINE('',#5479,#1250);
#942=LINE('',#5482,#1251);
#943=LINE('',#5484,#1252);
#944=LINE('',#5485,#1253);
#945=LINE('',#5489,#1254);
#946=LINE('',#5490,#1255);
#947=LINE('',#5491,#1256);
#948=LINE('',#5496,#1257);
#949=LINE('',#5501,#1258);
#950=LINE('',#5502,#1259);
#951=LINE('',#5503,#1260);
#952=LINE('',#5508,#1261);
#953=LINE('',#5512,#1262);
#954=LINE('',#5514,#1263);
#955=LINE('',#5515,#1264);
#956=LINE('',#5519,#1265);
#957=LINE('',#5520,#1266);
#958=LINE('',#5521,#1267);
#959=LINE('',#5526,#1268);
#960=LINE('',#5530,#1269);
#961=LINE('',#5532,#1270);
#962=LINE('',#5533,#1271);
#963=LINE('',#5537,#1272);
#964=LINE('',#5538,#1273);
#965=LINE('',#5539,#1274);
#966=LINE('',#5544,#1275);
#967=LINE('',#5548,#1276);
#968=LINE('',#5550,#1277);
#969=LINE('',#5551,#1278);
#970=LINE('',#5556,#1279);
#971=LINE('',#5560,#1280);
#972=LINE('',#5562,#1281);
#973=LINE('',#5563,#1282);
#974=LINE('',#5567,#1283);
#975=LINE('',#5568,#1284);
#976=LINE('',#5569,#1285);
#977=LINE('',#5574,#1286);
#978=LINE('',#5579,#1287);
#979=LINE('',#5580,#1288);
#980=LINE('',#5581,#1289);
#981=LINE('',#5586,#1290);
#982=LINE('',#5590,#1291);
#983=LINE('',#5592,#1292);
#984=LINE('',#5593,#1293);
#985=LINE('',#5596,#1294);
#986=LINE('',#5598,#1295);
#987=LINE('',#5599,#1296);
#988=LINE('',#5603,#1297);
#989=LINE('',#5604,#1298);
#990=LINE('',#5605,#1299);
#991=LINE('',#5610,#1300);
#992=LINE('',#5614,#1301);
#993=LINE('',#5616,#1302);
#994=LINE('',#5617,#1303);
#995=LINE('',#5622,#1304);
#996=LINE('',#5626,#1305);
#997=LINE('',#5628,#1306);
#998=LINE('',#5629,#1307);
#999=LINE('',#5633,#1308);
#1000=LINE('',#5634,#1309);
#1001=LINE('',#5635,#1310);
#1002=LINE('',#5640,#1311);
#1003=LINE('',#5644,#1312);
#1004=LINE('',#5646,#1313);
#1005=LINE('',#5647,#1314);
#1006=LINE('',#5652,#1315);
#1007=LINE('',#5655,#1316);
#1008=LINE('',#5658,#1317);
#1009=LINE('',#5659,#1318);
#1010=LINE('',#5663,#1319);
#1011=LINE('',#5665,#1320);
#1012=VECTOR('',#3633,10.);
#1013=VECTOR('',#3636,10.);
#1014=VECTOR('',#3651,10.);
#1015=VECTOR('',#3652,10.);
#1016=VECTOR('',#3663,10.);
#1017=VECTOR('',#3664,10.);
#1018=VECTOR('',#3675,10.);
#1019=VECTOR('',#3676,10.);
#1020=VECTOR('',#3687,10.);
#1021=VECTOR('',#3688,10.);
#1022=VECTOR('',#3693,10.);
#1023=VECTOR('',#3696,10.);
#1024=VECTOR('',#3707,10.);
#1025=VECTOR('',#3708,10.);
#1026=VECTOR('',#3717,10.);
#1027=VECTOR('',#3718,10.);
#1028=VECTOR('',#3721,10.);
#1029=VECTOR('',#3724,10.);
#1030=VECTOR('',#3727,10.);
#1031=VECTOR('',#3728,10.);
#1032=VECTOR('',#3731,10.);
#1033=VECTOR('',#3736,10.);
#1034=VECTOR('',#3737,10.);
#1035=VECTOR('',#3738,10.);
#1036=VECTOR('',#3741,10.);
#1037=VECTOR('',#3742,10.);
#1038=VECTOR('',#3743,10.);
#1039=VECTOR('',#3746,10.);
#1040=VECTOR('',#3747,10.);
#1041=VECTOR('',#3750,10.);
#1042=VECTOR('',#3753,10.);
#1043=VECTOR('',#3756,10.);
#1044=VECTOR('',#3757,10.);
#1045=VECTOR('',#3760,10.);
#1046=VECTOR('',#3761,10.);
#1047=VECTOR('',#3762,10.);
#1048=VECTOR('',#3763,10.);
#1049=VECTOR('',#3766,10.);
#1050=VECTOR('',#3767,10.);
#1051=VECTOR('',#3768,10.);
#1052=VECTOR('',#3769,10.);
#1053=VECTOR('',#3772,10.);
#1054=VECTOR('',#3773,10.);
#1055=VECTOR('',#3774,10.);
#1056=VECTOR('',#3775,10.);
#1057=VECTOR('',#3780,10.);
#1058=VECTOR('',#3787,10.);
#1059=VECTOR('',#3792,10.);
#1060=VECTOR('',#3793,10.);
#1061=VECTOR('',#3798,10.);
#1062=VECTOR('',#3803,10.);
#1063=VECTOR('',#3804,10.);
#1064=VECTOR('',#3805,10.);
#1065=VECTOR('',#3808,10.);
#1066=VECTOR('',#3809,10.);
#1067=VECTOR('',#3814,10.);
#1068=VECTOR('',#3815,10.);
#1069=VECTOR('',#3818,10.);
#1070=VECTOR('',#3821,10.);
#1071=VECTOR('',#3822,10.);
#1072=VECTOR('',#3823,10.);
#1073=VECTOR('',#3826,10.);
#1074=VECTOR('',#3827,10.);
#1075=VECTOR('',#3832,10.);
#1076=VECTOR('',#3833,10.);
#1077=VECTOR('',#3834,10.);
#1078=VECTOR('',#3835,10.);
#1079=VECTOR('',#3838,10.);
#1080=VECTOR('',#3845,10.);
#1081=VECTOR('',#3846,10.);
#1082=VECTOR('',#3847,10.);
#1083=VECTOR('',#3868,10.);
#1084=VECTOR('',#3871,10.);
#1085=VECTOR('',#3874,10.);
#1086=VECTOR('',#3875,10.);
#1087=VECTOR('',#3876,10.);
#1088=VECTOR('',#3877,10.);
#1089=VECTOR('',#3882,10.);
#1090=VECTOR('',#3885,10.);
#1091=VECTOR('',#3888,10.);
#1092=VECTOR('',#3889,10.);
#1093=VECTOR('',#3892,10.);
#1094=VECTOR('',#3893,10.);
#1095=VECTOR('',#3894,10.);
#1096=VECTOR('',#3897,10.);
#1097=VECTOR('',#3898,10.);
#1098=VECTOR('',#3899,10.);
#1099=VECTOR('',#3902,10.);
#1100=VECTOR('',#3903,10.);
#1101=VECTOR('',#3904,10.);
#1102=VECTOR('',#3911,10.);
#1103=VECTOR('',#3914,10.);
#1104=VECTOR('',#3915,10.);
#1105=VECTOR('',#3916,10.);
#1106=VECTOR('',#3927,0.750000000000001);
#1107=VECTOR('',#3932,0.75);
#1108=VECTOR('',#3937,0.750000000000002);
#1109=VECTOR('',#3942,0.75);
#1110=VECTOR('',#3947,10.);
#1111=VECTOR('',#3950,10.);
#1112=VECTOR('',#3953,10.);
#1113=VECTOR('',#3958,10.);
#1114=VECTOR('',#3959,10.);
#1115=VECTOR('',#3960,10.);
#1116=VECTOR('',#3963,10.);
#1117=VECTOR('',#3970,10.);
#1118=VECTOR('',#3971,10.);
#1119=VECTOR('',#3974,10.);
#1120=VECTOR('',#3975,10.);
#1121=VECTOR('',#3976,10.);
#1122=VECTOR('',#3979,10.);
#1123=VECTOR('',#3980,10.);
#1124=VECTOR('',#3983,5.50000000000001);
#1125=VECTOR('',#3988,10.);
#1126=VECTOR('',#3991,10.);
#1127=VECTOR('',#3994,10.);
#1128=VECTOR('',#4023,10.);
#1129=VECTOR('',#4026,10.);
#1130=VECTOR('',#4029,10.);
#1131=VECTOR('',#4032,10.);
#1132=VECTOR('',#4035,10.);
#1133=VECTOR('',#4038,10.);
#1134=VECTOR('',#4041,10.);
#1135=VECTOR('',#4044,10.);
#1136=VECTOR('',#4047,10.);
#1137=VECTOR('',#4050,10.);
#1138=VECTOR('',#4051,10.);
#1139=VECTOR('',#4054,10.);
#1140=VECTOR('',#4057,10.);
#1141=VECTOR('',#4060,10.);
#1142=VECTOR('',#4067,10.);
#1143=VECTOR('',#4070,10.);
#1144=VECTOR('',#4073,10.);
#1145=VECTOR('',#4076,10.);
#1146=VECTOR('',#4095,10.);
#1147=VECTOR('',#4100,10.);
#1148=VECTOR('',#4101,10.);
#1149=VECTOR('',#4104,10.);
#1150=VECTOR('',#4107,10.);
#1151=VECTOR('',#4114,10.);
#1152=VECTOR('',#4115,10.);
#1153=VECTOR('',#4116,10.);
#1154=VECTOR('',#4117,10.);
#1155=VECTOR('',#4118,10.);
#1156=VECTOR('',#4119,10.);
#1157=VECTOR('',#4120,10.);
#1158=VECTOR('',#4125,0.8115);
#1159=VECTOR('',#4130,0.8115);
#1160=VECTOR('',#4135,1.5);
#1161=VECTOR('',#4140,1.5);
#1162=VECTOR('',#4145,1.5);
#1163=VECTOR('',#4150,1.5);
#1164=VECTOR('',#4155,10.);
#1165=VECTOR('',#4156,10.);
#1166=VECTOR('',#4159,10.);
#1167=VECTOR('',#4160,10.);
#1168=VECTOR('',#4165,10.);
#1169=VECTOR('',#4168,10.);
#1170=VECTOR('',#4169,10.);
#1171=VECTOR('',#4174,10.);
#1172=VECTOR('',#4177,10.);
#1173=VECTOR('',#4178,10.);
#1174=VECTOR('',#4183,10.);
#1175=VECTOR('',#4186,10.);
#1176=VECTOR('',#4189,10.);
#1177=VECTOR('',#4190,10.);
#1178=VECTOR('',#4191,10.);
#1179=VECTOR('',#4196,10.);
#1180=VECTOR('',#4199,10.);
#1181=VECTOR('',#4200,10.);
#1182=VECTOR('',#4205,10.);
#1183=VECTOR('',#4208,10.);
#1184=VECTOR('',#4209,10.);
#1185=VECTOR('',#4214,10.);
#1186=VECTOR('',#4217,10.);
#1187=VECTOR('',#4218,10.);
#1188=VECTOR('',#4227,10.);
#1189=VECTOR('',#4228,10.);
#1190=VECTOR('',#4231,10.);
#1191=VECTOR('',#4232,10.);
#1192=VECTOR('',#4237,10.);
#1193=VECTOR('',#4240,10.);
#1194=VECTOR('',#4241,10.);
#1195=VECTOR('',#4246,10.);
#1196=VECTOR('',#4249,10.);
#1197=VECTOR('',#4250,10.);
#1198=VECTOR('',#4253,10.);
#1199=VECTOR('',#4254,10.);
#1200=VECTOR('',#4259,10.);
#1201=VECTOR('',#4262,10.);
#1202=VECTOR('',#4263,10.);
#1203=VECTOR('',#4268,10.);
#1204=VECTOR('',#4271,10.);
#1205=VECTOR('',#4274,10.);
#1206=VECTOR('',#4277,10.);
#1207=VECTOR('',#4280,10.);
#1208=VECTOR('',#4281,10.);
#1209=VECTOR('',#4286,10.);
#1210=VECTOR('',#4289,10.);
#1211=VECTOR('',#4290,10.);
#1212=VECTOR('',#4295,10.);
#1213=VECTOR('',#4298,10.);
#1214=VECTOR('',#4299,10.);
#1215=VECTOR('',#4304,10.);
#1216=VECTOR('',#4307,10.);
#1217=VECTOR('',#4312,1.038);
#1218=VECTOR('',#4317,1.038);
#1219=VECTOR('',#4322,1.038);
#1220=VECTOR('',#4327,1.038);
#1221=VECTOR('',#4332,10.);
#1222=VECTOR('',#4335,10.);
#1223=VECTOR('',#4336,10.);
#1224=VECTOR('',#4341,10.);
#1225=VECTOR('',#4344,10.);
#1226=VECTOR('',#4345,10.);
#1227=VECTOR('',#4350,10.);
#1228=VECTOR('',#4353,10.);
#1229=VECTOR('',#4354,10.);
#1230=VECTOR('',#4365,10.);
#1231=VECTOR('',#4368,10.);
#1232=VECTOR('',#4369,10.);
#1233=VECTOR('',#4370,10.);
#1234=VECTOR('',#4375,10.);
#1235=VECTOR('',#4380,10.);
#1236=VECTOR('',#4381,10.);
#1237=VECTOR('',#4382,10.);
#1238=VECTOR('',#4389,10.);
#1239=VECTOR('',#4392,10.);
#1240=VECTOR('',#4393,10.);
#1241=VECTOR('',#4394,10.);
#1242=VECTOR('',#4397,10.);
#1243=VECTOR('',#4400,10.);
#1244=VECTOR('',#4405,10.);
#1245=VECTOR('',#4406,10.);
#1246=VECTOR('',#4407,10.);
#1247=VECTOR('',#4412,10.);
#1248=VECTOR('',#4417,10.);
#1249=VECTOR('',#4418,10.);
#1250=VECTOR('',#4419,10.);
#1251=VECTOR('',#4422,10.);
#1252=VECTOR('',#4423,10.);
#1253=VECTOR('',#4424,10.);
#1254=VECTOR('',#4427,10.);
#1255=VECTOR('',#4428,10.);
#1256=VECTOR('',#4429,10.);
#1257=VECTOR('',#4434,10.);
#1258=VECTOR('',#4439,10.);
#1259=VECTOR('',#4440,10.);
#1260=VECTOR('',#4441,10.);
#1261=VECTOR('',#4446,10.);
#1262=VECTOR('',#4451,10.);
#1263=VECTOR('',#4452,10.);
#1264=VECTOR('',#4453,10.);
#1265=VECTOR('',#4456,10.);
#1266=VECTOR('',#4457,10.);
#1267=VECTOR('',#4458,10.);
#1268=VECTOR('',#4463,10.);
#1269=VECTOR('',#4468,10.);
#1270=VECTOR('',#4469,10.);
#1271=VECTOR('',#4470,10.);
#1272=VECTOR('',#4473,10.);
#1273=VECTOR('',#4474,10.);
#1274=VECTOR('',#4475,10.);
#1275=VECTOR('',#4480,10.);
#1276=VECTOR('',#4485,10.);
#1277=VECTOR('',#4486,10.);
#1278=VECTOR('',#4487,10.);
#1279=VECTOR('',#4492,10.);
#1280=VECTOR('',#4497,10.);
#1281=VECTOR('',#4498,10.);
#1282=VECTOR('',#4499,10.);
#1283=VECTOR('',#4502,10.);
#1284=VECTOR('',#4503,10.);
#1285=VECTOR('',#4504,10.);
#1286=VECTOR('',#4509,10.);
#1287=VECTOR('',#4514,10.);
#1288=VECTOR('',#4515,10.);
#1289=VECTOR('',#4516,10.);
#1290=VECTOR('',#4521,10.);
#1291=VECTOR('',#4526,10.);
#1292=VECTOR('',#4527,10.);
#1293=VECTOR('',#4528,10.);
#1294=VECTOR('',#4531,10.);
#1295=VECTOR('',#4532,10.);
#1296=VECTOR('',#4533,10.);
#1297=VECTOR('',#4536,10.);
#1298=VECTOR('',#4537,10.);
#1299=VECTOR('',#4538,10.);
#1300=VECTOR('',#4543,10.);
#1301=VECTOR('',#4548,10.);
#1302=VECTOR('',#4549,10.);
#1303=VECTOR('',#4550,10.);
#1304=VECTOR('',#4555,10.);
#1305=VECTOR('',#4560,10.);
#1306=VECTOR('',#4561,10.);
#1307=VECTOR('',#4562,10.);
#1308=VECTOR('',#4565,10.);
#1309=VECTOR('',#4566,10.);
#1310=VECTOR('',#4567,10.);
#1311=VECTOR('',#4572,10.);
#1312=VECTOR('',#4577,10.);
#1313=VECTOR('',#4578,10.);
#1314=VECTOR('',#4579,10.);
#1315=VECTOR('',#4584,10.);
#1316=VECTOR('',#4589,10.);
#1317=VECTOR('',#4594,10.);
#1318=VECTOR('',#4595,10.);
#1319=VECTOR('',#4602,10.);
#1320=VECTOR('',#4605,10.);
#1321=VERTEX_POINT('',#4610);
#1322=VERTEX_POINT('',#4611);
#1323=VERTEX_POINT('',#4613);
#1324=VERTEX_POINT('',#4615);
#1325=VERTEX_POINT('',#4619);
#1326=VERTEX_POINT('',#4620);
#1327=VERTEX_POINT('',#4625);
#1328=VERTEX_POINT('',#4626);
#1329=VERTEX_POINT('',#4660);
#1330=VERTEX_POINT('',#4661);
#1331=VERTEX_POINT('',#4666);
#1332=VERTEX_POINT('',#4667);
#1333=VERTEX_POINT('',#4696);
#1334=VERTEX_POINT('',#4697);
#1335=VERTEX_POINT('',#4702);
#1336=VERTEX_POINT('',#4703);
#1337=VERTEX_POINT('',#4708);
#1338=VERTEX_POINT('',#4709);
#1339=VERTEX_POINT('',#4714);
#1340=VERTEX_POINT('',#4716);
#1341=VERTEX_POINT('',#4720);
#1342=VERTEX_POINT('',#4722);
#1343=VERTEX_POINT('',#4755);
#1344=VERTEX_POINT('',#4756);
#1345=VERTEX_POINT('',#4761);
#1346=VERTEX_POINT('',#4762);
#1347=VERTEX_POINT('',#4791);
#1348=VERTEX_POINT('',#4792);
#1349=VERTEX_POINT('',#4800);
#1350=VERTEX_POINT('',#4802);
#1351=VERTEX_POINT('',#4806);
#1352=VERTEX_POINT('',#4810);
#1353=VERTEX_POINT('',#4814);
#1354=VERTEX_POINT('',#4816);
#1355=VERTEX_POINT('',#4820);
#1356=VERTEX_POINT('',#4822);
#1357=VERTEX_POINT('',#4826);
#1358=VERTEX_POINT('',#4828);
#1359=VERTEX_POINT('',#4830);
#1360=VERTEX_POINT('',#4832);
#1361=VERTEX_POINT('',#4834);
#1362=VERTEX_POINT('',#4838);
#1363=VERTEX_POINT('',#4842);
#1364=VERTEX_POINT('',#4843);
#1365=VERTEX_POINT('',#4845);
#1366=VERTEX_POINT('',#4847);
#1367=VERTEX_POINT('',#4851);
#1368=VERTEX_POINT('',#4852);
#1369=VERTEX_POINT('',#4854);
#1370=VERTEX_POINT('',#4856);
#1371=VERTEX_POINT('',#4860);
#1372=VERTEX_POINT('',#4861);
#1373=VERTEX_POINT('',#4863);
#1374=VERTEX_POINT('',#4865);
#1375=VERTEX_POINT('',#4869);
#1376=VERTEX_POINT('',#4871);
#1377=VERTEX_POINT('',#4875);
#1378=VERTEX_POINT('',#4877);
#1379=VERTEX_POINT('',#4881);
#1380=VERTEX_POINT('',#4885);
#1381=VERTEX_POINT('',#4887);
#1382=VERTEX_POINT('',#4891);
#1383=VERTEX_POINT('',#4893);
#1384=VERTEX_POINT('',#4901);
#1385=VERTEX_POINT('',#4907);
#1386=VERTEX_POINT('',#4909);
#1387=VERTEX_POINT('',#4917);
#1388=VERTEX_POINT('',#4918);
#1389=VERTEX_POINT('',#4920);
#1390=VERTEX_POINT('',#4922);
#1391=VERTEX_POINT('',#4926);
#1392=VERTEX_POINT('',#4927);
#1393=VERTEX_POINT('',#4932);
#1394=VERTEX_POINT('',#4933);
#1395=VERTEX_POINT('',#4941);
#1396=VERTEX_POINT('',#4943);
#1397=VERTEX_POINT('',#4945);
#1398=VERTEX_POINT('',#4947);
#1399=VERTEX_POINT('',#4950);
#1400=VERTEX_POINT('',#4951);
#1401=VERTEX_POINT('',#4953);
#1402=VERTEX_POINT('',#4955);
#1403=VERTEX_POINT('',#4959);
#1404=VERTEX_POINT('',#4961);
#1405=VERTEX_POINT('',#4963);
#1406=VERTEX_POINT('',#4967);
#1407=VERTEX_POINT('',#4968);
#1408=VERTEX_POINT('',#4970);
#1409=VERTEX_POINT('',#4972);
#1410=VERTEX_POINT('',#4979);
#1411=VERTEX_POINT('',#4981);
#1412=VERTEX_POINT('',#4985);
#1413=VERTEX_POINT('',#4987);
#1414=VERTEX_POINT('',#4991);
#1415=VERTEX_POINT('',#4993);
#1416=VERTEX_POINT('',#4997);
#1417=VERTEX_POINT('',#4999);
#1418=VERTEX_POINT('',#5003);
#1419=VERTEX_POINT('',#5005);
#1420=VERTEX_POINT('',#5009);
#1421=VERTEX_POINT('',#5011);
#1422=VERTEX_POINT('',#5014);
#1423=VERTEX_POINT('',#5018);
#1424=VERTEX_POINT('',#5022);
#1425=VERTEX_POINT('',#5026);
#1426=VERTEX_POINT('',#5030);
#1427=VERTEX_POINT('',#5034);
#1428=VERTEX_POINT('',#5035);
#1429=VERTEX_POINT('',#5037);
#1430=VERTEX_POINT('',#5039);
#1431=VERTEX_POINT('',#5043);
#1432=VERTEX_POINT('',#5045);
#1433=VERTEX_POINT('',#5049);
#1434=VERTEX_POINT('',#5054);
#1435=VERTEX_POINT('',#5058);
#1436=VERTEX_POINT('',#5060);
#1437=VERTEX_POINT('',#5067);
#1438=VERTEX_POINT('',#5078);
#1439=VERTEX_POINT('',#5081);
#1440=VERTEX_POINT('',#5084);
#1441=VERTEX_POINT('',#5087);
#1442=VERTEX_POINT('',#5090);
#1443=VERTEX_POINT('',#5093);
#1444=VERTEX_POINT('',#5096);
#1445=VERTEX_POINT('',#5097);
#1446=VERTEX_POINT('',#5099);
#1447=VERTEX_POINT('',#5101);
#1448=VERTEX_POINT('',#5103);
#1449=VERTEX_POINT('',#5105);
#1450=VERTEX_POINT('',#5107);
#1451=VERTEX_POINT('',#5109);
#1452=VERTEX_POINT('',#5112);
#1453=VERTEX_POINT('',#5113);
#1454=VERTEX_POINT('',#5115);
#1455=VERTEX_POINT('',#5117);
#1456=VERTEX_POINT('',#5119);
#1457=VERTEX_POINT('',#5121);
#1458=VERTEX_POINT('',#5123);
#1459=VERTEX_POINT('',#5125);
#1460=VERTEX_POINT('',#5128);
#1461=VERTEX_POINT('',#5129);
#1462=VERTEX_POINT('',#5131);
#1463=VERTEX_POINT('',#5133);
#1464=VERTEX_POINT('',#5135);
#1465=VERTEX_POINT('',#5137);
#1466=VERTEX_POINT('',#5139);
#1467=VERTEX_POINT('',#5141);
#1468=VERTEX_POINT('',#5143);
#1469=VERTEX_POINT('',#5145);
#1470=VERTEX_POINT('',#5147);
#1471=VERTEX_POINT('',#5151);
#1472=VERTEX_POINT('',#5152);
#1473=VERTEX_POINT('',#5154);
#1474=VERTEX_POINT('',#5156);
#1475=VERTEX_POINT('',#5158);
#1476=VERTEX_POINT('',#5160);
#1477=VERTEX_POINT('',#5162);
#1478=VERTEX_POINT('',#5164);
#1479=VERTEX_POINT('',#5168);
#1480=VERTEX_POINT('',#5171);
#1481=VERTEX_POINT('',#5174);
#1482=VERTEX_POINT('',#5177);
#1483=VERTEX_POINT('',#5180);
#1484=VERTEX_POINT('',#5184);
#1485=VERTEX_POINT('',#5186);
#1486=VERTEX_POINT('',#5188);
#1487=VERTEX_POINT('',#5190);
#1488=VERTEX_POINT('',#5192);
#1489=VERTEX_POINT('',#5198);
#1490=VERTEX_POINT('',#5199);
#1491=VERTEX_POINT('',#5201);
#1492=VERTEX_POINT('',#5204);
#1493=VERTEX_POINT('',#5206);
#1494=VERTEX_POINT('',#5208);
#1495=VERTEX_POINT('',#5212);
#1496=VERTEX_POINT('',#5216);
#1497=VERTEX_POINT('',#5220);
#1498=VERTEX_POINT('',#5224);
#1499=VERTEX_POINT('',#5228);
#1500=VERTEX_POINT('',#5232);
#1501=VERTEX_POINT('',#5236);
#1502=VERTEX_POINT('',#5237);
#1503=VERTEX_POINT('',#5242);
#1504=VERTEX_POINT('',#5246);
#1505=VERTEX_POINT('',#5250);
#1506=VERTEX_POINT('',#5254);
#1507=VERTEX_POINT('',#5258);
#1508=VERTEX_POINT('',#5262);
#1509=VERTEX_POINT('',#5268);
#1510=VERTEX_POINT('',#5269);
#1511=VERTEX_POINT('',#5274);
#1512=VERTEX_POINT('',#5278);
#1513=VERTEX_POINT('',#5282);
#1514=VERTEX_POINT('',#5286);
#1515=VERTEX_POINT('',#5290);
#1516=VERTEX_POINT('',#5294);
#1517=VERTEX_POINT('',#5300);
#1518=VERTEX_POINT('',#5301);
#1519=VERTEX_POINT('',#5306);
#1520=VERTEX_POINT('',#5310);
#1521=VERTEX_POINT('',#5314);
#1522=VERTEX_POINT('',#5318);
#1523=VERTEX_POINT('',#5322);
#1524=VERTEX_POINT('',#5326);
#1525=VERTEX_POINT('',#5330);
#1526=VERTEX_POINT('',#5334);
#1527=VERTEX_POINT('',#5338);
#1528=VERTEX_POINT('',#5344);
#1529=VERTEX_POINT('',#5346);
#1530=VERTEX_POINT('',#5350);
#1531=VERTEX_POINT('',#5354);
#1532=VERTEX_POINT('',#5358);
#1533=VERTEX_POINT('',#5362);
#1534=VERTEX_POINT('',#5366);
#1535=VERTEX_POINT('',#5370);
#1536=VERTEX_POINT('',#5376);
#1537=VERTEX_POINT('',#5380);
#1538=VERTEX_POINT('',#5384);
#1539=VERTEX_POINT('',#5388);
#1540=VERTEX_POINT('',#5392);
#1541=VERTEX_POINT('',#5396);
#1542=VERTEX_POINT('',#5400);
#1543=VERTEX_POINT('',#5404);
#1544=VERTEX_POINT('',#5408);
#1545=VERTEX_POINT('',#5412);
#1546=VERTEX_POINT('',#5418);
#1547=VERTEX_POINT('',#5420);
#1548=VERTEX_POINT('',#5424);
#1549=VERTEX_POINT('',#5426);
#1550=VERTEX_POINT('',#5430);
#1551=VERTEX_POINT('',#5432);
#1552=VERTEX_POINT('',#5436);
#1553=VERTEX_POINT('',#5437);
#1554=VERTEX_POINT('',#5442);
#1555=VERTEX_POINT('',#5444);
#1556=VERTEX_POINT('',#5448);
#1557=VERTEX_POINT('',#5449);
#1558=VERTEX_POINT('',#5454);
#1559=VERTEX_POINT('',#5455);
#1560=VERTEX_POINT('',#5457);
#1561=VERTEX_POINT('',#5459);
#1562=VERTEX_POINT('',#5463);
#1563=VERTEX_POINT('',#5464);
#1564=VERTEX_POINT('',#5469);
#1565=VERTEX_POINT('',#5471);
#1566=VERTEX_POINT('',#5475);
#1567=VERTEX_POINT('',#5477);
#1568=VERTEX_POINT('',#5481);
#1569=VERTEX_POINT('',#5483);
#1570=VERTEX_POINT('',#5487);
#1571=VERTEX_POINT('',#5488);
#1572=VERTEX_POINT('',#5493);
#1573=VERTEX_POINT('',#5495);
#1574=VERTEX_POINT('',#5499);
#1575=VERTEX_POINT('',#5500);
#1576=VERTEX_POINT('',#5505);
#1577=VERTEX_POINT('',#5507);
#1578=VERTEX_POINT('',#5511);
#1579=VERTEX_POINT('',#5513);
#1580=VERTEX_POINT('',#5517);
#1581=VERTEX_POINT('',#5518);
#1582=VERTEX_POINT('',#5523);
#1583=VERTEX_POINT('',#5525);
#1584=VERTEX_POINT('',#5529);
#1585=VERTEX_POINT('',#5531);
#1586=VERTEX_POINT('',#5535);
#1587=VERTEX_POINT('',#5536);
#1588=VERTEX_POINT('',#5541);
#1589=VERTEX_POINT('',#5543);
#1590=VERTEX_POINT('',#5547);
#1591=VERTEX_POINT('',#5549);
#1592=VERTEX_POINT('',#5553);
#1593=VERTEX_POINT('',#5555);
#1594=VERTEX_POINT('',#5559);
#1595=VERTEX_POINT('',#5561);
#1596=VERTEX_POINT('',#5565);
#1597=VERTEX_POINT('',#5566);
#1598=VERTEX_POINT('',#5571);
#1599=VERTEX_POINT('',#5573);
#1600=VERTEX_POINT('',#5577);
#1601=VERTEX_POINT('',#5578);
#1602=VERTEX_POINT('',#5583);
#1603=VERTEX_POINT('',#5585);
#1604=VERTEX_POINT('',#5589);
#1605=VERTEX_POINT('',#5591);
#1606=VERTEX_POINT('',#5595);
#1607=VERTEX_POINT('',#5597);
#1608=VERTEX_POINT('',#5601);
#1609=VERTEX_POINT('',#5602);
#1610=VERTEX_POINT('',#5607);
#1611=VERTEX_POINT('',#5609);
#1612=VERTEX_POINT('',#5613);
#1613=VERTEX_POINT('',#5615);
#1614=VERTEX_POINT('',#5619);
#1615=VERTEX_POINT('',#5621);
#1616=VERTEX_POINT('',#5625);
#1617=VERTEX_POINT('',#5627);
#1618=VERTEX_POINT('',#5631);
#1619=VERTEX_POINT('',#5632);
#1620=VERTEX_POINT('',#5637);
#1621=VERTEX_POINT('',#5639);
#1622=VERTEX_POINT('',#5643);
#1623=VERTEX_POINT('',#5645);
#1624=VERTEX_POINT('',#5649);
#1625=VERTEX_POINT('',#5651);
#1626=EDGE_CURVE('',#1321,#1322,#703,.T.);
#1627=EDGE_CURVE('',#1322,#1323,#565,.T.);
#1628=EDGE_CURVE('',#1323,#1324,#704,.T.);
#1629=EDGE_CURVE('',#1324,#1321,#545,.T.);
#1630=EDGE_CURVE('',#1325,#1326,#566,.T.);
#1631=EDGE_CURVE('',#1326,#1323,#567,.T.);
#1632=EDGE_CURVE('',#1322,#1325,#568,.T.);
#1633=EDGE_CURVE('',#1327,#1328,#569,.T.);
#1634=EDGE_CURVE('',#1328,#1326,#705,.T.);
#1635=EDGE_CURVE('',#1325,#1327,#706,.T.);
#1636=EDGE_CURVE('',#1329,#1330,#570,.T.);
#1637=EDGE_CURVE('',#1330,#1328,#546,.T.);
#1638=EDGE_CURVE('',#1327,#1329,#547,.T.);
#1639=EDGE_CURVE('',#1331,#1332,#571,.T.);
#1640=EDGE_CURVE('',#1332,#1330,#707,.T.);
#1641=EDGE_CURVE('',#1329,#1331,#708,.T.);
#1642=EDGE_CURVE('',#1333,#1334,#572,.T.);
#1643=EDGE_CURVE('',#1334,#1332,#548,.T.);
#1644=EDGE_CURVE('',#1331,#1333,#549,.T.);
#1645=EDGE_CURVE('',#1335,#1336,#573,.T.);
#1646=EDGE_CURVE('',#1336,#1334,#709,.T.);
#1647=EDGE_CURVE('',#1333,#1335,#710,.T.);
#1648=EDGE_CURVE('',#1337,#1338,#574,.T.);
#1649=EDGE_CURVE('',#1338,#1336,#575,.T.);
#1650=EDGE_CURVE('',#1335,#1337,#576,.T.);
#1651=EDGE_CURVE('',#1339,#1338,#711,.T.);
#1652=EDGE_CURVE('',#1337,#1340,#712,.T.);
#1653=EDGE_CURVE('',#1339,#1340,#550,.T.);
#1654=EDGE_CURVE('',#1324,#1341,#713,.T.);
#1655=EDGE_CURVE('',#1341,#1342,#577,.T.);
#1656=EDGE_CURVE('',#1342,#1321,#714,.T.);
#1657=EDGE_CURVE('',#1343,#1344,#578,.T.);
#1658=EDGE_CURVE('',#1344,#1342,#551,.T.);
#1659=EDGE_CURVE('',#1341,#1343,#552,.T.);
#1660=EDGE_CURVE('',#1345,#1346,#579,.T.);
#1661=EDGE_CURVE('',#1346,#1344,#715,.T.);
#1662=EDGE_CURVE('',#1343,#1345,#716,.T.);
#1663=EDGE_CURVE('',#1347,#1348,#580,.T.);
#1664=EDGE_CURVE('',#1348,#1346,#553,.T.);
#1665=EDGE_CURVE('',#1345,#1347,#554,.T.);
#1666=EDGE_CURVE('',#1340,#1348,#717,.T.);
#1667=EDGE_CURVE('',#1347,#1339,#718,.T.);
#1668=EDGE_CURVE('',#1331,#1349,#719,.T.);
#1669=EDGE_CURVE('',#1349,#1350,#555,.T.);
#1670=EDGE_CURVE('',#1350,#1333,#720,.T.);
#1671=EDGE_CURVE('',#1351,#1329,#721,.T.);
#1672=EDGE_CURVE('',#1349,#1351,#722,.T.);
#1673=EDGE_CURVE('',#1327,#1352,#723,.T.);
#1674=EDGE_CURVE('',#1352,#1351,#556,.T.);
#1675=EDGE_CURVE('',#1353,#1342,#724,.T.);
#1676=EDGE_CURVE('',#1354,#1353,#725,.T.);
#1677=EDGE_CURVE('',#1352,#1354,#726,.T.);
#1678=EDGE_CURVE('',#1339,#1355,#727,.T.);
#1679=EDGE_CURVE('',#1355,#1356,#728,.F.);
#1680=EDGE_CURVE('',#1338,#1356,#729,.T.);
#1681=EDGE_CURVE('',#1357,#1324,#730,.T.);
#1682=EDGE_CURVE('',#1358,#1357,#731,.F.);
#1683=EDGE_CURVE('',#1359,#1358,#557,.T.);
#1684=EDGE_CURVE('',#1360,#1359,#732,.F.);
#1685=EDGE_CURVE('',#1361,#1360,#558,.T.);
#1686=EDGE_CURVE('',#1355,#1361,#733,.F.);
#1687=EDGE_CURVE('',#1362,#1323,#734,.T.);
#1688=EDGE_CURVE('',#1362,#1357,#735,.F.);
#1689=EDGE_CURVE('',#1363,#1364,#736,.T.);
#1690=EDGE_CURVE('',#1365,#1363,#737,.T.);
#1691=EDGE_CURVE('',#1365,#1366,#738,.T.);
#1692=EDGE_CURVE('',#1366,#1364,#739,.T.);
#1693=EDGE_CURVE('',#1367,#1368,#740,.T.);
#1694=EDGE_CURVE('',#1369,#1367,#741,.T.);
#1695=EDGE_CURVE('',#1369,#1370,#742,.T.);
#1696=EDGE_CURVE('',#1370,#1368,#743,.T.);
#1697=EDGE_CURVE('',#1371,#1372,#744,.T.);
#1698=EDGE_CURVE('',#1373,#1371,#745,.T.);
#1699=EDGE_CURVE('',#1373,#1374,#746,.T.);
#1700=EDGE_CURVE('',#1374,#1372,#747,.T.);
#1701=EDGE_CURVE('',#1375,#1372,#581,.T.);
#1702=EDGE_CURVE('',#1375,#1376,#748,.T.);
#1703=EDGE_CURVE('',#1376,#1371,#582,.T.);
#1704=EDGE_CURVE('',#1377,#1368,#583,.T.);
#1705=EDGE_CURVE('',#1377,#1378,#749,.T.);
#1706=EDGE_CURVE('',#1378,#1367,#584,.T.);
#1707=EDGE_CURVE('',#1379,#1370,#750,.T.);
#1708=EDGE_CURVE('',#1377,#1379,#751,.T.);
#1709=EDGE_CURVE('',#1380,#1364,#585,.T.);
#1710=EDGE_CURVE('',#1380,#1381,#752,.T.);
#1711=EDGE_CURVE('',#1381,#1363,#586,.T.);
#1712=EDGE_CURVE('',#1382,#1365,#753,.T.);
#1713=EDGE_CURVE('',#1382,#1383,#754,.T.);
#1714=EDGE_CURVE('',#1383,#1366,#755,.T.);
#1715=EDGE_CURVE('',#1380,#1383,#756,.T.);
#1716=EDGE_CURVE('',#1381,#1382,#757,.T.);
#1717=EDGE_CURVE('',#1384,#1369,#758,.T.);
#1718=EDGE_CURVE('',#1384,#1379,#759,.T.);
#1719=EDGE_CURVE('',#1378,#1384,#760,.T.);
#1720=EDGE_CURVE('',#1375,#1385,#761,.T.);
#1721=EDGE_CURVE('',#1386,#1385,#762,.T.);
#1722=EDGE_CURVE('',#1376,#1386,#763,.T.);
#1723=EDGE_CURVE('',#1386,#1373,#764,.T.);
#1724=EDGE_CURVE('',#1385,#1374,#765,.T.);
#1725=EDGE_CURVE('',#1387,#1388,#766,.T.);
#1726=EDGE_CURVE('',#1389,#1388,#767,.T.);
#1727=EDGE_CURVE('',#1389,#1390,#768,.T.);
#1728=EDGE_CURVE('',#1390,#1387,#769,.T.);
#1729=EDGE_CURVE('',#1391,#1392,#770,.T.);
#1730=EDGE_CURVE('',#1388,#1392,#587,.T.);
#1731=EDGE_CURVE('',#1387,#1391,#588,.T.);
#1732=EDGE_CURVE('',#1393,#1394,#771,.T.);
#1733=EDGE_CURVE('',#1392,#1394,#772,.T.);
#1734=EDGE_CURVE('',#1391,#1393,#773,.T.);
#1735=EDGE_CURVE('',#1394,#1389,#589,.T.);
#1736=EDGE_CURVE('',#1393,#1390,#590,.T.);
#1737=EDGE_CURVE('',#1395,#1395,#591,.T.);
#1738=EDGE_CURVE('',#1396,#1396,#592,.T.);
#1739=EDGE_CURVE('',#1397,#1397,#593,.T.);
#1740=EDGE_CURVE('',#1398,#1398,#594,.T.);
#1741=EDGE_CURVE('',#1399,#1400,#559,.T.);
#1742=EDGE_CURVE('',#1399,#1401,#774,.T.);
#1743=EDGE_CURVE('',#1401,#1402,#560,.T.);
#1744=EDGE_CURVE('',#1402,#1400,#775,.T.);
#1745=EDGE_CURVE('',#1403,#1402,#776,.T.);
#1746=EDGE_CURVE('',#1404,#1403,#777,.T.);
#1747=EDGE_CURVE('',#1405,#1404,#778,.T.);
#1748=EDGE_CURVE('',#1405,#1400,#779,.T.);
#1749=EDGE_CURVE('',#1406,#1407,#561,.T.);
#1750=EDGE_CURVE('',#1406,#1408,#780,.T.);
#1751=EDGE_CURVE('',#1408,#1409,#562,.T.);
#1752=EDGE_CURVE('',#1409,#1407,#781,.T.);
#1753=EDGE_CURVE('',#1399,#1407,#782,.T.);
#1754=EDGE_CURVE('',#1401,#1409,#783,.T.);
#1755=EDGE_CURVE('',#1406,#1410,#784,.T.);
#1756=EDGE_CURVE('',#1411,#1410,#785,.T.);
#1757=EDGE_CURVE('',#1408,#1411,#786,.T.);
#1758=EDGE_CURVE('',#1412,#1403,#787,.F.);
#1759=EDGE_CURVE('',#1412,#1413,#788,.T.);
#1760=EDGE_CURVE('',#1413,#1404,#789,.T.);
#1761=EDGE_CURVE('',#1410,#1414,#790,.T.);
#1762=EDGE_CURVE('',#1415,#1414,#791,.T.);
#1763=EDGE_CURVE('',#1411,#1415,#792,.F.);
#1764=EDGE_CURVE('',#1405,#1416,#595,.T.);
#1765=EDGE_CURVE('',#1404,#1417,#596,.T.);
#1766=EDGE_CURVE('',#1417,#1416,#793,.T.);
#1767=EDGE_CURVE('',#1418,#1412,#794,.F.);
#1768=EDGE_CURVE('',#1418,#1419,#795,.T.);
#1769=EDGE_CURVE('',#1419,#1413,#796,.T.);
#1770=EDGE_CURVE('',#1420,#1420,#597,.T.);
#1771=EDGE_CURVE('',#1421,#1421,#598,.T.);
#1772=EDGE_CURVE('',#1422,#1422,#599,.F.);
#1773=EDGE_CURVE('',#1422,#1398,#797,.T.);
#1774=EDGE_CURVE('',#1423,#1423,#600,.F.);
#1775=EDGE_CURVE('',#1423,#1397,#798,.T.);
#1776=EDGE_CURVE('',#1424,#1424,#601,.F.);
#1777=EDGE_CURVE('',#1424,#1396,#799,.T.);
#1778=EDGE_CURVE('',#1425,#1425,#602,.F.);
#1779=EDGE_CURVE('',#1425,#1395,#800,.T.);
#1780=EDGE_CURVE('',#1426,#1426,#603,.T.);
#1781=EDGE_CURVE('',#1426,#1420,#801,.T.);
#1782=EDGE_CURVE('',#1427,#1428,#802,.T.);
#1783=EDGE_CURVE('',#1428,#1429,#604,.T.);
#1784=EDGE_CURVE('',#1430,#1429,#803,.T.);
#1785=EDGE_CURVE('',#1430,#1427,#605,.T.);
#1786=EDGE_CURVE('',#1427,#1431,#804,.T.);
#1787=EDGE_CURVE('',#1432,#1431,#805,.T.);
#1788=EDGE_CURVE('',#1432,#1428,#806,.T.);
#1789=EDGE_CURVE('',#1353,#1433,#807,.T.);
#1790=EDGE_CURVE('',#1353,#1432,#606,.T.);
#1791=EDGE_CURVE('',#1431,#1433,#607,.T.);
#1792=EDGE_CURVE('',#1433,#1434,#808,.T.);
#1793=EDGE_CURVE('',#1434,#1354,#809,.T.);
#1794=EDGE_CURVE('',#1434,#1435,#810,.T.);
#1795=EDGE_CURVE('',#1436,#1435,#811,.T.);
#1796=EDGE_CURVE('',#1436,#1350,#812,.T.);
#1797=EDGE_CURVE('',#1435,#1430,#813,.T.);
#1798=EDGE_CURVE('',#1429,#1436,#814,.T.);
#1799=EDGE_CURVE('',#1421,#1437,#815,.T.);
#1800=EDGE_CURVE('',#1437,#1437,#608,.T.);
#1801=EDGE_CURVE('',#1344,#1432,#816,.T.);
#1802=EDGE_CURVE('',#1428,#1346,#817,.T.);
#1803=EDGE_CURVE('',#1348,#1429,#818,.T.);
#1804=EDGE_CURVE('',#1438,#1438,#609,.T.);
#1805=EDGE_CURVE('',#1439,#1439,#610,.T.);
#1806=EDGE_CURVE('',#1440,#1440,#611,.T.);
#1807=EDGE_CURVE('',#1441,#1441,#612,.T.);
#1808=EDGE_CURVE('',#1442,#1442,#613,.T.);
#1809=EDGE_CURVE('',#1443,#1443,#614,.T.);
#1810=EDGE_CURVE('',#1444,#1445,#819,.F.);
#1811=EDGE_CURVE('',#1446,#1445,#615,.T.);
#1812=EDGE_CURVE('',#1446,#1447,#820,.F.);
#1813=EDGE_CURVE('',#1448,#1447,#616,.T.);
#1814=EDGE_CURVE('',#1448,#1449,#821,.F.);
#1815=EDGE_CURVE('',#1450,#1449,#617,.T.);
#1816=EDGE_CURVE('',#1450,#1451,#822,.F.);
#1817=EDGE_CURVE('',#1444,#1451,#618,.T.);
#1818=EDGE_CURVE('',#1452,#1453,#823,.F.);
#1819=EDGE_CURVE('',#1454,#1453,#619,.T.);
#1820=EDGE_CURVE('',#1454,#1455,#824,.F.);
#1821=EDGE_CURVE('',#1456,#1455,#620,.T.);
#1822=EDGE_CURVE('',#1456,#1457,#825,.F.);
#1823=EDGE_CURVE('',#1458,#1457,#621,.T.);
#1824=EDGE_CURVE('',#1458,#1459,#826,.F.);
#1825=EDGE_CURVE('',#1452,#1459,#622,.T.);
#1826=EDGE_CURVE('',#1460,#1461,#827,.F.);
#1827=EDGE_CURVE('',#1462,#1461,#623,.T.);
#1828=EDGE_CURVE('',#1462,#1463,#828,.F.);
#1829=EDGE_CURVE('',#1463,#1464,#829,.F.);
#1830=EDGE_CURVE('',#1465,#1464,#624,.T.);
#1831=EDGE_CURVE('',#1465,#1466,#830,.F.);
#1832=EDGE_CURVE('',#1467,#1466,#625,.T.);
#1833=EDGE_CURVE('',#1467,#1468,#831,.F.);
#1834=EDGE_CURVE('',#1469,#1468,#626,.T.);
#1835=EDGE_CURVE('',#1469,#1470,#832,.F.);
#1836=EDGE_CURVE('',#1460,#1470,#627,.T.);
#1837=EDGE_CURVE('',#1471,#1472,#628,.T.);
#1838=EDGE_CURVE('',#1473,#1472,#833,.T.);
#1839=EDGE_CURVE('',#1473,#1474,#629,.T.);
#1840=EDGE_CURVE('',#1475,#1474,#834,.T.);
#1841=EDGE_CURVE('',#1475,#1476,#630,.T.);
#1842=EDGE_CURVE('',#1477,#1476,#835,.T.);
#1843=EDGE_CURVE('',#1477,#1478,#631,.T.);
#1844=EDGE_CURVE('',#1471,#1478,#836,.T.);
#1845=EDGE_CURVE('',#1479,#1479,#632,.F.);
#1846=EDGE_CURVE('',#1480,#1480,#633,.F.);
#1847=EDGE_CURVE('',#1481,#1481,#634,.F.);
#1848=EDGE_CURVE('',#1482,#1482,#635,.F.);
#1849=EDGE_CURVE('',#1326,#1483,#837,.T.);
#1850=EDGE_CURVE('',#1483,#1362,#636,.T.);
#1851=EDGE_CURVE('',#1484,#1336,#838,.T.);
#1852=EDGE_CURVE('',#1485,#1484,#839,.F.);
#1853=EDGE_CURVE('',#1486,#1485,#563,.T.);
#1854=EDGE_CURVE('',#1487,#1486,#840,.F.);
#1855=EDGE_CURVE('',#1488,#1487,#564,.T.);
#1856=EDGE_CURVE('',#1483,#1488,#841,.F.);
#1857=EDGE_CURVE('',#1356,#1484,#637,.T.);
#1858=EDGE_CURVE('',#1489,#1490,#842,.T.);
#1859=EDGE_CURVE('',#1491,#1489,#843,.F.);
#1860=EDGE_CURVE('',#1485,#1491,#844,.T.);
#1861=EDGE_CURVE('',#1492,#1361,#845,.T.);
#1862=EDGE_CURVE('',#1493,#1492,#846,.F.);
#1863=EDGE_CURVE('',#1494,#1493,#847,.T.);
#1864=EDGE_CURVE('',#1494,#1490,#848,.T.);
#1865=EDGE_CURVE('',#1495,#1495,#638,.T.);
#1866=EDGE_CURVE('',#1495,#1438,#849,.T.);
#1867=EDGE_CURVE('',#1496,#1496,#639,.T.);
#1868=EDGE_CURVE('',#1496,#1439,#850,.T.);
#1869=EDGE_CURVE('',#1497,#1497,#640,.T.);
#1870=EDGE_CURVE('',#1497,#1440,#851,.T.);
#1871=EDGE_CURVE('',#1498,#1498,#641,.T.);
#1872=EDGE_CURVE('',#1498,#1441,#852,.T.);
#1873=EDGE_CURVE('',#1499,#1499,#642,.T.);
#1874=EDGE_CURVE('',#1499,#1442,#853,.T.);
#1875=EDGE_CURVE('',#1500,#1500,#643,.T.);
#1876=EDGE_CURVE('',#1500,#1443,#854,.T.);
#1877=EDGE_CURVE('',#1501,#1502,#644,.T.);
#1878=EDGE_CURVE('',#1502,#1450,#855,.T.);
#1879=EDGE_CURVE('',#1449,#1501,#856,.T.);
#1880=EDGE_CURVE('',#1502,#1503,#857,.T.);
#1881=EDGE_CURVE('',#1451,#1503,#858,.T.);
#1882=EDGE_CURVE('',#1503,#1504,#645,.T.);
#1883=EDGE_CURVE('',#1504,#1444,#859,.T.);
#1884=EDGE_CURVE('',#1504,#1505,#860,.T.);
#1885=EDGE_CURVE('',#1445,#1505,#861,.T.);
#1886=EDGE_CURVE('',#1505,#1506,#646,.T.);
#1887=EDGE_CURVE('',#1506,#1446,#862,.T.);
#1888=EDGE_CURVE('',#1506,#1507,#863,.T.);
#1889=EDGE_CURVE('',#1447,#1507,#864,.T.);
#1890=EDGE_CURVE('',#1507,#1508,#647,.T.);
#1891=EDGE_CURVE('',#1508,#1448,#865,.T.);
#1892=EDGE_CURVE('',#1508,#1501,#866,.T.);
#1893=EDGE_CURVE('',#1509,#1510,#867,.T.);
#1894=EDGE_CURVE('',#1459,#1510,#868,.T.);
#1895=EDGE_CURVE('',#1509,#1458,#869,.T.);
#1896=EDGE_CURVE('',#1510,#1511,#648,.T.);
#1897=EDGE_CURVE('',#1511,#1452,#870,.T.);
#1898=EDGE_CURVE('',#1511,#1512,#871,.T.);
#1899=EDGE_CURVE('',#1453,#1512,#872,.T.);
#1900=EDGE_CURVE('',#1512,#1513,#649,.T.);
#1901=EDGE_CURVE('',#1513,#1454,#873,.T.);
#1902=EDGE_CURVE('',#1513,#1514,#874,.T.);
#1903=EDGE_CURVE('',#1455,#1514,#875,.T.);
#1904=EDGE_CURVE('',#1514,#1515,#650,.T.);
#1905=EDGE_CURVE('',#1515,#1456,#876,.T.);
#1906=EDGE_CURVE('',#1515,#1516,#877,.T.);
#1907=EDGE_CURVE('',#1457,#1516,#878,.T.);
#1908=EDGE_CURVE('',#1516,#1509,#651,.T.);
#1909=EDGE_CURVE('',#1517,#1518,#652,.T.);
#1910=EDGE_CURVE('',#1518,#1469,#879,.T.);
#1911=EDGE_CURVE('',#1468,#1517,#880,.T.);
#1912=EDGE_CURVE('',#1518,#1519,#881,.T.);
#1913=EDGE_CURVE('',#1470,#1519,#882,.T.);
#1914=EDGE_CURVE('',#1519,#1520,#653,.T.);
#1915=EDGE_CURVE('',#1520,#1460,#883,.T.);
#1916=EDGE_CURVE('',#1520,#1521,#884,.T.);
#1917=EDGE_CURVE('',#1461,#1521,#885,.T.);
#1918=EDGE_CURVE('',#1521,#1522,#654,.T.);
#1919=EDGE_CURVE('',#1522,#1462,#886,.T.);
#1920=EDGE_CURVE('',#1522,#1523,#887,.T.);
#1921=EDGE_CURVE('',#1523,#1463,#888,.T.);
#1922=EDGE_CURVE('',#1523,#1524,#889,.T.);
#1923=EDGE_CURVE('',#1464,#1524,#890,.T.);
#1924=EDGE_CURVE('',#1524,#1525,#655,.T.);
#1925=EDGE_CURVE('',#1525,#1465,#891,.T.);
#1926=EDGE_CURVE('',#1525,#1526,#892,.T.);
#1927=EDGE_CURVE('',#1466,#1526,#893,.T.);
#1928=EDGE_CURVE('',#1526,#1527,#656,.T.);
#1929=EDGE_CURVE('',#1527,#1467,#894,.T.);
#1930=EDGE_CURVE('',#1527,#1517,#895,.T.);
#1931=EDGE_CURVE('',#1471,#1528,#896,.T.);
#1932=EDGE_CURVE('',#1528,#1529,#657,.T.);
#1933=EDGE_CURVE('',#1529,#1472,#897,.T.);
#1934=EDGE_CURVE('',#1530,#1529,#898,.F.);
#1935=EDGE_CURVE('',#1473,#1530,#899,.T.);
#1936=EDGE_CURVE('',#1530,#1531,#658,.T.);
#1937=EDGE_CURVE('',#1531,#1474,#900,.T.);
#1938=EDGE_CURVE('',#1475,#1532,#901,.T.);
#1939=EDGE_CURVE('',#1532,#1531,#902,.F.);
#1940=EDGE_CURVE('',#1532,#1533,#659,.T.);
#1941=EDGE_CURVE('',#1533,#1476,#903,.T.);
#1942=EDGE_CURVE('',#1477,#1534,#904,.T.);
#1943=EDGE_CURVE('',#1534,#1533,#905,.F.);
#1944=EDGE_CURVE('',#1534,#1535,#660,.T.);
#1945=EDGE_CURVE('',#1535,#1478,#906,.T.);
#1946=EDGE_CURVE('',#1528,#1535,#907,.F.);
#1947=EDGE_CURVE('',#1536,#1536,#661,.F.);
#1948=EDGE_CURVE('',#1536,#1479,#908,.T.);
#1949=EDGE_CURVE('',#1537,#1537,#662,.F.);
#1950=EDGE_CURVE('',#1537,#1480,#909,.T.);
#1951=EDGE_CURVE('',#1538,#1538,#663,.F.);
#1952=EDGE_CURVE('',#1538,#1481,#910,.T.);
#1953=EDGE_CURVE('',#1539,#1539,#664,.F.);
#1954=EDGE_CURVE('',#1539,#1482,#911,.T.);
#1955=EDGE_CURVE('',#1540,#1491,#665,.T.);
#1956=EDGE_CURVE('',#1540,#1486,#912,.T.);
#1957=EDGE_CURVE('',#1487,#1541,#913,.T.);
#1958=EDGE_CURVE('',#1541,#1540,#914,.F.);
#1959=EDGE_CURVE('',#1542,#1541,#666,.T.);
#1960=EDGE_CURVE('',#1542,#1488,#915,.T.);
#1961=EDGE_CURVE('',#1543,#1542,#916,.F.);
#1962=EDGE_CURVE('',#1358,#1543,#917,.T.);
#1963=EDGE_CURVE('',#1544,#1543,#667,.T.);
#1964=EDGE_CURVE('',#1544,#1359,#918,.T.);
#1965=EDGE_CURVE('',#1360,#1545,#919,.T.);
#1966=EDGE_CURVE('',#1545,#1544,#920,.F.);
#1967=EDGE_CURVE('',#1492,#1545,#668,.T.);
#1968=EDGE_CURVE('',#1494,#1546,#669,.T.);
#1969=EDGE_CURVE('',#1493,#1547,#670,.T.);
#1970=EDGE_CURVE('',#1547,#1546,#921,.T.);
#1971=EDGE_CURVE('',#1548,#1547,#922,.F.);
#1972=EDGE_CURVE('',#1549,#1548,#923,.T.);
#1973=EDGE_CURVE('',#1549,#1546,#924,.T.);
#1974=EDGE_CURVE('',#1548,#1550,#671,.T.);
#1975=EDGE_CURVE('',#1550,#1551,#925,.T.);
#1976=EDGE_CURVE('',#1551,#1549,#672,.F.);
#1977=EDGE_CURVE('',#1552,#1553,#926,.T.);
#1978=EDGE_CURVE('',#1552,#1551,#927,.T.);
#1979=EDGE_CURVE('',#1553,#1550,#928,.F.);
#1980=EDGE_CURVE('',#1552,#1554,#673,.T.);
#1981=EDGE_CURVE('',#1553,#1555,#674,.T.);
#1982=EDGE_CURVE('',#1555,#1554,#929,.T.);
#1983=EDGE_CURVE('',#1556,#1557,#930,.T.);
#1984=EDGE_CURVE('',#1556,#1554,#931,.T.);
#1985=EDGE_CURVE('',#1557,#1555,#932,.F.);
#1986=EDGE_CURVE('',#1558,#1559,#933,.T.);
#1987=EDGE_CURVE('',#1558,#1560,#675,.T.);
#1988=EDGE_CURVE('',#1560,#1561,#934,.T.);
#1989=EDGE_CURVE('',#1561,#1559,#676,.T.);
#1990=EDGE_CURVE('',#1562,#1563,#935,.T.);
#1991=EDGE_CURVE('',#1563,#1561,#936,.T.);
#1992=EDGE_CURVE('',#1562,#1560,#937,.F.);
#1993=EDGE_CURVE('',#1562,#1564,#677,.T.);
#1994=EDGE_CURVE('',#1564,#1565,#938,.T.);
#1995=EDGE_CURVE('',#1565,#1563,#678,.T.);
#1996=EDGE_CURVE('',#1566,#1564,#939,.F.);
#1997=EDGE_CURVE('',#1566,#1567,#940,.F.);
#1998=EDGE_CURVE('',#1567,#1565,#941,.T.);
#1999=EDGE_CURVE('',#1568,#1566,#942,.F.);
#2000=EDGE_CURVE('',#1568,#1569,#943,.T.);
#2001=EDGE_CURVE('',#1569,#1567,#944,.T.);
#2002=EDGE_CURVE('',#1570,#1571,#945,.T.);
#2003=EDGE_CURVE('',#1571,#1569,#946,.T.);
#2004=EDGE_CURVE('',#1570,#1568,#947,.F.);
#2005=EDGE_CURVE('',#1570,#1572,#679,.T.);
#2006=EDGE_CURVE('',#1572,#1573,#948,.T.);
#2007=EDGE_CURVE('',#1573,#1571,#680,.T.);
#2008=EDGE_CURVE('',#1574,#1575,#949,.T.);
#2009=EDGE_CURVE('',#1575,#1573,#950,.T.);
#2010=EDGE_CURVE('',#1574,#1572,#951,.F.);
#2011=EDGE_CURVE('',#1574,#1576,#681,.T.);
#2012=EDGE_CURVE('',#1576,#1577,#952,.T.);
#2013=EDGE_CURVE('',#1577,#1575,#682,.T.);
#2014=EDGE_CURVE('',#1578,#1576,#953,.F.);
#2015=EDGE_CURVE('',#1578,#1579,#954,.F.);
#2016=EDGE_CURVE('',#1579,#1577,#955,.T.);
#2017=EDGE_CURVE('',#1580,#1581,#956,.T.);
#2018=EDGE_CURVE('',#1581,#1579,#957,.T.);
#2019=EDGE_CURVE('',#1580,#1578,#958,.F.);
#2020=EDGE_CURVE('',#1580,#1582,#683,.T.);
#2021=EDGE_CURVE('',#1582,#1583,#959,.T.);
#2022=EDGE_CURVE('',#1583,#1581,#684,.T.);
#2023=EDGE_CURVE('',#1584,#1582,#960,.F.);
#2024=EDGE_CURVE('',#1584,#1585,#961,.T.);
#2025=EDGE_CURVE('',#1585,#1583,#962,.T.);
#2026=EDGE_CURVE('',#1586,#1587,#963,.T.);
#2027=EDGE_CURVE('',#1587,#1585,#964,.T.);
#2028=EDGE_CURVE('',#1586,#1584,#965,.F.);
#2029=EDGE_CURVE('',#1586,#1588,#685,.T.);
#2030=EDGE_CURVE('',#1588,#1589,#966,.T.);
#2031=EDGE_CURVE('',#1589,#1587,#686,.T.);
#2032=EDGE_CURVE('',#1590,#1588,#967,.F.);
#2033=EDGE_CURVE('',#1590,#1591,#968,.T.);
#2034=EDGE_CURVE('',#1591,#1589,#969,.T.);
#2035=EDGE_CURVE('',#1590,#1592,#687,.T.);
#2036=EDGE_CURVE('',#1592,#1593,#970,.T.);
#2037=EDGE_CURVE('',#1593,#1591,#688,.T.);
#2038=EDGE_CURVE('',#1594,#1592,#971,.F.);
#2039=EDGE_CURVE('',#1594,#1595,#972,.T.);
#2040=EDGE_CURVE('',#1595,#1593,#973,.T.);
#2041=EDGE_CURVE('',#1596,#1597,#974,.T.);
#2042=EDGE_CURVE('',#1597,#1595,#975,.T.);
#2043=EDGE_CURVE('',#1596,#1594,#976,.F.);
#2044=EDGE_CURVE('',#1596,#1598,#689,.T.);
#2045=EDGE_CURVE('',#1598,#1599,#977,.T.);
#2046=EDGE_CURVE('',#1599,#1597,#690,.T.);
#2047=EDGE_CURVE('',#1600,#1601,#978,.T.);
#2048=EDGE_CURVE('',#1601,#1599,#979,.T.);
#2049=EDGE_CURVE('',#1600,#1598,#980,.F.);
#2050=EDGE_CURVE('',#1600,#1602,#691,.T.);
#2051=EDGE_CURVE('',#1602,#1603,#981,.T.);
#2052=EDGE_CURVE('',#1603,#1601,#692,.T.);
#2053=EDGE_CURVE('',#1604,#1602,#982,.F.);
#2054=EDGE_CURVE('',#1604,#1605,#983,.F.);
#2055=EDGE_CURVE('',#1605,#1603,#984,.T.);
#2056=EDGE_CURVE('',#1606,#1604,#985,.F.);
#2057=EDGE_CURVE('',#1606,#1607,#986,.T.);
#2058=EDGE_CURVE('',#1607,#1605,#987,.T.);
#2059=EDGE_CURVE('',#1608,#1609,#988,.T.);
#2060=EDGE_CURVE('',#1609,#1607,#989,.T.);
#2061=EDGE_CURVE('',#1608,#1606,#990,.F.);
#2062=EDGE_CURVE('',#1608,#1610,#693,.T.);
#2063=EDGE_CURVE('',#1610,#1611,#991,.T.);
#2064=EDGE_CURVE('',#1611,#1609,#694,.T.);
#2065=EDGE_CURVE('',#1612,#1610,#992,.F.);
#2066=EDGE_CURVE('',#1612,#1613,#993,.T.);
#2067=EDGE_CURVE('',#1613,#1611,#994,.T.);
#2068=EDGE_CURVE('',#1612,#1614,#695,.T.);
#2069=EDGE_CURVE('',#1614,#1615,#995,.T.);
#2070=EDGE_CURVE('',#1615,#1613,#696,.T.);
#2071=EDGE_CURVE('',#1616,#1614,#996,.F.);
#2072=EDGE_CURVE('',#1616,#1617,#997,.F.);
#2073=EDGE_CURVE('',#1617,#1615,#998,.T.);
#2074=EDGE_CURVE('',#1618,#1619,#999,.T.);
#2075=EDGE_CURVE('',#1619,#1617,#1000,.T.);
#2076=EDGE_CURVE('',#1618,#1616,#1001,.F.);
#2077=EDGE_CURVE('',#1618,#1620,#697,.T.);
#2078=EDGE_CURVE('',#1620,#1621,#1002,.T.);
#2079=EDGE_CURVE('',#1621,#1619,#698,.T.);
#2080=EDGE_CURVE('',#1622,#1620,#1003,.F.);
#2081=EDGE_CURVE('',#1622,#1623,#1004,.T.);
#2082=EDGE_CURVE('',#1623,#1621,#1005,.T.);
#2083=EDGE_CURVE('',#1624,#1490,#699,.T.);
#2084=EDGE_CURVE('',#1624,#1625,#1006,.T.);
#2085=EDGE_CURVE('',#1625,#1489,#700,.T.);
#2086=EDGE_CURVE('',#1624,#1416,#1007,.T.);
#2087=EDGE_CURVE('',#1556,#1414,#701,.T.);
#2088=EDGE_CURVE('',#1417,#1623,#1008,.T.);
#2089=EDGE_CURVE('',#1625,#1622,#1009,.F.);
#2090=EDGE_CURVE('',#1557,#1415,#702,.T.);
#2091=EDGE_CURVE('',#1559,#1419,#1010,.T.);
#2092=EDGE_CURVE('',#1558,#1418,#1011,.F.);
#2093=ORIENTED_EDGE('',*,*,#1626,.T.);
#2094=ORIENTED_EDGE('',*,*,#1627,.T.);
#2095=ORIENTED_EDGE('',*,*,#1628,.T.);
#2096=ORIENTED_EDGE('',*,*,#1629,.T.);
#2097=ORIENTED_EDGE('',*,*,#1630,.T.);
#2098=ORIENTED_EDGE('',*,*,#1631,.T.);
#2099=ORIENTED_EDGE('',*,*,#1627,.F.);
#2100=ORIENTED_EDGE('',*,*,#1632,.T.);
#2101=ORIENTED_EDGE('',*,*,#1633,.T.);
#2102=ORIENTED_EDGE('',*,*,#1634,.T.);
#2103=ORIENTED_EDGE('',*,*,#1630,.F.);
#2104=ORIENTED_EDGE('',*,*,#1635,.T.);
#2105=ORIENTED_EDGE('',*,*,#1636,.T.);
#2106=ORIENTED_EDGE('',*,*,#1637,.T.);
#2107=ORIENTED_EDGE('',*,*,#1633,.F.);
#2108=ORIENTED_EDGE('',*,*,#1638,.T.);
#2109=ORIENTED_EDGE('',*,*,#1639,.T.);
#2110=ORIENTED_EDGE('',*,*,#1640,.T.);
#2111=ORIENTED_EDGE('',*,*,#1636,.F.);
#2112=ORIENTED_EDGE('',*,*,#1641,.T.);
#2113=ORIENTED_EDGE('',*,*,#1642,.T.);
#2114=ORIENTED_EDGE('',*,*,#1643,.T.);
#2115=ORIENTED_EDGE('',*,*,#1639,.F.);
#2116=ORIENTED_EDGE('',*,*,#1644,.T.);
#2117=ORIENTED_EDGE('',*,*,#1645,.T.);
#2118=ORIENTED_EDGE('',*,*,#1646,.T.);
#2119=ORIENTED_EDGE('',*,*,#1642,.F.);
#2120=ORIENTED_EDGE('',*,*,#1647,.T.);
#2121=ORIENTED_EDGE('',*,*,#1648,.T.);
#2122=ORIENTED_EDGE('',*,*,#1649,.T.);
#2123=ORIENTED_EDGE('',*,*,#1645,.F.);
#2124=ORIENTED_EDGE('',*,*,#1650,.T.);
#2125=ORIENTED_EDGE('',*,*,#1651,.T.);
#2126=ORIENTED_EDGE('',*,*,#1648,.F.);
#2127=ORIENTED_EDGE('',*,*,#1652,.T.);
#2128=ORIENTED_EDGE('',*,*,#1653,.F.);
#2129=ORIENTED_EDGE('',*,*,#1654,.T.);
#2130=ORIENTED_EDGE('',*,*,#1655,.T.);
#2131=ORIENTED_EDGE('',*,*,#1656,.T.);
#2132=ORIENTED_EDGE('',*,*,#1629,.F.);
#2133=ORIENTED_EDGE('',*,*,#1657,.T.);
#2134=ORIENTED_EDGE('',*,*,#1658,.T.);
#2135=ORIENTED_EDGE('',*,*,#1655,.F.);
#2136=ORIENTED_EDGE('',*,*,#1659,.T.);
#2137=ORIENTED_EDGE('',*,*,#1660,.T.);
#2138=ORIENTED_EDGE('',*,*,#1661,.T.);
#2139=ORIENTED_EDGE('',*,*,#1657,.F.);
#2140=ORIENTED_EDGE('',*,*,#1662,.T.);
#2141=ORIENTED_EDGE('',*,*,#1663,.T.);
#2142=ORIENTED_EDGE('',*,*,#1664,.T.);
#2143=ORIENTED_EDGE('',*,*,#1660,.F.);
#2144=ORIENTED_EDGE('',*,*,#1665,.T.);
#2145=ORIENTED_EDGE('',*,*,#1666,.T.);
#2146=ORIENTED_EDGE('',*,*,#1663,.F.);
#2147=ORIENTED_EDGE('',*,*,#1667,.T.);
#2148=ORIENTED_EDGE('',*,*,#1653,.T.);
#2149=ORIENTED_EDGE('',*,*,#1644,.F.);
#2150=ORIENTED_EDGE('',*,*,#1668,.T.);
#2151=ORIENTED_EDGE('',*,*,#1669,.T.);
#2152=ORIENTED_EDGE('',*,*,#1670,.T.);
#2153=ORIENTED_EDGE('',*,*,#1641,.F.);
#2154=ORIENTED_EDGE('',*,*,#1671,.F.);
#2155=ORIENTED_EDGE('',*,*,#1672,.F.);
#2156=ORIENTED_EDGE('',*,*,#1668,.F.);
#2157=ORIENTED_EDGE('',*,*,#1638,.F.);
#2158=ORIENTED_EDGE('',*,*,#1673,.T.);
#2159=ORIENTED_EDGE('',*,*,#1674,.T.);
#2160=ORIENTED_EDGE('',*,*,#1671,.T.);
#2161=ORIENTED_EDGE('',*,*,#1635,.F.);
#2162=ORIENTED_EDGE('',*,*,#1632,.F.);
#2163=ORIENTED_EDGE('',*,*,#1626,.F.);
#2164=ORIENTED_EDGE('',*,*,#1656,.F.);
#2165=ORIENTED_EDGE('',*,*,#1675,.F.);
#2166=ORIENTED_EDGE('',*,*,#1676,.F.);
#2167=ORIENTED_EDGE('',*,*,#1677,.F.);
#2168=ORIENTED_EDGE('',*,*,#1673,.F.);
#2169=ORIENTED_EDGE('',*,*,#1651,.F.);
#2170=ORIENTED_EDGE('',*,*,#1678,.T.);
#2171=ORIENTED_EDGE('',*,*,#1679,.T.);
#2172=ORIENTED_EDGE('',*,*,#1680,.F.);
#2173=ORIENTED_EDGE('',*,*,#1667,.F.);
#2174=ORIENTED_EDGE('',*,*,#1665,.F.);
#2175=ORIENTED_EDGE('',*,*,#1662,.F.);
#2176=ORIENTED_EDGE('',*,*,#1659,.F.);
#2177=ORIENTED_EDGE('',*,*,#1654,.F.);
#2178=ORIENTED_EDGE('',*,*,#1681,.F.);
#2179=ORIENTED_EDGE('',*,*,#1682,.F.);
#2180=ORIENTED_EDGE('',*,*,#1683,.F.);
#2181=ORIENTED_EDGE('',*,*,#1684,.F.);
#2182=ORIENTED_EDGE('',*,*,#1685,.F.);
#2183=ORIENTED_EDGE('',*,*,#1686,.F.);
#2184=ORIENTED_EDGE('',*,*,#1678,.F.);
#2185=ORIENTED_EDGE('',*,*,#1628,.F.);
#2186=ORIENTED_EDGE('',*,*,#1687,.F.);
#2187=ORIENTED_EDGE('',*,*,#1688,.T.);
#2188=ORIENTED_EDGE('',*,*,#1681,.T.);
#2189=ORIENTED_EDGE('',*,*,#1689,.F.);
#2190=ORIENTED_EDGE('',*,*,#1690,.F.);
#2191=ORIENTED_EDGE('',*,*,#1691,.T.);
#2192=ORIENTED_EDGE('',*,*,#1692,.T.);
#2193=ORIENTED_EDGE('',*,*,#1693,.F.);
#2194=ORIENTED_EDGE('',*,*,#1694,.F.);
#2195=ORIENTED_EDGE('',*,*,#1695,.T.);
#2196=ORIENTED_EDGE('',*,*,#1696,.T.);
#2197=ORIENTED_EDGE('',*,*,#1697,.F.);
#2198=ORIENTED_EDGE('',*,*,#1698,.F.);
#2199=ORIENTED_EDGE('',*,*,#1699,.T.);
#2200=ORIENTED_EDGE('',*,*,#1700,.T.);
#2201=ORIENTED_EDGE('',*,*,#1701,.F.);
#2202=ORIENTED_EDGE('',*,*,#1702,.T.);
#2203=ORIENTED_EDGE('',*,*,#1703,.T.);
#2204=ORIENTED_EDGE('',*,*,#1697,.T.);
#2205=ORIENTED_EDGE('',*,*,#1704,.F.);
#2206=ORIENTED_EDGE('',*,*,#1705,.T.);
#2207=ORIENTED_EDGE('',*,*,#1706,.T.);
#2208=ORIENTED_EDGE('',*,*,#1693,.T.);
#2209=ORIENTED_EDGE('',*,*,#1704,.T.);
#2210=ORIENTED_EDGE('',*,*,#1696,.F.);
#2211=ORIENTED_EDGE('',*,*,#1707,.F.);
#2212=ORIENTED_EDGE('',*,*,#1708,.F.);
#2213=ORIENTED_EDGE('',*,*,#1709,.F.);
#2214=ORIENTED_EDGE('',*,*,#1710,.T.);
#2215=ORIENTED_EDGE('',*,*,#1711,.T.);
#2216=ORIENTED_EDGE('',*,*,#1689,.T.);
#2217=ORIENTED_EDGE('',*,*,#1712,.F.);
#2218=ORIENTED_EDGE('',*,*,#1713,.T.);
#2219=ORIENTED_EDGE('',*,*,#1714,.T.);
#2220=ORIENTED_EDGE('',*,*,#1691,.F.);
#2221=ORIENTED_EDGE('',*,*,#1710,.F.);
#2222=ORIENTED_EDGE('',*,*,#1715,.T.);
#2223=ORIENTED_EDGE('',*,*,#1713,.F.);
#2224=ORIENTED_EDGE('',*,*,#1716,.F.);
#2225=ORIENTED_EDGE('',*,*,#1709,.T.);
#2226=ORIENTED_EDGE('',*,*,#1692,.F.);
#2227=ORIENTED_EDGE('',*,*,#1714,.F.);
#2228=ORIENTED_EDGE('',*,*,#1715,.F.);
#2229=ORIENTED_EDGE('',*,*,#1717,.F.);
#2230=ORIENTED_EDGE('',*,*,#1718,.T.);
#2231=ORIENTED_EDGE('',*,*,#1707,.T.);
#2232=ORIENTED_EDGE('',*,*,#1695,.F.);
#2233=ORIENTED_EDGE('',*,*,#1705,.F.);
#2234=ORIENTED_EDGE('',*,*,#1708,.T.);
#2235=ORIENTED_EDGE('',*,*,#1718,.F.);
#2236=ORIENTED_EDGE('',*,*,#1719,.F.);
#2237=ORIENTED_EDGE('',*,*,#1702,.F.);
#2238=ORIENTED_EDGE('',*,*,#1720,.T.);
#2239=ORIENTED_EDGE('',*,*,#1721,.F.);
#2240=ORIENTED_EDGE('',*,*,#1722,.F.);
#2241=ORIENTED_EDGE('',*,*,#1723,.F.);
#2242=ORIENTED_EDGE('',*,*,#1721,.T.);
#2243=ORIENTED_EDGE('',*,*,#1724,.T.);
#2244=ORIENTED_EDGE('',*,*,#1699,.F.);
#2245=ORIENTED_EDGE('',*,*,#1701,.T.);
#2246=ORIENTED_EDGE('',*,*,#1700,.F.);
#2247=ORIENTED_EDGE('',*,*,#1724,.F.);
#2248=ORIENTED_EDGE('',*,*,#1720,.F.);
#2249=ORIENTED_EDGE('',*,*,#1725,.T.);
#2250=ORIENTED_EDGE('',*,*,#1726,.F.);
#2251=ORIENTED_EDGE('',*,*,#1727,.T.);
#2252=ORIENTED_EDGE('',*,*,#1728,.T.);
#2253=ORIENTED_EDGE('',*,*,#1729,.T.);
#2254=ORIENTED_EDGE('',*,*,#1730,.F.);
#2255=ORIENTED_EDGE('',*,*,#1725,.F.);
#2256=ORIENTED_EDGE('',*,*,#1731,.T.);
#2257=ORIENTED_EDGE('',*,*,#1732,.T.);
#2258=ORIENTED_EDGE('',*,*,#1733,.F.);
#2259=ORIENTED_EDGE('',*,*,#1729,.F.);
#2260=ORIENTED_EDGE('',*,*,#1734,.T.);
#2261=ORIENTED_EDGE('',*,*,#1727,.F.);
#2262=ORIENTED_EDGE('',*,*,#1735,.F.);
#2263=ORIENTED_EDGE('',*,*,#1732,.F.);
#2264=ORIENTED_EDGE('',*,*,#1736,.T.);
#2265=ORIENTED_EDGE('',*,*,#1728,.F.);
#2266=ORIENTED_EDGE('',*,*,#1736,.F.);
#2267=ORIENTED_EDGE('',*,*,#1734,.F.);
#2268=ORIENTED_EDGE('',*,*,#1731,.F.);
#2269=ORIENTED_EDGE('',*,*,#1737,.F.);
#2270=ORIENTED_EDGE('',*,*,#1738,.F.);
#2271=ORIENTED_EDGE('',*,*,#1739,.F.);
#2272=ORIENTED_EDGE('',*,*,#1740,.F.);
#2273=ORIENTED_EDGE('',*,*,#1741,.F.);
#2274=ORIENTED_EDGE('',*,*,#1742,.T.);
#2275=ORIENTED_EDGE('',*,*,#1743,.T.);
#2276=ORIENTED_EDGE('',*,*,#1744,.T.);
#2277=ORIENTED_EDGE('',*,*,#1744,.F.);
#2278=ORIENTED_EDGE('',*,*,#1745,.F.);
#2279=ORIENTED_EDGE('',*,*,#1746,.F.);
#2280=ORIENTED_EDGE('',*,*,#1747,.F.);
#2281=ORIENTED_EDGE('',*,*,#1748,.T.);
#2282=ORIENTED_EDGE('',*,*,#1749,.F.);
#2283=ORIENTED_EDGE('',*,*,#1750,.T.);
#2284=ORIENTED_EDGE('',*,*,#1751,.T.);
#2285=ORIENTED_EDGE('',*,*,#1752,.T.);
#2286=ORIENTED_EDGE('',*,*,#1742,.F.);
#2287=ORIENTED_EDGE('',*,*,#1753,.T.);
#2288=ORIENTED_EDGE('',*,*,#1752,.F.);
#2289=ORIENTED_EDGE('',*,*,#1754,.F.);
#2290=ORIENTED_EDGE('',*,*,#1750,.F.);
#2291=ORIENTED_EDGE('',*,*,#1755,.T.);
#2292=ORIENTED_EDGE('',*,*,#1756,.F.);
#2293=ORIENTED_EDGE('',*,*,#1757,.F.);
#2294=ORIENTED_EDGE('',*,*,#1746,.T.);
#2295=ORIENTED_EDGE('',*,*,#1758,.F.);
#2296=ORIENTED_EDGE('',*,*,#1759,.T.);
#2297=ORIENTED_EDGE('',*,*,#1760,.T.);
#2298=ORIENTED_EDGE('',*,*,#1756,.T.);
#2299=ORIENTED_EDGE('',*,*,#1761,.T.);
#2300=ORIENTED_EDGE('',*,*,#1762,.F.);
#2301=ORIENTED_EDGE('',*,*,#1763,.F.);
#2302=ORIENTED_EDGE('',*,*,#1764,.F.);
#2303=ORIENTED_EDGE('',*,*,#1747,.T.);
#2304=ORIENTED_EDGE('',*,*,#1765,.T.);
#2305=ORIENTED_EDGE('',*,*,#1766,.T.);
#2306=ORIENTED_EDGE('',*,*,#1759,.F.);
#2307=ORIENTED_EDGE('',*,*,#1767,.F.);
#2308=ORIENTED_EDGE('',*,*,#1768,.T.);
#2309=ORIENTED_EDGE('',*,*,#1769,.T.);
#2310=ORIENTED_EDGE('',*,*,#1770,.F.);
#2311=ORIENTED_EDGE('',*,*,#1771,.F.);
#2312=ORIENTED_EDGE('',*,*,#1772,.T.);
#2313=ORIENTED_EDGE('',*,*,#1773,.T.);
#2314=ORIENTED_EDGE('',*,*,#1740,.T.);
#2315=ORIENTED_EDGE('',*,*,#1773,.F.);
#2316=ORIENTED_EDGE('',*,*,#1774,.T.);
#2317=ORIENTED_EDGE('',*,*,#1775,.T.);
#2318=ORIENTED_EDGE('',*,*,#1739,.T.);
#2319=ORIENTED_EDGE('',*,*,#1775,.F.);
#2320=ORIENTED_EDGE('',*,*,#1776,.T.);
#2321=ORIENTED_EDGE('',*,*,#1777,.T.);
#2322=ORIENTED_EDGE('',*,*,#1738,.T.);
#2323=ORIENTED_EDGE('',*,*,#1777,.F.);
#2324=ORIENTED_EDGE('',*,*,#1778,.T.);
#2325=ORIENTED_EDGE('',*,*,#1779,.T.);
#2326=ORIENTED_EDGE('',*,*,#1737,.T.);
#2327=ORIENTED_EDGE('',*,*,#1779,.F.);
#2328=ORIENTED_EDGE('',*,*,#1780,.F.);
#2329=ORIENTED_EDGE('',*,*,#1781,.T.);
#2330=ORIENTED_EDGE('',*,*,#1770,.T.);
#2331=ORIENTED_EDGE('',*,*,#1781,.F.);
#2332=ORIENTED_EDGE('',*,*,#1782,.T.);
#2333=ORIENTED_EDGE('',*,*,#1783,.T.);
#2334=ORIENTED_EDGE('',*,*,#1784,.F.);
#2335=ORIENTED_EDGE('',*,*,#1785,.T.);
#2336=ORIENTED_EDGE('',*,*,#1782,.F.);
#2337=ORIENTED_EDGE('',*,*,#1786,.T.);
#2338=ORIENTED_EDGE('',*,*,#1787,.F.);
#2339=ORIENTED_EDGE('',*,*,#1788,.T.);
#2340=ORIENTED_EDGE('',*,*,#1789,.F.);
#2341=ORIENTED_EDGE('',*,*,#1790,.T.);
#2342=ORIENTED_EDGE('',*,*,#1787,.T.);
#2343=ORIENTED_EDGE('',*,*,#1791,.T.);
#2344=ORIENTED_EDGE('',*,*,#1676,.T.);
#2345=ORIENTED_EDGE('',*,*,#1789,.T.);
#2346=ORIENTED_EDGE('',*,*,#1792,.T.);
#2347=ORIENTED_EDGE('',*,*,#1793,.T.);
#2348=ORIENTED_EDGE('',*,*,#1674,.F.);
#2349=ORIENTED_EDGE('',*,*,#1677,.T.);
#2350=ORIENTED_EDGE('',*,*,#1793,.F.);
#2351=ORIENTED_EDGE('',*,*,#1794,.T.);
#2352=ORIENTED_EDGE('',*,*,#1795,.F.);
#2353=ORIENTED_EDGE('',*,*,#1796,.T.);
#2354=ORIENTED_EDGE('',*,*,#1669,.F.);
#2355=ORIENTED_EDGE('',*,*,#1672,.T.);
#2356=ORIENTED_EDGE('',*,*,#1797,.T.);
#2357=ORIENTED_EDGE('',*,*,#1784,.T.);
#2358=ORIENTED_EDGE('',*,*,#1798,.T.);
#2359=ORIENTED_EDGE('',*,*,#1795,.T.);
#2360=ORIENTED_EDGE('',*,*,#1771,.T.);
#2361=ORIENTED_EDGE('',*,*,#1799,.T.);
#2362=ORIENTED_EDGE('',*,*,#1800,.T.);
#2363=ORIENTED_EDGE('',*,*,#1799,.F.);
#2364=ORIENTED_EDGE('',*,*,#1658,.F.);
#2365=ORIENTED_EDGE('',*,*,#1801,.T.);
#2366=ORIENTED_EDGE('',*,*,#1790,.F.);
#2367=ORIENTED_EDGE('',*,*,#1675,.T.);
#2368=ORIENTED_EDGE('',*,*,#1661,.F.);
#2369=ORIENTED_EDGE('',*,*,#1802,.F.);
#2370=ORIENTED_EDGE('',*,*,#1788,.F.);
#2371=ORIENTED_EDGE('',*,*,#1801,.F.);
#2372=ORIENTED_EDGE('',*,*,#1664,.F.);
#2373=ORIENTED_EDGE('',*,*,#1803,.T.);
#2374=ORIENTED_EDGE('',*,*,#1783,.F.);
#2375=ORIENTED_EDGE('',*,*,#1802,.T.);
#2376=ORIENTED_EDGE('',*,*,#1647,.F.);
#2377=ORIENTED_EDGE('',*,*,#1670,.F.);
#2378=ORIENTED_EDGE('',*,*,#1796,.F.);
#2379=ORIENTED_EDGE('',*,*,#1798,.F.);
#2380=ORIENTED_EDGE('',*,*,#1803,.F.);
#2381=ORIENTED_EDGE('',*,*,#1666,.F.);
#2382=ORIENTED_EDGE('',*,*,#1652,.F.);
#2383=ORIENTED_EDGE('',*,*,#1650,.F.);
#2384=ORIENTED_EDGE('',*,*,#1804,.F.);
#2385=ORIENTED_EDGE('',*,*,#1805,.F.);
#2386=ORIENTED_EDGE('',*,*,#1806,.F.);
#2387=ORIENTED_EDGE('',*,*,#1778,.F.);
#2388=ORIENTED_EDGE('',*,*,#1807,.F.);
#2389=ORIENTED_EDGE('',*,*,#1776,.F.);
#2390=ORIENTED_EDGE('',*,*,#1808,.F.);
#2391=ORIENTED_EDGE('',*,*,#1774,.F.);
#2392=ORIENTED_EDGE('',*,*,#1809,.F.);
#2393=ORIENTED_EDGE('',*,*,#1772,.F.);
#2394=ORIENTED_EDGE('',*,*,#1797,.F.);
#2395=ORIENTED_EDGE('',*,*,#1794,.F.);
#2396=ORIENTED_EDGE('',*,*,#1792,.F.);
#2397=ORIENTED_EDGE('',*,*,#1791,.F.);
#2398=ORIENTED_EDGE('',*,*,#1786,.F.);
#2399=ORIENTED_EDGE('',*,*,#1785,.F.);
#2400=ORIENTED_EDGE('',*,*,#1733,.T.);
#2401=ORIENTED_EDGE('',*,*,#1735,.T.);
#2402=ORIENTED_EDGE('',*,*,#1726,.T.);
#2403=ORIENTED_EDGE('',*,*,#1730,.T.);
#2404=ORIENTED_EDGE('',*,*,#1780,.T.);
#2405=ORIENTED_EDGE('',*,*,#1810,.T.);
#2406=ORIENTED_EDGE('',*,*,#1811,.F.);
#2407=ORIENTED_EDGE('',*,*,#1812,.T.);
#2408=ORIENTED_EDGE('',*,*,#1813,.F.);
#2409=ORIENTED_EDGE('',*,*,#1814,.T.);
#2410=ORIENTED_EDGE('',*,*,#1815,.F.);
#2411=ORIENTED_EDGE('',*,*,#1816,.T.);
#2412=ORIENTED_EDGE('',*,*,#1817,.F.);
#2413=ORIENTED_EDGE('',*,*,#1818,.T.);
#2414=ORIENTED_EDGE('',*,*,#1819,.F.);
#2415=ORIENTED_EDGE('',*,*,#1820,.T.);
#2416=ORIENTED_EDGE('',*,*,#1821,.F.);
#2417=ORIENTED_EDGE('',*,*,#1822,.T.);
#2418=ORIENTED_EDGE('',*,*,#1823,.F.);
#2419=ORIENTED_EDGE('',*,*,#1824,.T.);
#2420=ORIENTED_EDGE('',*,*,#1825,.F.);
#2421=ORIENTED_EDGE('',*,*,#1826,.T.);
#2422=ORIENTED_EDGE('',*,*,#1827,.F.);
#2423=ORIENTED_EDGE('',*,*,#1828,.T.);
#2424=ORIENTED_EDGE('',*,*,#1829,.T.);
#2425=ORIENTED_EDGE('',*,*,#1830,.F.);
#2426=ORIENTED_EDGE('',*,*,#1831,.T.);
#2427=ORIENTED_EDGE('',*,*,#1832,.F.);
#2428=ORIENTED_EDGE('',*,*,#1833,.T.);
#2429=ORIENTED_EDGE('',*,*,#1834,.F.);
#2430=ORIENTED_EDGE('',*,*,#1835,.T.);
#2431=ORIENTED_EDGE('',*,*,#1836,.F.);
#2432=ORIENTED_EDGE('',*,*,#1722,.T.);
#2433=ORIENTED_EDGE('',*,*,#1723,.T.);
#2434=ORIENTED_EDGE('',*,*,#1698,.T.);
#2435=ORIENTED_EDGE('',*,*,#1703,.F.);
#2436=ORIENTED_EDGE('',*,*,#1706,.F.);
#2437=ORIENTED_EDGE('',*,*,#1719,.T.);
#2438=ORIENTED_EDGE('',*,*,#1717,.T.);
#2439=ORIENTED_EDGE('',*,*,#1694,.T.);
#2440=ORIENTED_EDGE('',*,*,#1690,.T.);
#2441=ORIENTED_EDGE('',*,*,#1711,.F.);
#2442=ORIENTED_EDGE('',*,*,#1716,.T.);
#2443=ORIENTED_EDGE('',*,*,#1712,.T.);
#2444=ORIENTED_EDGE('',*,*,#1837,.T.);
#2445=ORIENTED_EDGE('',*,*,#1838,.F.);
#2446=ORIENTED_EDGE('',*,*,#1839,.T.);
#2447=ORIENTED_EDGE('',*,*,#1840,.F.);
#2448=ORIENTED_EDGE('',*,*,#1841,.T.);
#2449=ORIENTED_EDGE('',*,*,#1842,.F.);
#2450=ORIENTED_EDGE('',*,*,#1843,.T.);
#2451=ORIENTED_EDGE('',*,*,#1844,.F.);
#2452=ORIENTED_EDGE('',*,*,#1800,.F.);
#2453=ORIENTED_EDGE('',*,*,#1845,.F.);
#2454=ORIENTED_EDGE('',*,*,#1846,.F.);
#2455=ORIENTED_EDGE('',*,*,#1847,.F.);
#2456=ORIENTED_EDGE('',*,*,#1848,.F.);
#2457=ORIENTED_EDGE('',*,*,#1631,.F.);
#2458=ORIENTED_EDGE('',*,*,#1849,.T.);
#2459=ORIENTED_EDGE('',*,*,#1850,.T.);
#2460=ORIENTED_EDGE('',*,*,#1687,.T.);
#2461=ORIENTED_EDGE('',*,*,#1646,.F.);
#2462=ORIENTED_EDGE('',*,*,#1851,.F.);
#2463=ORIENTED_EDGE('',*,*,#1852,.F.);
#2464=ORIENTED_EDGE('',*,*,#1853,.F.);
#2465=ORIENTED_EDGE('',*,*,#1854,.F.);
#2466=ORIENTED_EDGE('',*,*,#1855,.F.);
#2467=ORIENTED_EDGE('',*,*,#1856,.F.);
#2468=ORIENTED_EDGE('',*,*,#1849,.F.);
#2469=ORIENTED_EDGE('',*,*,#1634,.F.);
#2470=ORIENTED_EDGE('',*,*,#1637,.F.);
#2471=ORIENTED_EDGE('',*,*,#1640,.F.);
#2472=ORIENTED_EDGE('',*,*,#1643,.F.);
#2473=ORIENTED_EDGE('',*,*,#1649,.F.);
#2474=ORIENTED_EDGE('',*,*,#1680,.T.);
#2475=ORIENTED_EDGE('',*,*,#1857,.T.);
#2476=ORIENTED_EDGE('',*,*,#1851,.T.);
#2477=ORIENTED_EDGE('',*,*,#1858,.F.);
#2478=ORIENTED_EDGE('',*,*,#1859,.F.);
#2479=ORIENTED_EDGE('',*,*,#1860,.F.);
#2480=ORIENTED_EDGE('',*,*,#1852,.T.);
#2481=ORIENTED_EDGE('',*,*,#1857,.F.);
#2482=ORIENTED_EDGE('',*,*,#1679,.F.);
#2483=ORIENTED_EDGE('',*,*,#1686,.T.);
#2484=ORIENTED_EDGE('',*,*,#1861,.F.);
#2485=ORIENTED_EDGE('',*,*,#1862,.F.);
#2486=ORIENTED_EDGE('',*,*,#1863,.F.);
#2487=ORIENTED_EDGE('',*,*,#1864,.T.);
#2488=ORIENTED_EDGE('',*,*,#1865,.F.);
#2489=ORIENTED_EDGE('',*,*,#1866,.T.);
#2490=ORIENTED_EDGE('',*,*,#1804,.T.);
#2491=ORIENTED_EDGE('',*,*,#1866,.F.);
#2492=ORIENTED_EDGE('',*,*,#1867,.F.);
#2493=ORIENTED_EDGE('',*,*,#1868,.T.);
#2494=ORIENTED_EDGE('',*,*,#1805,.T.);
#2495=ORIENTED_EDGE('',*,*,#1868,.F.);
#2496=ORIENTED_EDGE('',*,*,#1869,.F.);
#2497=ORIENTED_EDGE('',*,*,#1870,.T.);
#2498=ORIENTED_EDGE('',*,*,#1806,.T.);
#2499=ORIENTED_EDGE('',*,*,#1870,.F.);
#2500=ORIENTED_EDGE('',*,*,#1871,.F.);
#2501=ORIENTED_EDGE('',*,*,#1872,.T.);
#2502=ORIENTED_EDGE('',*,*,#1807,.T.);
#2503=ORIENTED_EDGE('',*,*,#1872,.F.);
#2504=ORIENTED_EDGE('',*,*,#1873,.F.);
#2505=ORIENTED_EDGE('',*,*,#1874,.T.);
#2506=ORIENTED_EDGE('',*,*,#1808,.T.);
#2507=ORIENTED_EDGE('',*,*,#1874,.F.);
#2508=ORIENTED_EDGE('',*,*,#1875,.F.);
#2509=ORIENTED_EDGE('',*,*,#1876,.T.);
#2510=ORIENTED_EDGE('',*,*,#1809,.T.);
#2511=ORIENTED_EDGE('',*,*,#1876,.F.);
#2512=ORIENTED_EDGE('',*,*,#1877,.T.);
#2513=ORIENTED_EDGE('',*,*,#1878,.T.);
#2514=ORIENTED_EDGE('',*,*,#1815,.T.);
#2515=ORIENTED_EDGE('',*,*,#1879,.T.);
#2516=ORIENTED_EDGE('',*,*,#1880,.T.);
#2517=ORIENTED_EDGE('',*,*,#1881,.F.);
#2518=ORIENTED_EDGE('',*,*,#1816,.F.);
#2519=ORIENTED_EDGE('',*,*,#1878,.F.);
#2520=ORIENTED_EDGE('',*,*,#1882,.T.);
#2521=ORIENTED_EDGE('',*,*,#1883,.T.);
#2522=ORIENTED_EDGE('',*,*,#1817,.T.);
#2523=ORIENTED_EDGE('',*,*,#1881,.T.);
#2524=ORIENTED_EDGE('',*,*,#1884,.T.);
#2525=ORIENTED_EDGE('',*,*,#1885,.F.);
#2526=ORIENTED_EDGE('',*,*,#1810,.F.);
#2527=ORIENTED_EDGE('',*,*,#1883,.F.);
#2528=ORIENTED_EDGE('',*,*,#1886,.T.);
#2529=ORIENTED_EDGE('',*,*,#1887,.T.);
#2530=ORIENTED_EDGE('',*,*,#1811,.T.);
#2531=ORIENTED_EDGE('',*,*,#1885,.T.);
#2532=ORIENTED_EDGE('',*,*,#1888,.T.);
#2533=ORIENTED_EDGE('',*,*,#1889,.F.);
#2534=ORIENTED_EDGE('',*,*,#1812,.F.);
#2535=ORIENTED_EDGE('',*,*,#1887,.F.);
#2536=ORIENTED_EDGE('',*,*,#1890,.T.);
#2537=ORIENTED_EDGE('',*,*,#1891,.T.);
#2538=ORIENTED_EDGE('',*,*,#1813,.T.);
#2539=ORIENTED_EDGE('',*,*,#1889,.T.);
#2540=ORIENTED_EDGE('',*,*,#1892,.T.);
#2541=ORIENTED_EDGE('',*,*,#1879,.F.);
#2542=ORIENTED_EDGE('',*,*,#1814,.F.);
#2543=ORIENTED_EDGE('',*,*,#1891,.F.);
#2544=ORIENTED_EDGE('',*,*,#1893,.T.);
#2545=ORIENTED_EDGE('',*,*,#1894,.F.);
#2546=ORIENTED_EDGE('',*,*,#1824,.F.);
#2547=ORIENTED_EDGE('',*,*,#1895,.F.);
#2548=ORIENTED_EDGE('',*,*,#1896,.T.);
#2549=ORIENTED_EDGE('',*,*,#1897,.T.);
#2550=ORIENTED_EDGE('',*,*,#1825,.T.);
#2551=ORIENTED_EDGE('',*,*,#1894,.T.);
#2552=ORIENTED_EDGE('',*,*,#1898,.T.);
#2553=ORIENTED_EDGE('',*,*,#1899,.F.);
#2554=ORIENTED_EDGE('',*,*,#1818,.F.);
#2555=ORIENTED_EDGE('',*,*,#1897,.F.);
#2556=ORIENTED_EDGE('',*,*,#1900,.T.);
#2557=ORIENTED_EDGE('',*,*,#1901,.T.);
#2558=ORIENTED_EDGE('',*,*,#1819,.T.);
#2559=ORIENTED_EDGE('',*,*,#1899,.T.);
#2560=ORIENTED_EDGE('',*,*,#1902,.T.);
#2561=ORIENTED_EDGE('',*,*,#1903,.F.);
#2562=ORIENTED_EDGE('',*,*,#1820,.F.);
#2563=ORIENTED_EDGE('',*,*,#1901,.F.);
#2564=ORIENTED_EDGE('',*,*,#1904,.T.);
#2565=ORIENTED_EDGE('',*,*,#1905,.T.);
#2566=ORIENTED_EDGE('',*,*,#1821,.T.);
#2567=ORIENTED_EDGE('',*,*,#1903,.T.);
#2568=ORIENTED_EDGE('',*,*,#1906,.T.);
#2569=ORIENTED_EDGE('',*,*,#1907,.F.);
#2570=ORIENTED_EDGE('',*,*,#1822,.F.);
#2571=ORIENTED_EDGE('',*,*,#1905,.F.);
#2572=ORIENTED_EDGE('',*,*,#1908,.T.);
#2573=ORIENTED_EDGE('',*,*,#1895,.T.);
#2574=ORIENTED_EDGE('',*,*,#1823,.T.);
#2575=ORIENTED_EDGE('',*,*,#1907,.T.);
#2576=ORIENTED_EDGE('',*,*,#1909,.T.);
#2577=ORIENTED_EDGE('',*,*,#1910,.T.);
#2578=ORIENTED_EDGE('',*,*,#1834,.T.);
#2579=ORIENTED_EDGE('',*,*,#1911,.T.);
#2580=ORIENTED_EDGE('',*,*,#1912,.T.);
#2581=ORIENTED_EDGE('',*,*,#1913,.F.);
#2582=ORIENTED_EDGE('',*,*,#1835,.F.);
#2583=ORIENTED_EDGE('',*,*,#1910,.F.);
#2584=ORIENTED_EDGE('',*,*,#1914,.T.);
#2585=ORIENTED_EDGE('',*,*,#1915,.T.);
#2586=ORIENTED_EDGE('',*,*,#1836,.T.);
#2587=ORIENTED_EDGE('',*,*,#1913,.T.);
#2588=ORIENTED_EDGE('',*,*,#1916,.T.);
#2589=ORIENTED_EDGE('',*,*,#1917,.F.);
#2590=ORIENTED_EDGE('',*,*,#1826,.F.);
#2591=ORIENTED_EDGE('',*,*,#1915,.F.);
#2592=ORIENTED_EDGE('',*,*,#1918,.T.);
#2593=ORIENTED_EDGE('',*,*,#1919,.T.);
#2594=ORIENTED_EDGE('',*,*,#1827,.T.);
#2595=ORIENTED_EDGE('',*,*,#1917,.T.);
#2596=ORIENTED_EDGE('',*,*,#1920,.T.);
#2597=ORIENTED_EDGE('',*,*,#1921,.T.);
#2598=ORIENTED_EDGE('',*,*,#1828,.F.);
#2599=ORIENTED_EDGE('',*,*,#1919,.F.);
#2600=ORIENTED_EDGE('',*,*,#1922,.T.);
#2601=ORIENTED_EDGE('',*,*,#1923,.F.);
#2602=ORIENTED_EDGE('',*,*,#1829,.F.);
#2603=ORIENTED_EDGE('',*,*,#1921,.F.);
#2604=ORIENTED_EDGE('',*,*,#1924,.T.);
#2605=ORIENTED_EDGE('',*,*,#1925,.T.);
#2606=ORIENTED_EDGE('',*,*,#1830,.T.);
#2607=ORIENTED_EDGE('',*,*,#1923,.T.);
#2608=ORIENTED_EDGE('',*,*,#1926,.T.);
#2609=ORIENTED_EDGE('',*,*,#1927,.F.);
#2610=ORIENTED_EDGE('',*,*,#1831,.F.);
#2611=ORIENTED_EDGE('',*,*,#1925,.F.);
#2612=ORIENTED_EDGE('',*,*,#1928,.T.);
#2613=ORIENTED_EDGE('',*,*,#1929,.T.);
#2614=ORIENTED_EDGE('',*,*,#1832,.T.);
#2615=ORIENTED_EDGE('',*,*,#1927,.T.);
#2616=ORIENTED_EDGE('',*,*,#1930,.T.);
#2617=ORIENTED_EDGE('',*,*,#1911,.F.);
#2618=ORIENTED_EDGE('',*,*,#1833,.F.);
#2619=ORIENTED_EDGE('',*,*,#1929,.F.);
#2620=ORIENTED_EDGE('',*,*,#1837,.F.);
#2621=ORIENTED_EDGE('',*,*,#1931,.T.);
#2622=ORIENTED_EDGE('',*,*,#1932,.T.);
#2623=ORIENTED_EDGE('',*,*,#1933,.T.);
#2624=ORIENTED_EDGE('',*,*,#1933,.F.);
#2625=ORIENTED_EDGE('',*,*,#1934,.F.);
#2626=ORIENTED_EDGE('',*,*,#1935,.F.);
#2627=ORIENTED_EDGE('',*,*,#1838,.T.);
#2628=ORIENTED_EDGE('',*,*,#1839,.F.);
#2629=ORIENTED_EDGE('',*,*,#1935,.T.);
#2630=ORIENTED_EDGE('',*,*,#1936,.T.);
#2631=ORIENTED_EDGE('',*,*,#1937,.T.);
#2632=ORIENTED_EDGE('',*,*,#1938,.F.);
#2633=ORIENTED_EDGE('',*,*,#1840,.T.);
#2634=ORIENTED_EDGE('',*,*,#1937,.F.);
#2635=ORIENTED_EDGE('',*,*,#1939,.F.);
#2636=ORIENTED_EDGE('',*,*,#1841,.F.);
#2637=ORIENTED_EDGE('',*,*,#1938,.T.);
#2638=ORIENTED_EDGE('',*,*,#1940,.T.);
#2639=ORIENTED_EDGE('',*,*,#1941,.T.);
#2640=ORIENTED_EDGE('',*,*,#1942,.F.);
#2641=ORIENTED_EDGE('',*,*,#1842,.T.);
#2642=ORIENTED_EDGE('',*,*,#1941,.F.);
#2643=ORIENTED_EDGE('',*,*,#1943,.F.);
#2644=ORIENTED_EDGE('',*,*,#1843,.F.);
#2645=ORIENTED_EDGE('',*,*,#1942,.T.);
#2646=ORIENTED_EDGE('',*,*,#1944,.T.);
#2647=ORIENTED_EDGE('',*,*,#1945,.T.);
#2648=ORIENTED_EDGE('',*,*,#1931,.F.);
#2649=ORIENTED_EDGE('',*,*,#1844,.T.);
#2650=ORIENTED_EDGE('',*,*,#1945,.F.);
#2651=ORIENTED_EDGE('',*,*,#1946,.F.);
#2652=ORIENTED_EDGE('',*,*,#1947,.F.);
#2653=ORIENTED_EDGE('',*,*,#1948,.T.);
#2654=ORIENTED_EDGE('',*,*,#1845,.T.);
#2655=ORIENTED_EDGE('',*,*,#1948,.F.);
#2656=ORIENTED_EDGE('',*,*,#1949,.F.);
#2657=ORIENTED_EDGE('',*,*,#1950,.T.);
#2658=ORIENTED_EDGE('',*,*,#1846,.T.);
#2659=ORIENTED_EDGE('',*,*,#1950,.F.);
#2660=ORIENTED_EDGE('',*,*,#1951,.F.);
#2661=ORIENTED_EDGE('',*,*,#1952,.T.);
#2662=ORIENTED_EDGE('',*,*,#1847,.T.);
#2663=ORIENTED_EDGE('',*,*,#1952,.F.);
#2664=ORIENTED_EDGE('',*,*,#1953,.F.);
#2665=ORIENTED_EDGE('',*,*,#1954,.T.);
#2666=ORIENTED_EDGE('',*,*,#1848,.T.);
#2667=ORIENTED_EDGE('',*,*,#1954,.F.);
#2668=ORIENTED_EDGE('',*,*,#1955,.F.);
#2669=ORIENTED_EDGE('',*,*,#1956,.T.);
#2670=ORIENTED_EDGE('',*,*,#1853,.T.);
#2671=ORIENTED_EDGE('',*,*,#1860,.T.);
#2672=ORIENTED_EDGE('',*,*,#1957,.F.);
#2673=ORIENTED_EDGE('',*,*,#1854,.T.);
#2674=ORIENTED_EDGE('',*,*,#1956,.F.);
#2675=ORIENTED_EDGE('',*,*,#1958,.F.);
#2676=ORIENTED_EDGE('',*,*,#1959,.F.);
#2677=ORIENTED_EDGE('',*,*,#1960,.T.);
#2678=ORIENTED_EDGE('',*,*,#1855,.T.);
#2679=ORIENTED_EDGE('',*,*,#1957,.T.);
#2680=ORIENTED_EDGE('',*,*,#1850,.F.);
#2681=ORIENTED_EDGE('',*,*,#1856,.T.);
#2682=ORIENTED_EDGE('',*,*,#1960,.F.);
#2683=ORIENTED_EDGE('',*,*,#1961,.F.);
#2684=ORIENTED_EDGE('',*,*,#1962,.F.);
#2685=ORIENTED_EDGE('',*,*,#1682,.T.);
#2686=ORIENTED_EDGE('',*,*,#1688,.F.);
#2687=ORIENTED_EDGE('',*,*,#1963,.F.);
#2688=ORIENTED_EDGE('',*,*,#1964,.T.);
#2689=ORIENTED_EDGE('',*,*,#1683,.T.);
#2690=ORIENTED_EDGE('',*,*,#1962,.T.);
#2691=ORIENTED_EDGE('',*,*,#1965,.F.);
#2692=ORIENTED_EDGE('',*,*,#1684,.T.);
#2693=ORIENTED_EDGE('',*,*,#1964,.F.);
#2694=ORIENTED_EDGE('',*,*,#1966,.F.);
#2695=ORIENTED_EDGE('',*,*,#1967,.F.);
#2696=ORIENTED_EDGE('',*,*,#1861,.T.);
#2697=ORIENTED_EDGE('',*,*,#1685,.T.);
#2698=ORIENTED_EDGE('',*,*,#1965,.T.);
#2699=ORIENTED_EDGE('',*,*,#1968,.F.);
#2700=ORIENTED_EDGE('',*,*,#1863,.T.);
#2701=ORIENTED_EDGE('',*,*,#1969,.T.);
#2702=ORIENTED_EDGE('',*,*,#1970,.T.);
#2703=ORIENTED_EDGE('',*,*,#1970,.F.);
#2704=ORIENTED_EDGE('',*,*,#1971,.F.);
#2705=ORIENTED_EDGE('',*,*,#1972,.F.);
#2706=ORIENTED_EDGE('',*,*,#1973,.T.);
#2707=ORIENTED_EDGE('',*,*,#1974,.T.);
#2708=ORIENTED_EDGE('',*,*,#1975,.T.);
#2709=ORIENTED_EDGE('',*,*,#1976,.T.);
#2710=ORIENTED_EDGE('',*,*,#1972,.T.);
#2711=ORIENTED_EDGE('',*,*,#1977,.F.);
#2712=ORIENTED_EDGE('',*,*,#1978,.T.);
#2713=ORIENTED_EDGE('',*,*,#1975,.F.);
#2714=ORIENTED_EDGE('',*,*,#1979,.F.);
#2715=ORIENTED_EDGE('',*,*,#1980,.F.);
#2716=ORIENTED_EDGE('',*,*,#1977,.T.);
#2717=ORIENTED_EDGE('',*,*,#1981,.T.);
#2718=ORIENTED_EDGE('',*,*,#1982,.T.);
#2719=ORIENTED_EDGE('',*,*,#1983,.F.);
#2720=ORIENTED_EDGE('',*,*,#1984,.T.);
#2721=ORIENTED_EDGE('',*,*,#1982,.F.);
#2722=ORIENTED_EDGE('',*,*,#1985,.F.);
#2723=ORIENTED_EDGE('',*,*,#1986,.F.);
#2724=ORIENTED_EDGE('',*,*,#1987,.T.);
#2725=ORIENTED_EDGE('',*,*,#1988,.T.);
#2726=ORIENTED_EDGE('',*,*,#1989,.T.);
#2727=ORIENTED_EDGE('',*,*,#1990,.T.);
#2728=ORIENTED_EDGE('',*,*,#1991,.T.);
#2729=ORIENTED_EDGE('',*,*,#1988,.F.);
#2730=ORIENTED_EDGE('',*,*,#1992,.F.);
#2731=ORIENTED_EDGE('',*,*,#1990,.F.);
#2732=ORIENTED_EDGE('',*,*,#1993,.T.);
#2733=ORIENTED_EDGE('',*,*,#1994,.T.);
#2734=ORIENTED_EDGE('',*,*,#1995,.T.);
#2735=ORIENTED_EDGE('',*,*,#1994,.F.);
#2736=ORIENTED_EDGE('',*,*,#1996,.F.);
#2737=ORIENTED_EDGE('',*,*,#1997,.T.);
#2738=ORIENTED_EDGE('',*,*,#1998,.T.);
#2739=ORIENTED_EDGE('',*,*,#1999,.F.);
#2740=ORIENTED_EDGE('',*,*,#2000,.T.);
#2741=ORIENTED_EDGE('',*,*,#2001,.T.);
#2742=ORIENTED_EDGE('',*,*,#1997,.F.);
#2743=ORIENTED_EDGE('',*,*,#2002,.T.);
#2744=ORIENTED_EDGE('',*,*,#2003,.T.);
#2745=ORIENTED_EDGE('',*,*,#2000,.F.);
#2746=ORIENTED_EDGE('',*,*,#2004,.F.);
#2747=ORIENTED_EDGE('',*,*,#2002,.F.);
#2748=ORIENTED_EDGE('',*,*,#2005,.T.);
#2749=ORIENTED_EDGE('',*,*,#2006,.T.);
#2750=ORIENTED_EDGE('',*,*,#2007,.T.);
#2751=ORIENTED_EDGE('',*,*,#2008,.T.);
#2752=ORIENTED_EDGE('',*,*,#2009,.T.);
#2753=ORIENTED_EDGE('',*,*,#2006,.F.);
#2754=ORIENTED_EDGE('',*,*,#2010,.F.);
#2755=ORIENTED_EDGE('',*,*,#2008,.F.);
#2756=ORIENTED_EDGE('',*,*,#2011,.T.);
#2757=ORIENTED_EDGE('',*,*,#2012,.T.);
#2758=ORIENTED_EDGE('',*,*,#2013,.T.);
#2759=ORIENTED_EDGE('',*,*,#2012,.F.);
#2760=ORIENTED_EDGE('',*,*,#2014,.F.);
#2761=ORIENTED_EDGE('',*,*,#2015,.T.);
#2762=ORIENTED_EDGE('',*,*,#2016,.T.);
#2763=ORIENTED_EDGE('',*,*,#2017,.T.);
#2764=ORIENTED_EDGE('',*,*,#2018,.T.);
#2765=ORIENTED_EDGE('',*,*,#2015,.F.);
#2766=ORIENTED_EDGE('',*,*,#2019,.F.);
#2767=ORIENTED_EDGE('',*,*,#2017,.F.);
#2768=ORIENTED_EDGE('',*,*,#2020,.T.);
#2769=ORIENTED_EDGE('',*,*,#2021,.T.);
#2770=ORIENTED_EDGE('',*,*,#2022,.T.);
#2771=ORIENTED_EDGE('',*,*,#2021,.F.);
#2772=ORIENTED_EDGE('',*,*,#2023,.F.);
#2773=ORIENTED_EDGE('',*,*,#2024,.T.);
#2774=ORIENTED_EDGE('',*,*,#2025,.T.);
#2775=ORIENTED_EDGE('',*,*,#2026,.T.);
#2776=ORIENTED_EDGE('',*,*,#2027,.T.);
#2777=ORIENTED_EDGE('',*,*,#2024,.F.);
#2778=ORIENTED_EDGE('',*,*,#2028,.F.);
#2779=ORIENTED_EDGE('',*,*,#2026,.F.);
#2780=ORIENTED_EDGE('',*,*,#2029,.T.);
#2781=ORIENTED_EDGE('',*,*,#2030,.T.);
#2782=ORIENTED_EDGE('',*,*,#2031,.T.);
#2783=ORIENTED_EDGE('',*,*,#2030,.F.);
#2784=ORIENTED_EDGE('',*,*,#2032,.F.);
#2785=ORIENTED_EDGE('',*,*,#2033,.T.);
#2786=ORIENTED_EDGE('',*,*,#2034,.T.);
#2787=ORIENTED_EDGE('',*,*,#2033,.F.);
#2788=ORIENTED_EDGE('',*,*,#2035,.T.);
#2789=ORIENTED_EDGE('',*,*,#2036,.T.);
#2790=ORIENTED_EDGE('',*,*,#2037,.T.);
#2791=ORIENTED_EDGE('',*,*,#2036,.F.);
#2792=ORIENTED_EDGE('',*,*,#2038,.F.);
#2793=ORIENTED_EDGE('',*,*,#2039,.T.);
#2794=ORIENTED_EDGE('',*,*,#2040,.T.);
#2795=ORIENTED_EDGE('',*,*,#2041,.T.);
#2796=ORIENTED_EDGE('',*,*,#2042,.T.);
#2797=ORIENTED_EDGE('',*,*,#2039,.F.);
#2798=ORIENTED_EDGE('',*,*,#2043,.F.);
#2799=ORIENTED_EDGE('',*,*,#2041,.F.);
#2800=ORIENTED_EDGE('',*,*,#2044,.T.);
#2801=ORIENTED_EDGE('',*,*,#2045,.T.);
#2802=ORIENTED_EDGE('',*,*,#2046,.T.);
#2803=ORIENTED_EDGE('',*,*,#2047,.T.);
#2804=ORIENTED_EDGE('',*,*,#2048,.T.);
#2805=ORIENTED_EDGE('',*,*,#2045,.F.);
#2806=ORIENTED_EDGE('',*,*,#2049,.F.);
#2807=ORIENTED_EDGE('',*,*,#2047,.F.);
#2808=ORIENTED_EDGE('',*,*,#2050,.T.);
#2809=ORIENTED_EDGE('',*,*,#2051,.T.);
#2810=ORIENTED_EDGE('',*,*,#2052,.T.);
#2811=ORIENTED_EDGE('',*,*,#2051,.F.);
#2812=ORIENTED_EDGE('',*,*,#2053,.F.);
#2813=ORIENTED_EDGE('',*,*,#2054,.T.);
#2814=ORIENTED_EDGE('',*,*,#2055,.T.);
#2815=ORIENTED_EDGE('',*,*,#2056,.F.);
#2816=ORIENTED_EDGE('',*,*,#2057,.T.);
#2817=ORIENTED_EDGE('',*,*,#2058,.T.);
#2818=ORIENTED_EDGE('',*,*,#2054,.F.);
#2819=ORIENTED_EDGE('',*,*,#2059,.T.);
#2820=ORIENTED_EDGE('',*,*,#2060,.T.);
#2821=ORIENTED_EDGE('',*,*,#2057,.F.);
#2822=ORIENTED_EDGE('',*,*,#2061,.F.);
#2823=ORIENTED_EDGE('',*,*,#2059,.F.);
#2824=ORIENTED_EDGE('',*,*,#2062,.T.);
#2825=ORIENTED_EDGE('',*,*,#2063,.T.);
#2826=ORIENTED_EDGE('',*,*,#2064,.T.);
#2827=ORIENTED_EDGE('',*,*,#2063,.F.);
#2828=ORIENTED_EDGE('',*,*,#2065,.F.);
#2829=ORIENTED_EDGE('',*,*,#2066,.T.);
#2830=ORIENTED_EDGE('',*,*,#2067,.T.);
#2831=ORIENTED_EDGE('',*,*,#2066,.F.);
#2832=ORIENTED_EDGE('',*,*,#2068,.T.);
#2833=ORIENTED_EDGE('',*,*,#2069,.T.);
#2834=ORIENTED_EDGE('',*,*,#2070,.T.);
#2835=ORIENTED_EDGE('',*,*,#2069,.F.);
#2836=ORIENTED_EDGE('',*,*,#2071,.F.);
#2837=ORIENTED_EDGE('',*,*,#2072,.T.);
#2838=ORIENTED_EDGE('',*,*,#2073,.T.);
#2839=ORIENTED_EDGE('',*,*,#2074,.T.);
#2840=ORIENTED_EDGE('',*,*,#2075,.T.);
#2841=ORIENTED_EDGE('',*,*,#2072,.F.);
#2842=ORIENTED_EDGE('',*,*,#2076,.F.);
#2843=ORIENTED_EDGE('',*,*,#2074,.F.);
#2844=ORIENTED_EDGE('',*,*,#2077,.T.);
#2845=ORIENTED_EDGE('',*,*,#2078,.T.);
#2846=ORIENTED_EDGE('',*,*,#2079,.T.);
#2847=ORIENTED_EDGE('',*,*,#2078,.F.);
#2848=ORIENTED_EDGE('',*,*,#2080,.F.);
#2849=ORIENTED_EDGE('',*,*,#2081,.T.);
#2850=ORIENTED_EDGE('',*,*,#2082,.T.);
#2851=ORIENTED_EDGE('',*,*,#2083,.F.);
#2852=ORIENTED_EDGE('',*,*,#2084,.T.);
#2853=ORIENTED_EDGE('',*,*,#2085,.T.);
#2854=ORIENTED_EDGE('',*,*,#1858,.T.);
#2855=ORIENTED_EDGE('',*,*,#1741,.T.);
#2856=ORIENTED_EDGE('',*,*,#1748,.F.);
#2857=ORIENTED_EDGE('',*,*,#1764,.T.);
#2858=ORIENTED_EDGE('',*,*,#2086,.F.);
#2859=ORIENTED_EDGE('',*,*,#2083,.T.);
#2860=ORIENTED_EDGE('',*,*,#1864,.F.);
#2861=ORIENTED_EDGE('',*,*,#1968,.T.);
#2862=ORIENTED_EDGE('',*,*,#1973,.F.);
#2863=ORIENTED_EDGE('',*,*,#1976,.F.);
#2864=ORIENTED_EDGE('',*,*,#1978,.F.);
#2865=ORIENTED_EDGE('',*,*,#1980,.T.);
#2866=ORIENTED_EDGE('',*,*,#1984,.F.);
#2867=ORIENTED_EDGE('',*,*,#2087,.T.);
#2868=ORIENTED_EDGE('',*,*,#1761,.F.);
#2869=ORIENTED_EDGE('',*,*,#1755,.F.);
#2870=ORIENTED_EDGE('',*,*,#1749,.T.);
#2871=ORIENTED_EDGE('',*,*,#1753,.F.);
#2872=ORIENTED_EDGE('',*,*,#1875,.T.);
#2873=ORIENTED_EDGE('',*,*,#1873,.T.);
#2874=ORIENTED_EDGE('',*,*,#1871,.T.);
#2875=ORIENTED_EDGE('',*,*,#1869,.T.);
#2876=ORIENTED_EDGE('',*,*,#1867,.T.);
#2877=ORIENTED_EDGE('',*,*,#1865,.T.);
#2878=ORIENTED_EDGE('',*,*,#1766,.F.);
#2879=ORIENTED_EDGE('',*,*,#2088,.T.);
#2880=ORIENTED_EDGE('',*,*,#2081,.F.);
#2881=ORIENTED_EDGE('',*,*,#2089,.F.);
#2882=ORIENTED_EDGE('',*,*,#2084,.F.);
#2883=ORIENTED_EDGE('',*,*,#2086,.T.);
#2884=ORIENTED_EDGE('',*,*,#2087,.F.);
#2885=ORIENTED_EDGE('',*,*,#1983,.T.);
#2886=ORIENTED_EDGE('',*,*,#2090,.T.);
#2887=ORIENTED_EDGE('',*,*,#1762,.T.);
#2888=ORIENTED_EDGE('',*,*,#2031,.F.);
#2889=ORIENTED_EDGE('',*,*,#2034,.F.);
#2890=ORIENTED_EDGE('',*,*,#2037,.F.);
#2891=ORIENTED_EDGE('',*,*,#2040,.F.);
#2892=ORIENTED_EDGE('',*,*,#2042,.F.);
#2893=ORIENTED_EDGE('',*,*,#2046,.F.);
#2894=ORIENTED_EDGE('',*,*,#2048,.F.);
#2895=ORIENTED_EDGE('',*,*,#2052,.F.);
#2896=ORIENTED_EDGE('',*,*,#2055,.F.);
#2897=ORIENTED_EDGE('',*,*,#2058,.F.);
#2898=ORIENTED_EDGE('',*,*,#2060,.F.);
#2899=ORIENTED_EDGE('',*,*,#2064,.F.);
#2900=ORIENTED_EDGE('',*,*,#2067,.F.);
#2901=ORIENTED_EDGE('',*,*,#2070,.F.);
#2902=ORIENTED_EDGE('',*,*,#2073,.F.);
#2903=ORIENTED_EDGE('',*,*,#2075,.F.);
#2904=ORIENTED_EDGE('',*,*,#2079,.F.);
#2905=ORIENTED_EDGE('',*,*,#2082,.F.);
#2906=ORIENTED_EDGE('',*,*,#2088,.F.);
#2907=ORIENTED_EDGE('',*,*,#1765,.F.);
#2908=ORIENTED_EDGE('',*,*,#1760,.F.);
#2909=ORIENTED_EDGE('',*,*,#1769,.F.);
#2910=ORIENTED_EDGE('',*,*,#2091,.F.);
#2911=ORIENTED_EDGE('',*,*,#1989,.F.);
#2912=ORIENTED_EDGE('',*,*,#1991,.F.);
#2913=ORIENTED_EDGE('',*,*,#1995,.F.);
#2914=ORIENTED_EDGE('',*,*,#1998,.F.);
#2915=ORIENTED_EDGE('',*,*,#2001,.F.);
#2916=ORIENTED_EDGE('',*,*,#2003,.F.);
#2917=ORIENTED_EDGE('',*,*,#2007,.F.);
#2918=ORIENTED_EDGE('',*,*,#2009,.F.);
#2919=ORIENTED_EDGE('',*,*,#2013,.F.);
#2920=ORIENTED_EDGE('',*,*,#2016,.F.);
#2921=ORIENTED_EDGE('',*,*,#2018,.F.);
#2922=ORIENTED_EDGE('',*,*,#2022,.F.);
#2923=ORIENTED_EDGE('',*,*,#2025,.F.);
#2924=ORIENTED_EDGE('',*,*,#2027,.F.);
#2925=ORIENTED_EDGE('',*,*,#1930,.F.);
#2926=ORIENTED_EDGE('',*,*,#1928,.F.);
#2927=ORIENTED_EDGE('',*,*,#1926,.F.);
#2928=ORIENTED_EDGE('',*,*,#1924,.F.);
#2929=ORIENTED_EDGE('',*,*,#1922,.F.);
#2930=ORIENTED_EDGE('',*,*,#1920,.F.);
#2931=ORIENTED_EDGE('',*,*,#1918,.F.);
#2932=ORIENTED_EDGE('',*,*,#1916,.F.);
#2933=ORIENTED_EDGE('',*,*,#1914,.F.);
#2934=ORIENTED_EDGE('',*,*,#1912,.F.);
#2935=ORIENTED_EDGE('',*,*,#1909,.F.);
#2936=ORIENTED_EDGE('',*,*,#1908,.F.);
#2937=ORIENTED_EDGE('',*,*,#1906,.F.);
#2938=ORIENTED_EDGE('',*,*,#1904,.F.);
#2939=ORIENTED_EDGE('',*,*,#1902,.F.);
#2940=ORIENTED_EDGE('',*,*,#1900,.F.);
#2941=ORIENTED_EDGE('',*,*,#1898,.F.);
#2942=ORIENTED_EDGE('',*,*,#1896,.F.);
#2943=ORIENTED_EDGE('',*,*,#1893,.F.);
#2944=ORIENTED_EDGE('',*,*,#1892,.F.);
#2945=ORIENTED_EDGE('',*,*,#1890,.F.);
#2946=ORIENTED_EDGE('',*,*,#1888,.F.);
#2947=ORIENTED_EDGE('',*,*,#1886,.F.);
#2948=ORIENTED_EDGE('',*,*,#1884,.F.);
#2949=ORIENTED_EDGE('',*,*,#1882,.F.);
#2950=ORIENTED_EDGE('',*,*,#1880,.F.);
#2951=ORIENTED_EDGE('',*,*,#1877,.F.);
#2952=ORIENTED_EDGE('',*,*,#1986,.T.);
#2953=ORIENTED_EDGE('',*,*,#2091,.T.);
#2954=ORIENTED_EDGE('',*,*,#1768,.F.);
#2955=ORIENTED_EDGE('',*,*,#2092,.F.);
#2956=ORIENTED_EDGE('',*,*,#1757,.T.);
#2957=ORIENTED_EDGE('',*,*,#1763,.T.);
#2958=ORIENTED_EDGE('',*,*,#2090,.F.);
#2959=ORIENTED_EDGE('',*,*,#1985,.T.);
#2960=ORIENTED_EDGE('',*,*,#1981,.F.);
#2961=ORIENTED_EDGE('',*,*,#1979,.T.);
#2962=ORIENTED_EDGE('',*,*,#1974,.F.);
#2963=ORIENTED_EDGE('',*,*,#1971,.T.);
#2964=ORIENTED_EDGE('',*,*,#1969,.F.);
#2965=ORIENTED_EDGE('',*,*,#1862,.T.);
#2966=ORIENTED_EDGE('',*,*,#1967,.T.);
#2967=ORIENTED_EDGE('',*,*,#1966,.T.);
#2968=ORIENTED_EDGE('',*,*,#1963,.T.);
#2969=ORIENTED_EDGE('',*,*,#1961,.T.);
#2970=ORIENTED_EDGE('',*,*,#1959,.T.);
#2971=ORIENTED_EDGE('',*,*,#1958,.T.);
#2972=ORIENTED_EDGE('',*,*,#1955,.T.);
#2973=ORIENTED_EDGE('',*,*,#1859,.T.);
#2974=ORIENTED_EDGE('',*,*,#2085,.F.);
#2975=ORIENTED_EDGE('',*,*,#2089,.T.);
#2976=ORIENTED_EDGE('',*,*,#2080,.T.);
#2977=ORIENTED_EDGE('',*,*,#2077,.F.);
#2978=ORIENTED_EDGE('',*,*,#2076,.T.);
#2979=ORIENTED_EDGE('',*,*,#2071,.T.);
#2980=ORIENTED_EDGE('',*,*,#2068,.F.);
#2981=ORIENTED_EDGE('',*,*,#2065,.T.);
#2982=ORIENTED_EDGE('',*,*,#2062,.F.);
#2983=ORIENTED_EDGE('',*,*,#2061,.T.);
#2984=ORIENTED_EDGE('',*,*,#2056,.T.);
#2985=ORIENTED_EDGE('',*,*,#2053,.T.);
#2986=ORIENTED_EDGE('',*,*,#2050,.F.);
#2987=ORIENTED_EDGE('',*,*,#2049,.T.);
#2988=ORIENTED_EDGE('',*,*,#2044,.F.);
#2989=ORIENTED_EDGE('',*,*,#2043,.T.);
#2990=ORIENTED_EDGE('',*,*,#2038,.T.);
#2991=ORIENTED_EDGE('',*,*,#2035,.F.);
#2992=ORIENTED_EDGE('',*,*,#2032,.T.);
#2993=ORIENTED_EDGE('',*,*,#2029,.F.);
#2994=ORIENTED_EDGE('',*,*,#2028,.T.);
#2995=ORIENTED_EDGE('',*,*,#2023,.T.);
#2996=ORIENTED_EDGE('',*,*,#2020,.F.);
#2997=ORIENTED_EDGE('',*,*,#2019,.T.);
#2998=ORIENTED_EDGE('',*,*,#2014,.T.);
#2999=ORIENTED_EDGE('',*,*,#2011,.F.);
#3000=ORIENTED_EDGE('',*,*,#2010,.T.);
#3001=ORIENTED_EDGE('',*,*,#2005,.F.);
#3002=ORIENTED_EDGE('',*,*,#2004,.T.);
#3003=ORIENTED_EDGE('',*,*,#1999,.T.);
#3004=ORIENTED_EDGE('',*,*,#1996,.T.);
#3005=ORIENTED_EDGE('',*,*,#1993,.F.);
#3006=ORIENTED_EDGE('',*,*,#1992,.T.);
#3007=ORIENTED_EDGE('',*,*,#1987,.F.);
#3008=ORIENTED_EDGE('',*,*,#2092,.T.);
#3009=ORIENTED_EDGE('',*,*,#1767,.T.);
#3010=ORIENTED_EDGE('',*,*,#1758,.T.);
#3011=ORIENTED_EDGE('',*,*,#1745,.T.);
#3012=ORIENTED_EDGE('',*,*,#1743,.F.);
#3013=ORIENTED_EDGE('',*,*,#1754,.T.);
#3014=ORIENTED_EDGE('',*,*,#1751,.F.);
#3015=ORIENTED_EDGE('',*,*,#1953,.T.);
#3016=ORIENTED_EDGE('',*,*,#1951,.T.);
#3017=ORIENTED_EDGE('',*,*,#1949,.T.);
#3018=ORIENTED_EDGE('',*,*,#1947,.T.);
#3019=ORIENTED_EDGE('',*,*,#1946,.T.);
#3020=ORIENTED_EDGE('',*,*,#1944,.F.);
#3021=ORIENTED_EDGE('',*,*,#1943,.T.);
#3022=ORIENTED_EDGE('',*,*,#1940,.F.);
#3023=ORIENTED_EDGE('',*,*,#1939,.T.);
#3024=ORIENTED_EDGE('',*,*,#1936,.F.);
#3025=ORIENTED_EDGE('',*,*,#1934,.T.);
#3026=ORIENTED_EDGE('',*,*,#1932,.F.);
#3027=CYLINDRICAL_SURFACE('',#3295,1.);
#3028=CYLINDRICAL_SURFACE('',#3302,1.);
#3029=CYLINDRICAL_SURFACE('',#3307,1.);
#3030=CYLINDRICAL_SURFACE('',#3312,1.);
#3031=CYLINDRICAL_SURFACE('',#3318,1.);
#3032=CYLINDRICAL_SURFACE('',#3320,1.);
#3033=CYLINDRICAL_SURFACE('',#3325,1.);
#3034=CYLINDRICAL_SURFACE('',#3330,1.);
#3035=CYLINDRICAL_SURFACE('',#3331,5.);
#3036=CYLINDRICAL_SURFACE('',#3334,5.);
#3037=CYLINDRICAL_SURFACE('',#3345,0.5);
#3038=CYLINDRICAL_SURFACE('',#3348,0.5);
#3039=CYLINDRICAL_SURFACE('',#3352,0.5);
#3040=CYLINDRICAL_SURFACE('',#3376,1.);
#3041=CYLINDRICAL_SURFACE('',#3380,1.);
#3042=CYLINDRICAL_SURFACE('',#3387,2.);
#3043=CYLINDRICAL_SURFACE('',#3394,0.850000000000001);
#3044=CYLINDRICAL_SURFACE('',#3396,0.85);
#3045=CYLINDRICAL_SURFACE('',#3398,0.850000000000002);
#3046=CYLINDRICAL_SURFACE('',#3400,0.85);
#3047=CYLINDRICAL_SURFACE('',#3402,10.7);
#3048=CYLINDRICAL_SURFACE('',#3414,5.50000000000001);
#3049=CYLINDRICAL_SURFACE('',#3416,5.);
#3050=CYLINDRICAL_SURFACE('',#3418,5.);
#3051=CYLINDRICAL_SURFACE('',#3459,50.);
#3052=CYLINDRICAL_SURFACE('',#3464,50.);
#3053=CYLINDRICAL_SURFACE('',#3467,0.8115);
#3054=CYLINDRICAL_SURFACE('',#3469,0.8115);
#3055=CYLINDRICAL_SURFACE('',#3471,1.65);
#3056=CYLINDRICAL_SURFACE('',#3473,1.65);
#3057=CYLINDRICAL_SURFACE('',#3475,1.65);
#3058=CYLINDRICAL_SURFACE('',#3477,1.65);
#3059=CYLINDRICAL_SURFACE('',#3479,2.);
#3060=CYLINDRICAL_SURFACE('',#3482,2.);
#3061=CYLINDRICAL_SURFACE('',#3485,2.);
#3062=CYLINDRICAL_SURFACE('',#3488,2.);
#3063=CYLINDRICAL_SURFACE('',#3492,2.);
#3064=CYLINDRICAL_SURFACE('',#3495,2.);
#3065=CYLINDRICAL_SURFACE('',#3498,2.);
#3066=CYLINDRICAL_SURFACE('',#3501,2.);
#3067=CYLINDRICAL_SURFACE('',#3503,2.);
#3068=CYLINDRICAL_SURFACE('',#3506,2.);
#3069=CYLINDRICAL_SURFACE('',#3509,2.);
#3070=CYLINDRICAL_SURFACE('',#3513,2.);
#3071=CYLINDRICAL_SURFACE('',#3516,2.);
#3072=CYLINDRICAL_SURFACE('',#3519,2.);
#3073=CYLINDRICAL_SURFACE('',#3522,2.);
#3074=CYLINDRICAL_SURFACE('',#3525,2.);
#3075=CYLINDRICAL_SURFACE('',#3528,2.);
#3076=CYLINDRICAL_SURFACE('',#3531,1.03775);
#3077=CYLINDRICAL_SURFACE('',#3533,1.03775);
#3078=CYLINDRICAL_SURFACE('',#3535,1.03775);
#3079=CYLINDRICAL_SURFACE('',#3537,1.03775);
#3080=CYLINDRICAL_SURFACE('',#3539,3.3);
#3081=CYLINDRICAL_SURFACE('',#3542,3.3);
#3082=CYLINDRICAL_SURFACE('',#3545,3.3);
#3083=CYLINDRICAL_SURFACE('',#3548,3.3);
#3084=CYLINDRICAL_SURFACE('',#3550,2.);
#3085=CYLINDRICAL_SURFACE('',#3554,3.);
#3086=CYLINDRICAL_SURFACE('',#3558,2.);
#3087=CYLINDRICAL_SURFACE('',#3562,1.);
#3088=CYLINDRICAL_SURFACE('',#3566,1.);
#3089=CYLINDRICAL_SURFACE('',#3572,1.);
#3090=CYLINDRICAL_SURFACE('',#3576,1.);
#3091=CYLINDRICAL_SURFACE('',#3581,2.);
#3092=CYLINDRICAL_SURFACE('',#3586,2.);
#3093=CYLINDRICAL_SURFACE('',#3590,2.);
#3094=CYLINDRICAL_SURFACE('',#3595,1.);
#3095=CYLINDRICAL_SURFACE('',#3599,1.);
#3096=CYLINDRICAL_SURFACE('',#3605,1.);
#3097=CYLINDRICAL_SURFACE('',#3609,1.);
#3098=CYLINDRICAL_SURFACE('',#3614,2.);
#3099=CYLINDRICAL_SURFACE('',#3618,2.);
#3100=CYLINDRICAL_SURFACE('',#3624,2.);
#3101=ADVANCED_FACE('',(#153),#3027,.T.);
#3102=ADVANCED_FACE('',(#154),#151,.T.);
#3103=ADVANCED_FACE('',(#155),#3028,.T.);
#3104=ADVANCED_FACE('',(#156),#147,.F.);
#3105=ADVANCED_FACE('',(#157),#3029,.T.);
#3106=ADVANCED_FACE('',(#158),#148,.F.);
#3107=ADVANCED_FACE('',(#159),#3030,.T.);
#3108=ADVANCED_FACE('',(#160),#152,.T.);
#3109=ADVANCED_FACE('',(#161),#3031,.T.);
#3110=ADVANCED_FACE('',(#162),#3032,.T.);
#3111=ADVANCED_FACE('',(#163),#149,.F.);
#3112=ADVANCED_FACE('',(#164),#3033,.T.);
#3113=ADVANCED_FACE('',(#165),#150,.F.);
#3114=ADVANCED_FACE('',(#166),#3034,.T.);
#3115=ADVANCED_FACE('',(#167),#3035,.T.);
#3116=ADVANCED_FACE('',(#168),#51,.T.);
#3117=ADVANCED_FACE('',(#169),#3036,.T.);
#3118=ADVANCED_FACE('',(#170),#52,.T.);
#3119=ADVANCED_FACE('',(#171),#53,.T.);
#3120=ADVANCED_FACE('',(#172),#54,.F.);
#3121=ADVANCED_FACE('',(#173),#55,.T.);
#3122=ADVANCED_FACE('',(#174),#56,.F.);
#3123=ADVANCED_FACE('',(#175),#57,.F.);
#3124=ADVANCED_FACE('',(#176),#58,.F.);
#3125=ADVANCED_FACE('',(#177),#3037,.F.);
#3126=ADVANCED_FACE('',(#178),#3038,.F.);
#3127=ADVANCED_FACE('',(#179),#59,.F.);
#3128=ADVANCED_FACE('',(#180),#3039,.F.);
#3129=ADVANCED_FACE('',(#181),#60,.F.);
#3130=ADVANCED_FACE('',(#182),#61,.F.);
#3131=ADVANCED_FACE('',(#183),#62,.F.);
#3132=ADVANCED_FACE('',(#184),#63,.F.);
#3133=ADVANCED_FACE('',(#185),#64,.F.);
#3134=ADVANCED_FACE('',(#186),#65,.F.);
#3135=ADVANCED_FACE('',(#187),#66,.F.);
#3136=ADVANCED_FACE('',(#188),#67,.F.);
#3137=ADVANCED_FACE('',(#189),#68,.T.);
#3138=ADVANCED_FACE('',(#190),#47,.F.);
#3139=ADVANCED_FACE('',(#191),#69,.T.);
#3140=ADVANCED_FACE('',(#192),#48,.F.);
#3141=ADVANCED_FACE('',(#193,#15,#16,#17,#18),#70,.T.);
#3142=ADVANCED_FACE('',(#194),#3040,.F.);
#3143=ADVANCED_FACE('',(#195),#71,.F.);
#3144=ADVANCED_FACE('',(#196),#3041,.F.);
#3145=ADVANCED_FACE('',(#197),#72,.F.);
#3146=ADVANCED_FACE('',(#198),#73,.F.);
#3147=ADVANCED_FACE('',(#199),#74,.F.);
#3148=ADVANCED_FACE('',(#200),#75,.F.);
#3149=ADVANCED_FACE('',(#201),#3042,.F.);
#3150=ADVANCED_FACE('',(#202),#76,.F.);
#3151=ADVANCED_FACE('',(#203,#19),#77,.T.);
#3152=ADVANCED_FACE('',(#204),#3043,.F.);
#3153=ADVANCED_FACE('',(#205),#3044,.F.);
#3154=ADVANCED_FACE('',(#206),#3045,.F.);
#3155=ADVANCED_FACE('',(#207),#3046,.F.);
#3156=ADVANCED_FACE('',(#208),#3047,.F.);
#3157=ADVANCED_FACE('',(#209),#49,.T.);
#3158=ADVANCED_FACE('',(#210),#78,.T.);
#3159=ADVANCED_FACE('',(#211),#50,.T.);
#3160=ADVANCED_FACE('',(#212),#79,.T.);
#3161=ADVANCED_FACE('',(#213),#80,.T.);
#3162=ADVANCED_FACE('',(#214),#81,.T.);
#3163=ADVANCED_FACE('',(#215),#3048,.F.);
#3164=ADVANCED_FACE('',(#216),#3049,.T.);
#3165=ADVANCED_FACE('',(#217),#82,.T.);
#3166=ADVANCED_FACE('',(#218),#3050,.T.);
#3167=ADVANCED_FACE('',(#219),#83,.T.);
#3168=ADVANCED_FACE('',(#220),#84,.F.);
#3169=ADVANCED_FACE('',(#221),#85,.F.);
#3170=ADVANCED_FACE('',(#222,#20),#86,.T.);
#3171=ADVANCED_FACE('',(#223,#21),#87,.T.);
#3172=ADVANCED_FACE('',(#224,#22),#88,.T.);
#3173=ADVANCED_FACE('',(#225,#23),#89,.T.);
#3174=ADVANCED_FACE('',(#226,#24,#25,#26,#27,#28,#29,#30,#31),#90,.T.);
#3175=ADVANCED_FACE('',(#227,#32),#91,.T.);
#3176=ADVANCED_FACE('',(#228),#92,.F.);
#3177=ADVANCED_FACE('',(#229),#93,.F.);
#3178=ADVANCED_FACE('',(#230),#94,.F.);
#3179=ADVANCED_FACE('',(#231),#95,.F.);
#3180=ADVANCED_FACE('',(#232),#3051,.T.);
#3181=ADVANCED_FACE('',(#233),#96,.F.);
#3182=ADVANCED_FACE('',(#234),#3052,.T.);
#3183=ADVANCED_FACE('',(#235),#97,.F.);
#3184=ADVANCED_FACE('',(#236),#3053,.F.);
#3185=ADVANCED_FACE('',(#237),#3054,.F.);
#3186=ADVANCED_FACE('',(#238),#3055,.F.);
#3187=ADVANCED_FACE('',(#239),#3056,.F.);
#3188=ADVANCED_FACE('',(#240),#3057,.F.);
#3189=ADVANCED_FACE('',(#241),#3058,.F.);
#3190=ADVANCED_FACE('',(#242),#3059,.F.);
#3191=ADVANCED_FACE('',(#243),#98,.T.);
#3192=ADVANCED_FACE('',(#244),#3060,.F.);
#3193=ADVANCED_FACE('',(#245),#99,.T.);
#3194=ADVANCED_FACE('',(#246),#3061,.F.);
#3195=ADVANCED_FACE('',(#247),#100,.T.);
#3196=ADVANCED_FACE('',(#248),#3062,.F.);
#3197=ADVANCED_FACE('',(#249),#101,.T.);
#3198=ADVANCED_FACE('',(#250),#102,.T.);
#3199=ADVANCED_FACE('',(#251),#3063,.F.);
#3200=ADVANCED_FACE('',(#252),#103,.T.);
#3201=ADVANCED_FACE('',(#253),#3064,.F.);
#3202=ADVANCED_FACE('',(#254),#104,.T.);
#3203=ADVANCED_FACE('',(#255),#3065,.F.);
#3204=ADVANCED_FACE('',(#256),#105,.T.);
#3205=ADVANCED_FACE('',(#257),#3066,.F.);
#3206=ADVANCED_FACE('',(#258),#3067,.F.);
#3207=ADVANCED_FACE('',(#259),#106,.T.);
#3208=ADVANCED_FACE('',(#260),#3068,.F.);
#3209=ADVANCED_FACE('',(#261),#107,.T.);
#3210=ADVANCED_FACE('',(#262),#3069,.F.);
#3211=ADVANCED_FACE('',(#263),#108,.T.);
#3212=ADVANCED_FACE('',(#264),#109,.T.);
#3213=ADVANCED_FACE('',(#265),#3070,.F.);
#3214=ADVANCED_FACE('',(#266),#110,.T.);
#3215=ADVANCED_FACE('',(#267),#3071,.F.);
#3216=ADVANCED_FACE('',(#268),#111,.T.);
#3217=ADVANCED_FACE('',(#269),#3072,.F.);
#3218=ADVANCED_FACE('',(#270),#112,.F.);
#3219=ADVANCED_FACE('',(#271),#3073,.F.);
#3220=ADVANCED_FACE('',(#272),#113,.F.);
#3221=ADVANCED_FACE('',(#273),#3074,.F.);
#3222=ADVANCED_FACE('',(#274),#114,.F.);
#3223=ADVANCED_FACE('',(#275),#3075,.F.);
#3224=ADVANCED_FACE('',(#276),#115,.F.);
#3225=ADVANCED_FACE('',(#277),#3076,.F.);
#3226=ADVANCED_FACE('',(#278),#3077,.F.);
#3227=ADVANCED_FACE('',(#279),#3078,.F.);
#3228=ADVANCED_FACE('',(#280),#3079,.F.);
#3229=ADVANCED_FACE('',(#281),#3080,.F.);
#3230=ADVANCED_FACE('',(#282),#116,.T.);
#3231=ADVANCED_FACE('',(#283),#3081,.F.);
#3232=ADVANCED_FACE('',(#284),#117,.T.);
#3233=ADVANCED_FACE('',(#285),#3082,.F.);
#3234=ADVANCED_FACE('',(#286),#118,.T.);
#3235=ADVANCED_FACE('',(#287),#3083,.F.);
#3236=ADVANCED_FACE('',(#288),#3084,.F.);
#3237=ADVANCED_FACE('',(#289),#119,.F.);
#3238=ADVANCED_FACE('',(#290),#3085,.T.);
#3239=ADVANCED_FACE('',(#291),#120,.F.);
#3240=ADVANCED_FACE('',(#292),#3086,.F.);
#3241=ADVANCED_FACE('',(#293),#121,.F.);
#3242=ADVANCED_FACE('',(#294),#3087,.F.);
#3243=ADVANCED_FACE('',(#295),#122,.F.);
#3244=ADVANCED_FACE('',(#296),#3088,.F.);
#3245=ADVANCED_FACE('',(#297),#123,.F.);
#3246=ADVANCED_FACE('',(#298),#124,.F.);
#3247=ADVANCED_FACE('',(#299),#125,.F.);
#3248=ADVANCED_FACE('',(#300),#3089,.F.);
#3249=ADVANCED_FACE('',(#301),#126,.F.);
#3250=ADVANCED_FACE('',(#302),#3090,.F.);
#3251=ADVANCED_FACE('',(#303),#127,.F.);
#3252=ADVANCED_FACE('',(#304),#128,.F.);
#3253=ADVANCED_FACE('',(#305),#3091,.F.);
#3254=ADVANCED_FACE('',(#306),#129,.F.);
#3255=ADVANCED_FACE('',(#307),#130,.F.);
#3256=ADVANCED_FACE('',(#308),#3092,.F.);
#3257=ADVANCED_FACE('',(#309),#131,.F.);
#3258=ADVANCED_FACE('',(#310),#3093,.F.);
#3259=ADVANCED_FACE('',(#311),#132,.F.);
#3260=ADVANCED_FACE('',(#312),#133,.F.);
#3261=ADVANCED_FACE('',(#313),#3094,.F.);
#3262=ADVANCED_FACE('',(#314),#134,.F.);
#3263=ADVANCED_FACE('',(#315),#3095,.F.);
#3264=ADVANCED_FACE('',(#316),#135,.F.);
#3265=ADVANCED_FACE('',(#317),#136,.F.);
#3266=ADVANCED_FACE('',(#318),#137,.F.);
#3267=ADVANCED_FACE('',(#319),#3096,.F.);
#3268=ADVANCED_FACE('',(#320),#138,.F.);
#3269=ADVANCED_FACE('',(#321),#3097,.F.);
#3270=ADVANCED_FACE('',(#322),#139,.F.);
#3271=ADVANCED_FACE('',(#323),#140,.F.);
#3272=ADVANCED_FACE('',(#324),#3098,.F.);
#3273=ADVANCED_FACE('',(#325),#141,.F.);
#3274=ADVANCED_FACE('',(#326),#3099,.F.);
#3275=ADVANCED_FACE('',(#327,#33,#34,#35,#36,#37,#38),#142,.T.);
#3276=ADVANCED_FACE('',(#328),#143,.F.);
#3277=ADVANCED_FACE('',(#329),#3100,.F.);
#3278=ADVANCED_FACE('',(#330,#39,#40,#41),#144,.T.);
#3279=ADVANCED_FACE('',(#331),#145,.F.);
#3280=ADVANCED_FACE('',(#332,#42,#43,#44,#45,#46),#146,.F.);
#3281=CLOSED_SHELL('',(#3101,#3102,#3103,#3104,#3105,#3106,#3107,#3108,
#3109,#3110,#3111,#3112,#3113,#3114,#3115,#3116,#3117,#3118,#3119,#3120,
#3121,#3122,#3123,#3124,#3125,#3126,#3127,#3128,#3129,#3130,#3131,#3132,
#3133,#3134,#3135,#3136,#3137,#3138,#3139,#3140,#3141,#3142,#3143,#3144,
#3145,#3146,#3147,#3148,#3149,#3150,#3151,#3152,#3153,#3154,#3155,#3156,
#3157,#3158,#3159,#3160,#3161,#3162,#3163,#3164,#3165,#3166,#3167,#3168,
#3169,#3170,#3171,#3172,#3173,#3174,#3175,#3176,#3177,#3178,#3179,#3180,
#3181,#3182,#3183,#3184,#3185,#3186,#3187,#3188,#3189,#3190,#3191,#3192,
#3193,#3194,#3195,#3196,#3197,#3198,#3199,#3200,#3201,#3202,#3203,#3204,
#3205,#3206,#3207,#3208,#3209,#3210,#3211,#3212,#3213,#3214,#3215,#3216,
#3217,#3218,#3219,#3220,#3221,#3222,#3223,#3224,#3225,#3226,#3227,#3228,
#3229,#3230,#3231,#3232,#3233,#3234,#3235,#3236,#3237,#3238,#3239,#3240,
#3241,#3242,#3243,#3244,#3245,#3246,#3247,#3248,#3249,#3250,#3251,#3252,
#3253,#3254,#3255,#3256,#3257,#3258,#3259,#3260,#3261,#3262,#3263,#3264,
#3265,#3266,#3267,#3268,#3269,#3270,#3271,#3272,#3273,#3274,#3275,#3276,
#3277,#3278,#3279,#3280));
#3282=DERIVED_UNIT_ELEMENT(#3284,1.);
#3283=DERIVED_UNIT_ELEMENT(#5672,-3.);
#3284=(
MASS_UNIT()
NAMED_UNIT(*)
SI_UNIT(.KILO.,.GRAM.)
);
#3285=DERIVED_UNIT((#3282,#3283));
#3286=MEASURE_REPRESENTATION_ITEM('density measure',
POSITIVE_RATIO_MEASURE(7850.),#3285);
#3287=PROPERTY_DEFINITION_REPRESENTATION(#3292,#3289);
#3288=PROPERTY_DEFINITION_REPRESENTATION(#3293,#3290);
#3289=REPRESENTATION('material name',(#3291),#5669);
#3290=REPRESENTATION('density',(#3286),#5669);
#3291=DESCRIPTIVE_REPRESENTATION_ITEM('\X2\AC15CCA0\X0\','\X2\AC15CCA0\X0\');
#3292=PROPERTY_DEFINITION('material property','material name',#5679);
#3293=PROPERTY_DEFINITION('material property','density of part',#5679);
#3294=AXIS2_PLACEMENT_3D('',#4608,#3629,#3630);
#3295=AXIS2_PLACEMENT_3D('',#4609,#3631,#3632);
#3296=AXIS2_PLACEMENT_3D('',#4614,#3634,#3635);
#3297=AXIS2_PLACEMENT_3D('',#4617,#3637,#3638);
#3298=AXIS2_PLACEMENT_3D('',#4618,#3639,#3640);
#3299=AXIS2_PLACEMENT_3D('',#4621,#3641,#3642);
#3300=AXIS2_PLACEMENT_3D('',#4622,#3643,#3644);
#3301=AXIS2_PLACEMENT_3D('',#4623,#3645,#3646);
#3302=AXIS2_PLACEMENT_3D('',#4624,#3647,#3648);
#3303=AXIS2_PLACEMENT_3D('',#4627,#3649,#3650);
#3304=AXIS2_PLACEMENT_3D('',#4662,#3653,#3654);
#3305=AXIS2_PLACEMENT_3D('',#4663,#3655,#3656);
#3306=AXIS2_PLACEMENT_3D('',#4664,#3657,#3658);
#3307=AXIS2_PLACEMENT_3D('',#4665,#3659,#3660);
#3308=AXIS2_PLACEMENT_3D('',#4668,#3661,#3662);
#3309=AXIS2_PLACEMENT_3D('',#4698,#3665,#3666);
#3310=AXIS2_PLACEMENT_3D('',#4699,#3667,#3668);
#3311=AXIS2_PLACEMENT_3D('',#4700,#3669,#3670);
#3312=AXIS2_PLACEMENT_3D('',#4701,#3671,#3672);
#3313=AXIS2_PLACEMENT_3D('',#4704,#3673,#3674);
#3314=AXIS2_PLACEMENT_3D('',#4707,#3677,#3678);
#3315=AXIS2_PLACEMENT_3D('',#4710,#3679,#3680);
#3316=AXIS2_PLACEMENT_3D('',#4711,#3681,#3682);
#3317=AXIS2_PLACEMENT_3D('',#4712,#3683,#3684);
#3318=AXIS2_PLACEMENT_3D('',#4713,#3685,#3686);
#3319=AXIS2_PLACEMENT_3D('',#4718,#3689,#3690);
#3320=AXIS2_PLACEMENT_3D('',#4719,#3691,#3692);
#3321=AXIS2_PLACEMENT_3D('',#4723,#3694,#3695);
#3322=AXIS2_PLACEMENT_3D('',#4757,#3697,#3698);
#3323=AXIS2_PLACEMENT_3D('',#4758,#3699,#3700);
#3324=AXIS2_PLACEMENT_3D('',#4759,#3701,#3702);
#3325=AXIS2_PLACEMENT_3D('',#4760,#3703,#3704);
#3326=AXIS2_PLACEMENT_3D('',#4763,#3705,#3706);
#3327=AXIS2_PLACEMENT_3D('',#4793,#3709,#3710);
#3328=AXIS2_PLACEMENT_3D('',#4794,#3711,#3712);
#3329=AXIS2_PLACEMENT_3D('',#4795,#3713,#3714);
#3330=AXIS2_PLACEMENT_3D('',#4796,#3715,#3716);
#3331=AXIS2_PLACEMENT_3D('',#4799,#3719,#3720);
#3332=AXIS2_PLACEMENT_3D('',#4803,#3722,#3723);
#3333=AXIS2_PLACEMENT_3D('',#4805,#3725,#3726);
#3334=AXIS2_PLACEMENT_3D('',#4809,#3729,#3730);
#3335=AXIS2_PLACEMENT_3D('',#4812,#3732,#3733);
#3336=AXIS2_PLACEMENT_3D('',#4813,#3734,#3735);
#3337=AXIS2_PLACEMENT_3D('',#4819,#3739,#3740);
#3338=AXIS2_PLACEMENT_3D('',#4825,#3744,#3745);
#3339=AXIS2_PLACEMENT_3D('',#4831,#3748,#3749);
#3340=AXIS2_PLACEMENT_3D('',#4835,#3751,#3752);
#3341=AXIS2_PLACEMENT_3D('',#4837,#3754,#3755);
#3342=AXIS2_PLACEMENT_3D('',#4841,#3758,#3759);
#3343=AXIS2_PLACEMENT_3D('',#4850,#3764,#3765);
#3344=AXIS2_PLACEMENT_3D('',#4859,#3770,#3771);
#3345=AXIS2_PLACEMENT_3D('',#4868,#3776,#3777);
#3346=AXIS2_PLACEMENT_3D('',#4870,#3778,#3779);
#3347=AXIS2_PLACEMENT_3D('',#4873,#3781,#3782);
#3348=AXIS2_PLACEMENT_3D('',#4874,#3783,#3784);
#3349=AXIS2_PLACEMENT_3D('',#4876,#3785,#3786);
#3350=AXIS2_PLACEMENT_3D('',#4879,#3788,#3789);
#3351=AXIS2_PLACEMENT_3D('',#4880,#3790,#3791);
#3352=AXIS2_PLACEMENT_3D('',#4884,#3794,#3795);
#3353=AXIS2_PLACEMENT_3D('',#4886,#3796,#3797);
#3354=AXIS2_PLACEMENT_3D('',#4889,#3799,#3800);
#3355=AXIS2_PLACEMENT_3D('',#4890,#3801,#3802);
#3356=AXIS2_PLACEMENT_3D('',#4896,#3806,#3807);
#3357=AXIS2_PLACEMENT_3D('',#4899,#3810,#3811);
#3358=AXIS2_PLACEMENT_3D('',#4900,#3812,#3813);
#3359=AXIS2_PLACEMENT_3D('',#4904,#3816,#3817);
#3360=AXIS2_PLACEMENT_3D('',#4906,#3819,#3820);
#3361=AXIS2_PLACEMENT_3D('',#4912,#3824,#3825);
#3362=AXIS2_PLACEMENT_3D('',#4915,#3828,#3829);
#3363=AXIS2_PLACEMENT_3D('',#4916,#3830,#3831);
#3364=AXIS2_PLACEMENT_3D('',#4925,#3836,#3837);
#3365=AXIS2_PLACEMENT_3D('',#4929,#3839,#3840);
#3366=AXIS2_PLACEMENT_3D('',#4930,#3841,#3842);
#3367=AXIS2_PLACEMENT_3D('',#4931,#3843,#3844);
#3368=AXIS2_PLACEMENT_3D('',#4937,#3848,#3849);
#3369=AXIS2_PLACEMENT_3D('',#4938,#3850,#3851);
#3370=AXIS2_PLACEMENT_3D('',#4939,#3852,#3853);
#3371=AXIS2_PLACEMENT_3D('',#4940,#3854,#3855);
#3372=AXIS2_PLACEMENT_3D('',#4942,#3856,#3857);
#3373=AXIS2_PLACEMENT_3D('',#4944,#3858,#3859);
#3374=AXIS2_PLACEMENT_3D('',#4946,#3860,#3861);
#3375=AXIS2_PLACEMENT_3D('',#4948,#3862,#3863);
#3376=AXIS2_PLACEMENT_3D('',#4949,#3864,#3865);
#3377=AXIS2_PLACEMENT_3D('',#4952,#3866,#3867);
#3378=AXIS2_PLACEMENT_3D('',#4956,#3869,#3870);
#3379=AXIS2_PLACEMENT_3D('',#4958,#3872,#3873);
#3380=AXIS2_PLACEMENT_3D('',#4966,#3878,#3879);
#3381=AXIS2_PLACEMENT_3D('',#4969,#3880,#3881);
#3382=AXIS2_PLACEMENT_3D('',#4973,#3883,#3884);
#3383=AXIS2_PLACEMENT_3D('',#4975,#3886,#3887);
#3384=AXIS2_PLACEMENT_3D('',#4978,#3890,#3891);
#3385=AXIS2_PLACEMENT_3D('',#4984,#3895,#3896);
#3386=AXIS2_PLACEMENT_3D('',#4990,#3900,#3901);
#3387=AXIS2_PLACEMENT_3D('',#4996,#3905,#3906);
#3388=AXIS2_PLACEMENT_3D('',#4998,#3907,#3908);
#3389=AXIS2_PLACEMENT_3D('',#5000,#3909,#3910);
#3390=AXIS2_PLACEMENT_3D('',#5002,#3912,#3913);
#3391=AXIS2_PLACEMENT_3D('',#5008,#3917,#3918);
#3392=AXIS2_PLACEMENT_3D('',#5010,#3919,#3920);
#3393=AXIS2_PLACEMENT_3D('',#5012,#3921,#3922);
#3394=AXIS2_PLACEMENT_3D('',#5013,#3923,#3924);
#3395=AXIS2_PLACEMENT_3D('',#5015,#3925,#3926);
#3396=AXIS2_PLACEMENT_3D('',#5017,#3928,#3929);
#3397=AXIS2_PLACEMENT_3D('',#5019,#3930,#3931);
#3398=AXIS2_PLACEMENT_3D('',#5021,#3933,#3934);
#3399=AXIS2_PLACEMENT_3D('',#5023,#3935,#3936);
#3400=AXIS2_PLACEMENT_3D('',#5025,#3938,#3939);
#3401=AXIS2_PLACEMENT_3D('',#5027,#3940,#3941);
#3402=AXIS2_PLACEMENT_3D('',#5029,#3943,#3944);
#3403=AXIS2_PLACEMENT_3D('',#5031,#3945,#3946);
#3404=AXIS2_PLACEMENT_3D('',#5033,#3948,#3949);
#3405=AXIS2_PLACEMENT_3D('',#5038,#3951,#3952);
#3406=AXIS2_PLACEMENT_3D('',#5041,#3954,#3955);
#3407=AXIS2_PLACEMENT_3D('',#5042,#3956,#3957);
#3408=AXIS2_PLACEMENT_3D('',#5048,#3961,#3962);
#3409=AXIS2_PLACEMENT_3D('',#5051,#3964,#3965);
#3410=AXIS2_PLACEMENT_3D('',#5052,#3966,#3967);
#3411=AXIS2_PLACEMENT_3D('',#5053,#3968,#3969);
#3412=AXIS2_PLACEMENT_3D('',#5057,#3972,#3973);
#3413=AXIS2_PLACEMENT_3D('',#5063,#3977,#3978);
#3414=AXIS2_PLACEMENT_3D('',#5066,#3981,#3982);
#3415=AXIS2_PLACEMENT_3D('',#5069,#3984,#3985);
#3416=AXIS2_PLACEMENT_3D('',#5070,#3986,#3987);
#3417=AXIS2_PLACEMENT_3D('',#5072,#3989,#3990);
#3418=AXIS2_PLACEMENT_3D('',#5074,#3992,#3993);
#3419=AXIS2_PLACEMENT_3D('',#5076,#3995,#3996);
#3420=AXIS2_PLACEMENT_3D('',#5077,#3997,#3998);
#3421=AXIS2_PLACEMENT_3D('',#5079,#3999,#4000);
#3422=AXIS2_PLACEMENT_3D('',#5080,#4001,#4002);
#3423=AXIS2_PLACEMENT_3D('',#5082,#4003,#4004);
#3424=AXIS2_PLACEMENT_3D('',#5083,#4005,#4006);
#3425=AXIS2_PLACEMENT_3D('',#5085,#4007,#4008);
#3426=AXIS2_PLACEMENT_3D('',#5086,#4009,#4010);
#3427=AXIS2_PLACEMENT_3D('',#5088,#4011,#4012);
#3428=AXIS2_PLACEMENT_3D('',#5089,#4013,#4014);
#3429=AXIS2_PLACEMENT_3D('',#5091,#4015,#4016);
#3430=AXIS2_PLACEMENT_3D('',#5092,#4017,#4018);
#3431=AXIS2_PLACEMENT_3D('',#5094,#4019,#4020);
#3432=AXIS2_PLACEMENT_3D('',#5095,#4021,#4022);
#3433=AXIS2_PLACEMENT_3D('',#5100,#4024,#4025);
#3434=AXIS2_PLACEMENT_3D('',#5104,#4027,#4028);
#3435=AXIS2_PLACEMENT_3D('',#5108,#4030,#4031);
#3436=AXIS2_PLACEMENT_3D('',#5111,#4033,#4034);
#3437=AXIS2_PLACEMENT_3D('',#5116,#4036,#4037);
#3438=AXIS2_PLACEMENT_3D('',#5120,#4039,#4040);
#3439=AXIS2_PLACEMENT_3D('',#5124,#4042,#4043);
#3440=AXIS2_PLACEMENT_3D('',#5127,#4045,#4046);
#3441=AXIS2_PLACEMENT_3D('',#5132,#4048,#4049);
#3442=AXIS2_PLACEMENT_3D('',#5138,#4052,#4053);
#3443=AXIS2_PLACEMENT_3D('',#5142,#4055,#4056);
#3444=AXIS2_PLACEMENT_3D('',#5146,#4058,#4059);
#3445=AXIS2_PLACEMENT_3D('',#5149,#4061,#4062);
#3446=AXIS2_PLACEMENT_3D('',#5150,#4063,#4064);
#3447=AXIS2_PLACEMENT_3D('',#5153,#4065,#4066);
#3448=AXIS2_PLACEMENT_3D('',#5157,#4068,#4069);
#3449=AXIS2_PLACEMENT_3D('',#5161,#4071,#4072);
#3450=AXIS2_PLACEMENT_3D('',#5165,#4074,#4075);
#3451=AXIS2_PLACEMENT_3D('',#5167,#4077,#4078);
#3452=AXIS2_PLACEMENT_3D('',#5169,#4079,#4080);
#3453=AXIS2_PLACEMENT_3D('',#5170,#4081,#4082);
#3454=AXIS2_PLACEMENT_3D('',#5172,#4083,#4084);
#3455=AXIS2_PLACEMENT_3D('',#5173,#4085,#4086);
#3456=AXIS2_PLACEMENT_3D('',#5175,#4087,#4088);
#3457=AXIS2_PLACEMENT_3D('',#5176,#4089,#4090);
#3458=AXIS2_PLACEMENT_3D('',#5178,#4091,#4092);
#3459=AXIS2_PLACEMENT_3D('',#5179,#4093,#4094);
#3460=AXIS2_PLACEMENT_3D('',#5182,#4096,#4097);
#3461=AXIS2_PLACEMENT_3D('',#5183,#4098,#4099);
#3462=AXIS2_PLACEMENT_3D('',#5189,#4102,#4103);
#3463=AXIS2_PLACEMENT_3D('',#5193,#4105,#4106);
#3464=AXIS2_PLACEMENT_3D('',#5195,#4108,#4109);
#3465=AXIS2_PLACEMENT_3D('',#5196,#4110,#4111);
#3466=AXIS2_PLACEMENT_3D('',#5197,#4112,#4113);
#3467=AXIS2_PLACEMENT_3D('',#5211,#4121,#4122);
#3468=AXIS2_PLACEMENT_3D('',#5213,#4123,#4124);
#3469=AXIS2_PLACEMENT_3D('',#5215,#4126,#4127);
#3470=AXIS2_PLACEMENT_3D('',#5217,#4128,#4129);
#3471=AXIS2_PLACEMENT_3D('',#5219,#4131,#4132);
#3472=AXIS2_PLACEMENT_3D('',#5221,#4133,#4134);
#3473=AXIS2_PLACEMENT_3D('',#5223,#4136,#4137);
#3474=AXIS2_PLACEMENT_3D('',#5225,#4138,#4139);
#3475=AXIS2_PLACEMENT_3D('',#5227,#4141,#4142);
#3476=AXIS2_PLACEMENT_3D('',#5229,#4143,#4144);
#3477=AXIS2_PLACEMENT_3D('',#5231,#4146,#4147);
#3478=AXIS2_PLACEMENT_3D('',#5233,#4148,#4149);
#3479=AXIS2_PLACEMENT_3D('',#5235,#4151,#4152);
#3480=AXIS2_PLACEMENT_3D('',#5238,#4153,#4154);
#3481=AXIS2_PLACEMENT_3D('',#5241,#4157,#4158);
#3482=AXIS2_PLACEMENT_3D('',#5245,#4161,#4162);
#3483=AXIS2_PLACEMENT_3D('',#5247,#4163,#4164);
#3484=AXIS2_PLACEMENT_3D('',#5249,#4166,#4167);
#3485=AXIS2_PLACEMENT_3D('',#5253,#4170,#4171);
#3486=AXIS2_PLACEMENT_3D('',#5255,#4172,#4173);
#3487=AXIS2_PLACEMENT_3D('',#5257,#4175,#4176);
#3488=AXIS2_PLACEMENT_3D('',#5261,#4179,#4180);
#3489=AXIS2_PLACEMENT_3D('',#5263,#4181,#4182);
#3490=AXIS2_PLACEMENT_3D('',#5265,#4184,#4185);
#3491=AXIS2_PLACEMENT_3D('',#5267,#4187,#4188);
#3492=AXIS2_PLACEMENT_3D('',#5273,#4192,#4193);
#3493=AXIS2_PLACEMENT_3D('',#5275,#4194,#4195);
#3494=AXIS2_PLACEMENT_3D('',#5277,#4197,#4198);
#3495=AXIS2_PLACEMENT_3D('',#5281,#4201,#4202);
#3496=AXIS2_PLACEMENT_3D('',#5283,#4203,#4204);
#3497=AXIS2_PLACEMENT_3D('',#5285,#4206,#4207);
#3498=AXIS2_PLACEMENT_3D('',#5289,#4210,#4211);
#3499=AXIS2_PLACEMENT_3D('',#5291,#4212,#4213);
#3500=AXIS2_PLACEMENT_3D('',#5293,#4215,#4216);
#3501=AXIS2_PLACEMENT_3D('',#5297,#4219,#4220);
#3502=AXIS2_PLACEMENT_3D('',#5298,#4221,#4222);
#3503=AXIS2_PLACEMENT_3D('',#5299,#4223,#4224);
#3504=AXIS2_PLACEMENT_3D('',#5302,#4225,#4226);
#3505=AXIS2_PLACEMENT_3D('',#5305,#4229,#4230);
#3506=AXIS2_PLACEMENT_3D('',#5309,#4233,#4234);
#3507=AXIS2_PLACEMENT_3D('',#5311,#4235,#4236);
#3508=AXIS2_PLACEMENT_3D('',#5313,#4238,#4239);
#3509=AXIS2_PLACEMENT_3D('',#5317,#4242,#4243);
#3510=AXIS2_PLACEMENT_3D('',#5319,#4244,#4245);
#3511=AXIS2_PLACEMENT_3D('',#5321,#4247,#4248);
#3512=AXIS2_PLACEMENT_3D('',#5325,#4251,#4252);
#3513=AXIS2_PLACEMENT_3D('',#5329,#4255,#4256);
#3514=AXIS2_PLACEMENT_3D('',#5331,#4257,#4258);
#3515=AXIS2_PLACEMENT_3D('',#5333,#4260,#4261);
#3516=AXIS2_PLACEMENT_3D('',#5337,#4264,#4265);
#3517=AXIS2_PLACEMENT_3D('',#5339,#4266,#4267);
#3518=AXIS2_PLACEMENT_3D('',#5341,#4269,#4270);
#3519=AXIS2_PLACEMENT_3D('',#5343,#4272,#4273);
#3520=AXIS2_PLACEMENT_3D('',#5347,#4275,#4276);
#3521=AXIS2_PLACEMENT_3D('',#5349,#4278,#4279);
#3522=AXIS2_PLACEMENT_3D('',#5353,#4282,#4283);
#3523=AXIS2_PLACEMENT_3D('',#5355,#4284,#4285);
#3524=AXIS2_PLACEMENT_3D('',#5357,#4287,#4288);
#3525=AXIS2_PLACEMENT_3D('',#5361,#4291,#4292);
#3526=AXIS2_PLACEMENT_3D('',#5363,#4293,#4294);
#3527=AXIS2_PLACEMENT_3D('',#5365,#4296,#4297);
#3528=AXIS2_PLACEMENT_3D('',#5369,#4300,#4301);
#3529=AXIS2_PLACEMENT_3D('',#5371,#4302,#4303);
#3530=AXIS2_PLACEMENT_3D('',#5373,#4305,#4306);
#3531=AXIS2_PLACEMENT_3D('',#5375,#4308,#4309);
#3532=AXIS2_PLACEMENT_3D('',#5377,#4310,#4311);
#3533=AXIS2_PLACEMENT_3D('',#5379,#4313,#4314);
#3534=AXIS2_PLACEMENT_3D('',#5381,#4315,#4316);
#3535=AXIS2_PLACEMENT_3D('',#5383,#4318,#4319);
#3536=AXIS2_PLACEMENT_3D('',#5385,#4320,#4321);
#3537=AXIS2_PLACEMENT_3D('',#5387,#4323,#4324);
#3538=AXIS2_PLACEMENT_3D('',#5389,#4325,#4326);
#3539=AXIS2_PLACEMENT_3D('',#5391,#4328,#4329);
#3540=AXIS2_PLACEMENT_3D('',#5393,#4330,#4331);
#3541=AXIS2_PLACEMENT_3D('',#5395,#4333,#4334);
#3542=AXIS2_PLACEMENT_3D('',#5399,#4337,#4338);
#3543=AXIS2_PLACEMENT_3D('',#5401,#4339,#4340);
#3544=AXIS2_PLACEMENT_3D('',#5403,#4342,#4343);
#3545=AXIS2_PLACEMENT_3D('',#5407,#4346,#4347);
#3546=AXIS2_PLACEMENT_3D('',#5409,#4348,#4349);
#3547=AXIS2_PLACEMENT_3D('',#5411,#4351,#4352);
#3548=AXIS2_PLACEMENT_3D('',#5415,#4355,#4356);
#3549=AXIS2_PLACEMENT_3D('',#5416,#4357,#4358);
#3550=AXIS2_PLACEMENT_3D('',#5417,#4359,#4360);
#3551=AXIS2_PLACEMENT_3D('',#5419,#4361,#4362);
#3552=AXIS2_PLACEMENT_3D('',#5421,#4363,#4364);
#3553=AXIS2_PLACEMENT_3D('',#5423,#4366,#4367);
#3554=AXIS2_PLACEMENT_3D('',#5429,#4371,#4372);
#3555=AXIS2_PLACEMENT_3D('',#5431,#4373,#4374);
#3556=AXIS2_PLACEMENT_3D('',#5434,#4376,#4377);
#3557=AXIS2_PLACEMENT_3D('',#5435,#4378,#4379);
#3558=AXIS2_PLACEMENT_3D('',#5441,#4383,#4384);
#3559=AXIS2_PLACEMENT_3D('',#5443,#4385,#4386);
#3560=AXIS2_PLACEMENT_3D('',#5445,#4387,#4388);
#3561=AXIS2_PLACEMENT_3D('',#5447,#4390,#4391);
#3562=AXIS2_PLACEMENT_3D('',#5453,#4395,#4396);
#3563=AXIS2_PLACEMENT_3D('',#5458,#4398,#4399);
#3564=AXIS2_PLACEMENT_3D('',#5461,#4401,#4402);
#3565=AXIS2_PLACEMENT_3D('',#5462,#4403,#4404);
#3566=AXIS2_PLACEMENT_3D('',#5468,#4408,#4409);
#3567=AXIS2_PLACEMENT_3D('',#5470,#4410,#4411);
#3568=AXIS2_PLACEMENT_3D('',#5473,#4413,#4414);
#3569=AXIS2_PLACEMENT_3D('',#5474,#4415,#4416);
#3570=AXIS2_PLACEMENT_3D('',#5480,#4420,#4421);
#3571=AXIS2_PLACEMENT_3D('',#5486,#4425,#4426);
#3572=AXIS2_PLACEMENT_3D('',#5492,#4430,#4431);
#3573=AXIS2_PLACEMENT_3D('',#5494,#4432,#4433);
#3574=AXIS2_PLACEMENT_3D('',#5497,#4435,#4436);
#3575=AXIS2_PLACEMENT_3D('',#5498,#4437,#4438);
#3576=AXIS2_PLACEMENT_3D('',#5504,#4442,#4443);
#3577=AXIS2_PLACEMENT_3D('',#5506,#4444,#4445);
#3578=AXIS2_PLACEMENT_3D('',#5509,#4447,#4448);
#3579=AXIS2_PLACEMENT_3D('',#5510,#4449,#4450);
#3580=AXIS2_PLACEMENT_3D('',#5516,#4454,#4455);
#3581=AXIS2_PLACEMENT_3D('',#5522,#4459,#4460);
#3582=AXIS2_PLACEMENT_3D('',#5524,#4461,#4462);
#3583=AXIS2_PLACEMENT_3D('',#5527,#4464,#4465);
#3584=AXIS2_PLACEMENT_3D('',#5528,#4466,#4467);
#3585=AXIS2_PLACEMENT_3D('',#5534,#4471,#4472);
#3586=AXIS2_PLACEMENT_3D('',#5540,#4476,#4477);
#3587=AXIS2_PLACEMENT_3D('',#5542,#4478,#4479);
#3588=AXIS2_PLACEMENT_3D('',#5545,#4481,#4482);
#3589=AXIS2_PLACEMENT_3D('',#5546,#4483,#4484);
#3590=AXIS2_PLACEMENT_3D('',#5552,#4488,#4489);
#3591=AXIS2_PLACEMENT_3D('',#5554,#4490,#4491);
#3592=AXIS2_PLACEMENT_3D('',#5557,#4493,#4494);
#3593=AXIS2_PLACEMENT_3D('',#5558,#4495,#4496);
#3594=AXIS2_PLACEMENT_3D('',#5564,#4500,#4501);
#3595=AXIS2_PLACEMENT_3D('',#5570,#4505,#4506);
#3596=AXIS2_PLACEMENT_3D('',#5572,#4507,#4508);
#3597=AXIS2_PLACEMENT_3D('',#5575,#4510,#4511);
#3598=AXIS2_PLACEMENT_3D('',#5576,#4512,#4513);
#3599=AXIS2_PLACEMENT_3D('',#5582,#4517,#4518);
#3600=AXIS2_PLACEMENT_3D('',#5584,#4519,#4520);
#3601=AXIS2_PLACEMENT_3D('',#5587,#4522,#4523);
#3602=AXIS2_PLACEMENT_3D('',#5588,#4524,#4525);
#3603=AXIS2_PLACEMENT_3D('',#5594,#4529,#4530);
#3604=AXIS2_PLACEMENT_3D('',#5600,#4534,#4535);
#3605=AXIS2_PLACEMENT_3D('',#5606,#4539,#4540);
#3606=AXIS2_PLACEMENT_3D('',#5608,#4541,#4542);
#3607=AXIS2_PLACEMENT_3D('',#5611,#4544,#4545);
#3608=AXIS2_PLACEMENT_3D('',#5612,#4546,#4547);
#3609=AXIS2_PLACEMENT_3D('',#5618,#4551,#4552);
#3610=AXIS2_PLACEMENT_3D('',#5620,#4553,#4554);
#3611=AXIS2_PLACEMENT_3D('',#5623,#4556,#4557);
#3612=AXIS2_PLACEMENT_3D('',#5624,#4558,#4559);
#3613=AXIS2_PLACEMENT_3D('',#5630,#4563,#4564);
#3614=AXIS2_PLACEMENT_3D('',#5636,#4568,#4569);
#3615=AXIS2_PLACEMENT_3D('',#5638,#4570,#4571);
#3616=AXIS2_PLACEMENT_3D('',#5641,#4573,#4574);
#3617=AXIS2_PLACEMENT_3D('',#5642,#4575,#4576);
#3618=AXIS2_PLACEMENT_3D('',#5648,#4580,#4581);
#3619=AXIS2_PLACEMENT_3D('',#5650,#4582,#4583);
#3620=AXIS2_PLACEMENT_3D('',#5653,#4585,#4586);
#3621=AXIS2_PLACEMENT_3D('',#5654,#4587,#4588);
#3622=AXIS2_PLACEMENT_3D('',#5656,#4590,#4591);
#3623=AXIS2_PLACEMENT_3D('',#5657,#4592,#4593);
#3624=AXIS2_PLACEMENT_3D('',#5660,#4596,#4597);
#3625=AXIS2_PLACEMENT_3D('',#5661,#4598,#4599);
#3626=AXIS2_PLACEMENT_3D('',#5662,#4600,#4601);
#3627=AXIS2_PLACEMENT_3D('',#5664,#4603,#4604);
#3628=AXIS2_PLACEMENT_3D('',#5666,#4606,#4607);
#3629=DIRECTION('axis',(0.,0.,1.));
#3630=DIRECTION('refdir',(1.,0.,0.));
#3631=DIRECTION('center_axis',(0.,-1.,0.));
#3632=DIRECTION('ref_axis',(0.707106781186552,0.,-0.707106781186543));
#3633=DIRECTION('',(0.,-1.,0.));
#3634=DIRECTION('center_axis',(0.,1.,-8.88178419700124E-15));
#3635=DIRECTION('ref_axis',(1.,0.,0.));
#3636=DIRECTION('',(0.,1.,0.));
#3637=DIRECTION('center_axis',(-2.21503715427354E-15,-0.997564050259825,
-0.069756473744112));
#3638=DIRECTION('ref_axis',(-3.16765070894889E-14,0.069756473744112,-0.997564050259825));
#3639=DIRECTION('center_axis',(-1.,0.,0.));
#3640=DIRECTION('ref_axis',(0.,0.,1.));
#3641=DIRECTION('center_axis',(0.,0.99026806874157,-0.139173100960065));
#3642=DIRECTION('ref_axis',(1.,0.,0.));
#3643=DIRECTION('center_axis',(1.,0.,0.));
#3644=DIRECTION('ref_axis',(0.,-0.069756473744125,-0.997564050259824));
#3645=DIRECTION('center_axis',(-1.,0.,0.));
#3646=DIRECTION('ref_axis',(0.,-0.0697564737441249,-0.997564050259824));
#3647=DIRECTION('center_axis',(0.,-0.99026806874157,0.139173100960065));
#3648=DIRECTION('ref_axis',(0.707106781186552,-0.0984102434476236,-0.700225266599666));
#3649=DIRECTION('center_axis',(-1.75906945674874E-14,0.990268068741572,
-0.139173100960051));
#3650=DIRECTION('ref_axis',(1.,1.77635683940023E-14,0.));
#3651=DIRECTION('',(0.,0.99026806874157,-0.139173100960065));
#3652=DIRECTION('',(0.,-0.99026806874157,0.139173100960065));
#3653=DIRECTION('center_axis',(1.,0.,0.));
#3654=DIRECTION('ref_axis',(0.,-1.,1.11022302462516E-15));
#3655=DIRECTION('center_axis',(0.,0.139173100960065,0.99026806874157));
#3656=DIRECTION('ref_axis',(0.,-0.99026806874157,0.139173100960065));
#3657=DIRECTION('center_axis',(0.,-0.111728698420929,-0.993738747332097));
#3658=DIRECTION('ref_axis',(0.,-0.993738747332097,0.111728698420929));
#3659=DIRECTION('center_axis',(1.,0.,0.));
#3660=DIRECTION('ref_axis',(0.,-0.754709580222771,-0.656059028990509));
#3661=DIRECTION('center_axis',(1.,0.,0.));
#3662=DIRECTION('ref_axis',(0.,-1.,-1.11022302462516E-15));
#3663=DIRECTION('',(1.,0.,0.));
#3664=DIRECTION('',(-1.,0.,0.));
#3665=DIRECTION('center_axis',(0.,-0.99026806874157,0.139173100960068));
#3666=DIRECTION('ref_axis',(-1.,0.,0.));
#3667=DIRECTION('center_axis',(0.,0.139173100960065,0.99026806874157));
#3668=DIRECTION('ref_axis',(0.,-0.99026806874157,0.139173100960065));
#3669=DIRECTION('center_axis',(0.,-0.111728698420929,-0.993738747332097));
#3670=DIRECTION('ref_axis',(0.,-0.993738747332097,0.111728698420929));
#3671=DIRECTION('center_axis',(3.038116505611E-16,-0.99026806874157,0.139173100960065));
#3672=DIRECTION('ref_axis',(-0.707106781186546,-0.0984102434476244,-0.700225266599672));
#3673=DIRECTION('center_axis',(0.,-0.99026806874157,0.139173100960067));
#3674=DIRECTION('ref_axis',(-1.,0.,0.));
#3675=DIRECTION('',(3.038116505611E-16,-0.99026806874157,0.139173100960065));
#3676=DIRECTION('',(-3.038116505611E-16,0.99026806874157,-0.139173100960065));
#3677=DIRECTION('center_axis',(1.,3.0679738158899E-16,0.));
#3678=DIRECTION('ref_axis',(0.,0.,-1.));
#3679=DIRECTION('center_axis',(0.,-1.,0.));
#3680=DIRECTION('ref_axis',(-1.,0.,0.));
#3681=DIRECTION('center_axis',(-1.,-3.0679738158899E-16,0.));
#3682=DIRECTION('ref_axis',(2.22044604925031E-17,-0.0697564737441249,-0.997564050259824));
#3683=DIRECTION('center_axis',(1.,3.0679738158899E-16,0.));
#3684=DIRECTION('ref_axis',(2.14011034935787E-17,-0.0697564737441249,-0.997564050259824));
#3685=DIRECTION('center_axis',(-3.0679738158899E-16,1.,0.));
#3686=DIRECTION('ref_axis',(-0.707106781186546,0.,-0.707106781186549));
#3687=DIRECTION('',(3.0679738158899E-16,-1.,0.));
#3688=DIRECTION('',(-3.0679738158899E-16,1.,0.));
#3689=DIRECTION('center_axis',(0.,0.997564050259826,0.0697564737440965));
#3690=DIRECTION('ref_axis',(-4.35531835619065E-15,-0.0697564737440965,0.997564050259826));
#3691=DIRECTION('center_axis',(0.,0.990268068741569,0.139173100960078));
#3692=DIRECTION('ref_axis',(0.707106781186553,0.09841024344763,-0.700225266599664));
#3693=DIRECTION('',(0.,0.990268068741569,0.139173100960078));
#3694=DIRECTION('center_axis',(-9.27079086566142E-16,-0.990268068741569,
-0.139173100960077));
#3695=DIRECTION('ref_axis',(0.,0.139173100960077,-0.990268068741569));
#3696=DIRECTION('',(0.,-0.990268068741569,-0.139173100960078));
#3697=DIRECTION('center_axis',(1.,0.,0.));
#3698=DIRECTION('ref_axis',(0.,0.139173100960078,-0.990268068741568));
#3699=DIRECTION('center_axis',(0.,0.111728698420939,-0.993738747332096));
#3700=DIRECTION('ref_axis',(0.,0.993738747332096,0.111728698420939));
#3701=DIRECTION('center_axis',(0.,-0.139173100960078,0.990268068741569));
#3702=DIRECTION('ref_axis',(0.,0.990268068741569,0.139173100960078));
#3703=DIRECTION('center_axis',(-1.,7.30409884621813E-17,1.02652414859636E-17));
#3704=DIRECTION('ref_axis',(0.,0.754709580222777,-0.656059028990502));
#3705=DIRECTION('center_axis',(1.,0.,0.));
#3706=DIRECTION('ref_axis',(0.,0.139173100960077,-0.990268068741569));
#3707=DIRECTION('',(1.,-7.30409884621813E-17,-1.02652414859636E-17));
#3708=DIRECTION('',(-1.,7.30409884621813E-17,1.02652414859636E-17));
#3709=DIRECTION('center_axis',(-6.18052724377437E-16,0.990268068741569,
0.139173100960078));
#3710=DIRECTION('ref_axis',(0.,0.139173100960078,-0.990268068741569));
#3711=DIRECTION('center_axis',(-4.41308655100101E-16,0.11172869842094,-0.993738747332096));
#3712=DIRECTION('ref_axis',(-4.41308655100101E-16,0.993738747332096,0.11172869842094));
#3713=DIRECTION('center_axis',(0.,-0.139173100960078,0.990268068741569));
#3714=DIRECTION('ref_axis',(-4.8099555457974E-16,0.990268068741569,0.139173100960078));
#3715=DIRECTION('center_axis',(3.038116505611E-16,-0.990268068741569,-0.139173100960078));
#3716=DIRECTION('ref_axis',(-0.707106781186549,0.0984102434476306,-0.700225266599668));
#3717=DIRECTION('',(-3.038116505611E-16,0.990268068741569,0.139173100960078));
#3718=DIRECTION('',(3.038116505611E-16,-0.990268068741569,-0.139173100960078));
#3719=DIRECTION('center_axis',(0.,0.,-1.));
#3720=DIRECTION('ref_axis',(-0.707106781186547,-0.707106781186547,0.));
#3721=DIRECTION('',(0.,0.,1.));
#3722=DIRECTION('center_axis',(0.,0.573576436351046,-0.819152044288992));
#3723=DIRECTION('ref_axis',(0.,-0.819152044288992,-0.573576436351046));
#3724=DIRECTION('',(0.,0.,-1.));
#3725=DIRECTION('center_axis',(0.,-1.,0.));
#3726=DIRECTION('ref_axis',(0.,0.,-1.));
#3727=DIRECTION('',(0.,0.,-1.));
#3728=DIRECTION('',(1.,0.,0.));
#3729=DIRECTION('center_axis',(0.,0.,1.));
#3730=DIRECTION('ref_axis',(0.707106781186547,-0.707106781186547,0.));
#3731=DIRECTION('',(0.,0.,1.));
#3732=DIRECTION('center_axis',(0.,0.573576436351046,-0.819152044288992));
#3733=DIRECTION('ref_axis',(0.,-0.819152044288992,-0.573576436351046));
#3734=DIRECTION('center_axis',(1.,0.,0.));
#3735=DIRECTION('ref_axis',(0.,-1.,0.));
#3736=DIRECTION('',(0.,0.,-1.));
#3737=DIRECTION('',(0.,1.,0.));
#3738=DIRECTION('',(0.,0.819152044288992,0.573576436351046));
#3739=DIRECTION('center_axis',(0.,0.,-1.));
#3740=DIRECTION('ref_axis',(-1.,0.,0.));
#3741=DIRECTION('',(1.,0.,0.));
#3742=DIRECTION('',(-8.46186418673457E-17,1.,0.));
#3743=DIRECTION('',(1.,0.,0.));
#3744=DIRECTION('center_axis',(0.,-0.139173100960078,0.990268068741569));
#3745=DIRECTION('ref_axis',(0.,-0.990268068741569,-0.139173100960078));
#3746=DIRECTION('',(1.,0.,0.));
#3747=DIRECTION('',(0.,0.990268068741569,0.139173100960078));
#3748=DIRECTION('center_axis',(0.,0.139173100960078,-0.990268068741569));
#3749=DIRECTION('ref_axis',(4.99735641121808E-16,0.990268068741568,0.139173100960078));
#3750=DIRECTION('',(-1.,-3.70692161811404E-17,-5.20973858386135E-18));
#3751=DIRECTION('center_axis',(0.,0.139173100960078,-0.990268068741569));
#3752=DIRECTION('ref_axis',(1.24933910280452E-15,0.990268068741569,0.139173100960078));
#3753=DIRECTION('',(8.37951390615109E-17,-0.990268068741569,-0.139173100960078));
#3754=DIRECTION('center_axis',(0.,0.,-1.));
#3755=DIRECTION('ref_axis',(-1.,0.,0.));
#3756=DIRECTION('',(1.,0.,0.));
#3757=DIRECTION('',(0.,-1.,0.));
#3758=DIRECTION('center_axis',(0.,-1.,0.));
#3759=DIRECTION('ref_axis',(-1.,0.,0.));
#3760=DIRECTION('',(0.,0.,-1.));
#3761=DIRECTION('',(-1.,0.,0.));
#3762=DIRECTION('',(0.,0.,-1.));
#3763=DIRECTION('',(-1.,0.,0.));
#3764=DIRECTION('center_axis',(0.,-1.,0.));
#3765=DIRECTION('ref_axis',(-1.,0.,0.));
#3766=DIRECTION('',(0.,0.,-1.));
#3767=DIRECTION('',(-1.,0.,0.));
#3768=DIRECTION('',(0.,0.,-1.));
#3769=DIRECTION('',(-1.,0.,0.));
#3770=DIRECTION('center_axis',(0.,-1.,0.));
#3771=DIRECTION('ref_axis',(-1.,0.,0.));
#3772=DIRECTION('',(0.,0.,-1.));
#3773=DIRECTION('',(-1.,0.,0.));
#3774=DIRECTION('',(0.,0.,-1.));
#3775=DIRECTION('',(-1.,0.,0.));
#3776=DIRECTION('center_axis',(0.,0.,-1.));
#3777=DIRECTION('ref_axis',(-0.707106781186548,0.707106781186548,0.));
#3778=DIRECTION('center_axis',(0.,0.,1.));
#3779=DIRECTION('ref_axis',(-0.707106781186548,0.707106781186548,0.));
#3780=DIRECTION('',(0.,0.,1.));
#3781=DIRECTION('center_axis',(0.,0.,1.));
#3782=DIRECTION('ref_axis',(-0.707106781186548,0.707106781186548,0.));
#3783=DIRECTION('center_axis',(0.,0.,-1.));
#3784=DIRECTION('ref_axis',(-0.707106781186548,0.707106781186548,0.));
#3785=DIRECTION('center_axis',(0.,0.,1.));
#3786=DIRECTION('ref_axis',(-0.707106781186548,0.707106781186548,0.));
#3787=DIRECTION('',(0.,0.,1.));
#3788=DIRECTION('center_axis',(0.,0.,1.));
#3789=DIRECTION('ref_axis',(-0.707106781186548,0.707106781186548,0.));
#3790=DIRECTION('center_axis',(0.,0.,-1.));
#3791=DIRECTION('ref_axis',(-1.,0.,0.));
#3792=DIRECTION('',(0.,-1.,0.));
#3793=DIRECTION('',(1.,0.,0.));
#3794=DIRECTION('center_axis',(0.,0.,-1.));
#3795=DIRECTION('ref_axis',(-0.707106781186548,0.707106781186548,0.));
#3796=DIRECTION('center_axis',(0.,0.,1.));
#3797=DIRECTION('ref_axis',(-0.707106781186548,0.707106781186548,0.));
#3798=DIRECTION('',(0.,0.,1.));
#3799=DIRECTION('center_axis',(0.,0.,1.));
#3800=DIRECTION('ref_axis',(-0.707106781186548,0.707106781186548,0.));
#3801=DIRECTION('center_axis',(1.,0.,0.));
#3802=DIRECTION('ref_axis',(0.,-1.,0.));
#3803=DIRECTION('',(0.,-1.,0.));
#3804=DIRECTION('',(0.,0.,-1.));
#3805=DIRECTION('',(0.,-1.,0.));
#3806=DIRECTION('center_axis',(0.,1.,0.));
#3807=DIRECTION('ref_axis',(1.,0.,0.));
#3808=DIRECTION('',(1.,0.,0.));
#3809=DIRECTION('',(1.,0.,0.));
#3810=DIRECTION('center_axis',(0.,0.,-1.));
#3811=DIRECTION('ref_axis',(-1.,0.,0.));
#3812=DIRECTION('center_axis',(1.,0.,0.));
#3813=DIRECTION('ref_axis',(0.,-1.,0.));
#3814=DIRECTION('',(0.,-1.,0.));
#3815=DIRECTION('',(0.,0.,-1.));
#3816=DIRECTION('center_axis',(0.,1.,0.));
#3817=DIRECTION('ref_axis',(1.,0.,0.));
#3818=DIRECTION('',(1.,0.,0.));
#3819=DIRECTION('center_axis',(0.,1.,0.));
#3820=DIRECTION('ref_axis',(1.,0.,0.));
#3821=DIRECTION('',(1.,0.,0.));
#3822=DIRECTION('',(0.,0.,-1.));
#3823=DIRECTION('',(1.,0.,0.));
#3824=DIRECTION('center_axis',(1.,0.,0.));
#3825=DIRECTION('ref_axis',(0.,-1.,0.));
#3826=DIRECTION('',(0.,-1.,0.));
#3827=DIRECTION('',(0.,-1.,0.));
#3828=DIRECTION('center_axis',(0.,0.,-1.));
#3829=DIRECTION('ref_axis',(-1.,0.,0.));
#3830=DIRECTION('center_axis',(0.,-0.707106781186547,0.707106781186548));
#3831=DIRECTION('ref_axis',(1.,0.,0.));
#3832=DIRECTION('',(-1.12149461334555E-15,0.707106781186548,0.707106781186547));
#3833=DIRECTION('',(1.,0.,0.));
#3834=DIRECTION('',(0.,-0.707106781186548,-0.707106781186547));
#3835=DIRECTION('',(1.,0.,0.));
#3836=DIRECTION('center_axis',(0.,0.,1.));
#3837=DIRECTION('ref_axis',(0.,-1.,0.));
#3838=DIRECTION('',(0.,-0.707106781186548,0.707106781186547));
#3839=DIRECTION('center_axis',(0.,0.,-1.));
#3840=DIRECTION('ref_axis',(0.,-1.,0.));
#3841=DIRECTION('center_axis',(0.,0.,-1.));
#3842=DIRECTION('ref_axis',(0.,-1.,0.));
#3843=DIRECTION('center_axis',(0.,0.707106781186547,0.707106781186548));
#3844=DIRECTION('ref_axis',(1.,0.,0.));
#3845=DIRECTION('',(0.,-0.707106781186548,0.707106781186547));
#3846=DIRECTION('',(-1.,0.,0.));
#3847=DIRECTION('',(-1.,0.,0.));
#3848=DIRECTION('center_axis',(0.,0.,1.));
#3849=DIRECTION('ref_axis',(0.,1.,0.));
#3850=DIRECTION('center_axis',(0.,0.,-1.));
#3851=DIRECTION('ref_axis',(0.,1.,0.));
#3852=DIRECTION('center_axis',(0.,0.,-1.));
#3853=DIRECTION('ref_axis',(0.,1.,0.));
#3854=DIRECTION('center_axis',(0.,0.,1.));
#3855=DIRECTION('ref_axis',(-1.,0.,0.));
#3856=DIRECTION('center_axis',(0.,0.,1.));
#3857=DIRECTION('ref_axis',(1.,0.,0.));
#3858=DIRECTION('center_axis',(0.,0.,1.));
#3859=DIRECTION('ref_axis',(1.,0.,0.));
#3860=DIRECTION('center_axis',(0.,0.,1.));
#3861=DIRECTION('ref_axis',(1.,0.,0.));
#3862=DIRECTION('center_axis',(0.,0.,1.));
#3863=DIRECTION('ref_axis',(1.,0.,0.));
#3864=DIRECTION('center_axis',(-0.766044443118978,-1.00425703750476E-15,
0.642787609686539));
#3865=DIRECTION('ref_axis',(0.454519477672045,-0.707106781186547,0.541675220419702));
#3866=DIRECTION('center_axis',(0.,0.,-1.));
#3867=DIRECTION('ref_axis',(1.,1.2934681576447E-15,0.));
#3868=DIRECTION('',(0.766044443118978,1.00425703750476E-15,-0.642787609686539));
#3869=DIRECTION('center_axis',(0.,0.,-1.));
#3870=DIRECTION('ref_axis',(1.,1.2934681576447E-15,0.));
#3871=DIRECTION('',(-0.766044443118978,-1.00425703750476E-15,0.642787609686539));
#3872=DIRECTION('center_axis',(1.31096445712195E-15,-1.,0.));
#3873=DIRECTION('ref_axis',(1.,1.31096445712195E-15,0.));
#3874=DIRECTION('',(1.,1.31096445712195E-15,0.));
#3875=DIRECTION('',(0.,0.,-1.));
#3876=DIRECTION('',(0.,0.,-1.));
#3877=DIRECTION('',(1.,1.31096445712195E-15,0.));
#3878=DIRECTION('center_axis',(-0.766044443118978,2.00851407500952E-16,
0.642787609686539));
#3879=DIRECTION('ref_axis',(0.454519477672044,0.707106781186547,0.541675220419702));
#3880=DIRECTION('center_axis',(0.,0.,-1.));
#3881=DIRECTION('ref_axis',(1.,-1.78409401054441E-16,0.));
#3882=DIRECTION('',(0.766044443118978,-2.00851407500952E-16,-0.642787609686539));
#3883=DIRECTION('center_axis',(0.,0.,-1.));
#3884=DIRECTION('ref_axis',(1.,-1.78409401054441E-16,0.));
#3885=DIRECTION('',(-0.766044443118978,2.00851407500952E-16,0.642787609686539));
#3886=DIRECTION('center_axis',(0.642787609686539,0.,0.766044443118978));
#3887=DIRECTION('ref_axis',(0.,1.,0.));
#3888=DIRECTION('',(0.,1.,0.));
#3889=DIRECTION('',(0.,1.,0.));
#3890=DIRECTION('center_axis',(2.6219289142439E-16,1.,0.));
#3891=DIRECTION('ref_axis',(-1.,2.6219289142439E-16,0.));
#3892=DIRECTION('',(-1.,2.6219289142439E-16,0.));
#3893=DIRECTION('',(0.,0.,1.));
#3894=DIRECTION('',(-1.,2.6219289142439E-16,0.));
#3895=DIRECTION('center_axis',(1.,0.,0.));
#3896=DIRECTION('ref_axis',(0.,1.,0.));
#3897=DIRECTION('',(0.,-1.,0.));
#3898=DIRECTION('',(0.,0.,1.));
#3899=DIRECTION('',(0.,1.,0.));
#3900=DIRECTION('center_axis',(1.,0.,0.));
#3901=DIRECTION('ref_axis',(0.,1.,0.));
#3902=DIRECTION('',(0.,1.,0.));
#3903=DIRECTION('',(0.,0.,1.));
#3904=DIRECTION('',(0.,-1.,0.));
#3905=DIRECTION('center_axis',(0.,0.,1.));
#3906=DIRECTION('ref_axis',(0.707106781186548,-0.707106781186548,0.));
#3907=DIRECTION('center_axis',(0.,0.,-1.));
#3908=DIRECTION('ref_axis',(0.707106781186548,-0.707106781186548,0.));
#3909=DIRECTION('center_axis',(0.,0.,-1.));
#3910=DIRECTION('ref_axis',(0.707106781186548,-0.707106781186548,0.));
#3911=DIRECTION('',(0.,0.,1.));
#3912=DIRECTION('center_axis',(-3.4664378912841E-16,1.,0.));
#3913=DIRECTION('ref_axis',(-1.,-3.4664378912841E-16,0.));
#3914=DIRECTION('',(1.,3.4664378912841E-16,0.));
#3915=DIRECTION('',(0.,0.,1.));
#3916=DIRECTION('',(-1.,-3.4664378912841E-16,0.));
#3917=DIRECTION('center_axis',(0.,0.,1.));
#3918=DIRECTION('ref_axis',(-1.,0.,0.));
#3919=DIRECTION('center_axis',(0.,0.,-1.));
#3920=DIRECTION('ref_axis',(-1.,0.,0.));
#3921=DIRECTION('center_axis',(0.,0.,1.));
#3922=DIRECTION('ref_axis',(1.,0.,0.));
#3923=DIRECTION('center_axis',(0.,0.,1.));
#3924=DIRECTION('ref_axis',(1.,0.,0.));
#3925=DIRECTION('center_axis',(0.,0.,1.));
#3926=DIRECTION('ref_axis',(1.,0.,0.));
#3927=DIRECTION('',(0.,0.,1.));
#3928=DIRECTION('center_axis',(0.,0.,1.));
#3929=DIRECTION('ref_axis',(1.,0.,0.));
#3930=DIRECTION('center_axis',(0.,0.,1.));
#3931=DIRECTION('ref_axis',(1.,0.,0.));
#3932=DIRECTION('',(0.,0.,1.));
#3933=DIRECTION('center_axis',(0.,0.,1.));
#3934=DIRECTION('ref_axis',(1.,0.,0.));
#3935=DIRECTION('center_axis',(0.,0.,1.));
#3936=DIRECTION('ref_axis',(1.,0.,0.));
#3937=DIRECTION('',(0.,0.,1.));
#3938=DIRECTION('center_axis',(0.,0.,1.));
#3939=DIRECTION('ref_axis',(1.,0.,0.));
#3940=DIRECTION('center_axis',(0.,0.,1.));
#3941=DIRECTION('ref_axis',(1.,0.,0.));
#3942=DIRECTION('',(0.,0.,1.));
#3943=DIRECTION('center_axis',(0.,0.,-1.));
#3944=DIRECTION('ref_axis',(-1.,0.,0.));
#3945=DIRECTION('center_axis',(0.,0.,-1.));
#3946=DIRECTION('ref_axis',(-1.,0.,0.));
#3947=DIRECTION('',(0.,0.,-1.));
#3948=DIRECTION('center_axis',(0.,0.,-1.));
#3949=DIRECTION('ref_axis',(-0.707106781186548,0.707106781186547,0.));
#3950=DIRECTION('',(0.,0.70710678118655,-0.707106781186545));
#3951=DIRECTION('center_axis',(0.,0.,1.));
#3952=DIRECTION('ref_axis',(-0.707106781186548,0.707106781186547,0.));
#3953=DIRECTION('',(-0.707106781186548,0.,-0.707106781186547));
#3954=DIRECTION('center_axis',(0.,0.,-1.));
#3955=DIRECTION('ref_axis',(-0.707106781186548,0.707106781186547,0.));
#3956=DIRECTION('center_axis',(5.16477782461768E-17,0.707106781186548,0.707106781186548));
#3957=DIRECTION('ref_axis',(1.,0.,-7.30409884621813E-17));
#3958=DIRECTION('',(1.,-7.30409884621813E-17,0.));
#3959=DIRECTION('',(0.,-0.707106781186547,0.707106781186548));
#3960=DIRECTION('',(-1.,7.30409884621813E-17,0.));
#3961=DIRECTION('center_axis',(0.,0.,-1.));
#3962=DIRECTION('ref_axis',(0.707106781186548,0.707106781186548,0.));
#3963=DIRECTION('',(-0.707106781186548,0.,0.707106781186548));
#3964=DIRECTION('center_axis',(0.,0.,1.));
#3965=DIRECTION('ref_axis',(0.707106781186547,0.707106781186547,0.));
#3966=DIRECTION('center_axis',(0.,0.,-1.));
#3967=DIRECTION('ref_axis',(0.707106781186547,0.707106781186547,0.));
#3968=DIRECTION('center_axis',(0.707106781186548,0.,0.707106781186548));
#3969=DIRECTION('ref_axis',(0.707106781186548,0.,-0.707106781186548));
#3970=DIRECTION('',(0.,-1.,0.));
#3971=DIRECTION('',(0.497542812164524,-0.710564775461629,-0.497542812164524));
#3972=DIRECTION('center_axis',(0.,-0.573576436351046,0.819152044288992));
#3973=DIRECTION('ref_axis',(1.,0.,0.));
#3974=DIRECTION('',(-1.,0.,0.));
#3975=DIRECTION('',(0.497542812164524,0.710564775461629,0.497542812164523));
#3976=DIRECTION('',(2.51313702311131E-16,-0.819152044288992,-0.573576436351046));
#3977=DIRECTION('center_axis',(-0.707106781186547,-2.16938508971852E-16,
0.707106781186548));
#3978=DIRECTION('ref_axis',(0.707106781186548,0.,0.707106781186547));
#3979=DIRECTION('',(-3.0679738158899E-16,1.,0.));
#3980=DIRECTION('',(3.0679738158899E-16,-1.,0.));
#3981=DIRECTION('center_axis',(0.,0.,1.));
#3982=DIRECTION('ref_axis',(1.,0.,0.));
#3983=DIRECTION('',(0.,0.,-1.));
#3984=DIRECTION('center_axis',(0.,0.,-1.));
#3985=DIRECTION('ref_axis',(1.,0.,0.));
#3986=DIRECTION('center_axis',(0.,0.,-1.));
#3987=DIRECTION('ref_axis',(0.707106781186547,0.707106781186547,0.));
#3988=DIRECTION('',(0.,0.,1.));
#3989=DIRECTION('center_axis',(7.30409884621813E-17,1.,0.));
#3990=DIRECTION('ref_axis',(1.,-7.30409884621813E-17,0.));
#3991=DIRECTION('',(0.,0.,-1.));
#3992=DIRECTION('center_axis',(0.,0.,-1.));
#3993=DIRECTION('ref_axis',(-0.707106781186548,0.707106781186547,0.));
#3994=DIRECTION('',(0.,0.,1.));
#3995=DIRECTION('center_axis',(-1.,-3.0679738158899E-16,0.));
#3996=DIRECTION('ref_axis',(-3.0679738158899E-16,1.,0.));
#3997=DIRECTION('center_axis',(0.,0.,1.));
#3998=DIRECTION('ref_axis',(-1.,0.,0.));
#3999=DIRECTION('center_axis',(0.,0.,1.));
#4000=DIRECTION('ref_axis',(-1.,0.,0.));
#4001=DIRECTION('center_axis',(0.,0.,1.));
#4002=DIRECTION('ref_axis',(-1.,0.,0.));
#4003=DIRECTION('center_axis',(0.,0.,1.));
#4004=DIRECTION('ref_axis',(-1.,0.,0.));
#4005=DIRECTION('center_axis',(0.,0.,-1.));
#4006=DIRECTION('ref_axis',(1.,0.,0.));
#4007=DIRECTION('center_axis',(0.,0.,1.));
#4008=DIRECTION('ref_axis',(1.,0.,0.));
#4009=DIRECTION('center_axis',(0.,0.,-1.));
#4010=DIRECTION('ref_axis',(1.,0.,0.));
#4011=DIRECTION('center_axis',(0.,0.,1.));
#4012=DIRECTION('ref_axis',(1.,0.,0.));
#4013=DIRECTION('center_axis',(0.,0.,-1.));
#4014=DIRECTION('ref_axis',(1.,0.,0.));
#4015=DIRECTION('center_axis',(0.,0.,1.));
#4016=DIRECTION('ref_axis',(1.,0.,0.));
#4017=DIRECTION('center_axis',(0.,0.,-1.));
#4018=DIRECTION('ref_axis',(1.,0.,0.));
#4019=DIRECTION('center_axis',(0.,0.,1.));
#4020=DIRECTION('ref_axis',(1.,0.,0.));
#4021=DIRECTION('center_axis',(0.,0.,1.));
#4022=DIRECTION('ref_axis',(1.,0.,0.));
#4023=DIRECTION('',(1.,0.,0.));
#4024=DIRECTION('center_axis',(0.,0.,1.));
#4025=DIRECTION('ref_axis',(-0.707106781186549,-0.707106781186546,0.));
#4026=DIRECTION('',(0.,-1.,0.));
#4027=DIRECTION('center_axis',(0.,0.,1.));
#4028=DIRECTION('ref_axis',(-0.707106781186549,0.707106781186546,0.));
#4029=DIRECTION('',(-1.,0.,0.));
#4030=DIRECTION('center_axis',(0.,0.,1.));
#4031=DIRECTION('ref_axis',(0.707106781186541,0.707106781186554,0.));
#4032=DIRECTION('',(0.,1.,0.));
#4033=DIRECTION('center_axis',(0.,0.,1.));
#4034=DIRECTION('ref_axis',(0.707106781186541,-0.707106781186554,0.));
#4035=DIRECTION('',(-1.,0.,0.));
#4036=DIRECTION('center_axis',(0.,0.,1.));
#4037=DIRECTION('ref_axis',(0.707106781186541,0.707106781186554,0.));
#4038=DIRECTION('',(0.,1.,0.));
#4039=DIRECTION('center_axis',(0.,0.,1.));
#4040=DIRECTION('ref_axis',(0.707106781186541,-0.707106781186554,0.));
#4041=DIRECTION('',(1.,0.,0.));
#4042=DIRECTION('center_axis',(0.,0.,1.));
#4043=DIRECTION('ref_axis',(-0.707106781186541,-0.707106781186554,0.));
#4044=DIRECTION('',(0.,-1.,0.));
#4045=DIRECTION('center_axis',(0.,0.,1.));
#4046=DIRECTION('ref_axis',(-0.707106781186541,0.707106781186554,0.));
#4047=DIRECTION('',(-1.,1.03843337068256E-15,0.));
#4048=DIRECTION('center_axis',(0.,0.,1.));
#4049=DIRECTION('ref_axis',(0.707106781186541,0.707106781186554,0.));
#4050=DIRECTION('',(3.72988312734961E-15,1.,0.));
#4051=DIRECTION('',(-1.,5.82794238648376E-16,0.));
#4052=DIRECTION('center_axis',(0.,0.,1.));
#4053=DIRECTION('ref_axis',(0.70710678118654,0.707106781186555,0.));
#4054=DIRECTION('',(0.,1.,0.));
#4055=DIRECTION('center_axis',(0.,0.,1.));
#4056=DIRECTION('ref_axis',(0.707106781186541,-0.707106781186554,0.));
#4057=DIRECTION('',(1.,-4.66235390918701E-16,0.));
#4058=DIRECTION('center_axis',(0.,0.,1.));
#4059=DIRECTION('ref_axis',(-0.70710678118655,-0.707106781186545,0.));
#4060=DIRECTION('',(0.,-1.,0.));
#4061=DIRECTION('center_axis',(0.,0.,1.));
#4062=DIRECTION('ref_axis',(-0.707106781186547,0.707106781186548,0.));
#4063=DIRECTION('center_axis',(0.,0.,-1.));
#4064=DIRECTION('ref_axis',(1.,0.,0.));
#4065=DIRECTION('center_axis',(0.,0.,-1.));
#4066=DIRECTION('ref_axis',(0.707106781186553,0.707106781186542,0.));
#4067=DIRECTION('',(0.,1.,0.));
#4068=DIRECTION('center_axis',(0.,0.,-1.));
#4069=DIRECTION('ref_axis',(0.707106781186553,-0.707106781186543,0.));
#4070=DIRECTION('',(1.,0.,0.));
#4071=DIRECTION('center_axis',(0.,0.,-1.));
#4072=DIRECTION('ref_axis',(-0.707106781186553,-0.707106781186542,0.));
#4073=DIRECTION('',(0.,-1.,0.));
#4074=DIRECTION('center_axis',(0.,0.,-1.));
#4075=DIRECTION('ref_axis',(-0.707106781186553,0.707106781186542,0.));
#4076=DIRECTION('',(-1.,0.,0.));
#4077=DIRECTION('center_axis',(0.,0.,1.));
#4078=DIRECTION('ref_axis',(-1.,0.,0.));
#4079=DIRECTION('center_axis',(0.,0.,-1.));
#4080=DIRECTION('ref_axis',(-1.,0.,0.));
#4081=DIRECTION('center_axis',(0.,0.,1.));
#4082=DIRECTION('ref_axis',(-1.,0.,0.));
#4083=DIRECTION('center_axis',(0.,0.,-1.));
#4084=DIRECTION('ref_axis',(-1.,0.,0.));
#4085=DIRECTION('center_axis',(0.,0.,1.));
#4086=DIRECTION('ref_axis',(-1.,0.,0.));
#4087=DIRECTION('center_axis',(0.,0.,-1.));
#4088=DIRECTION('ref_axis',(-1.,0.,0.));
#4089=DIRECTION('center_axis',(0.,0.,1.));
#4090=DIRECTION('ref_axis',(-1.,0.,0.));
#4091=DIRECTION('center_axis',(0.,0.,-1.));
#4092=DIRECTION('ref_axis',(-1.,0.,0.));
#4093=DIRECTION('center_axis',(-1.,0.,0.));
#4094=DIRECTION('ref_axis',(0.,-0.0697564737441251,-0.997564050259824));
#4095=DIRECTION('',(-1.,0.,0.));
#4096=DIRECTION('center_axis',(1.,0.,0.));
#4097=DIRECTION('ref_axis',(0.,-0.0697564737441251,-0.997564050259824));
#4098=DIRECTION('center_axis',(0.,0.139173100960065,0.99026806874157));
#4099=DIRECTION('ref_axis',(0.,-0.99026806874157,0.139173100960065));
#4100=DIRECTION('',(-1.,0.,0.));
#4101=DIRECTION('',(8.3795139061511E-17,-0.99026806874157,0.139173100960065));
#4102=DIRECTION('center_axis',(0.,-0.139173100960065,-0.99026806874157));
#4103=DIRECTION('ref_axis',(0.,-0.99026806874157,0.139173100960065));
#4104=DIRECTION('',(1.,-1.48276864724562E-16,2.08389543354434E-17));
#4105=DIRECTION('center_axis',(0.,-0.139173100960065,-0.99026806874157));
#4106=DIRECTION('ref_axis',(4.99735641121809E-16,-0.99026806874157,0.139173100960065));
#4107=DIRECTION('',(0.,0.99026806874157,-0.139173100960065));
#4108=DIRECTION('center_axis',(-1.,0.,0.));
#4109=DIRECTION('ref_axis',(0.,-0.0697564737441251,-0.997564050259824));
#4110=DIRECTION('center_axis',(-1.,-8.46186418673457E-17,0.));
#4111=DIRECTION('ref_axis',(0.,-0.0697564737441251,-0.997564050259824));
#4112=DIRECTION('center_axis',(-1.,0.,0.));
#4113=DIRECTION('ref_axis',(0.,-1.,0.));
#4114=DIRECTION('',(0.,0.,1.));
#4115=DIRECTION('',(8.46186418673457E-17,-1.,0.));
#4116=DIRECTION('',(0.,0.,1.));
#4117=DIRECTION('',(0.,0.,-1.));
#4118=DIRECTION('',(8.46186418673457E-17,-1.,0.));
#4119=DIRECTION('',(0.,0.,-1.));
#4120=DIRECTION('',(0.,-1.,0.));
#4121=DIRECTION('center_axis',(0.,0.,1.));
#4122=DIRECTION('ref_axis',(-1.,0.,0.));
#4123=DIRECTION('center_axis',(0.,0.,1.));
#4124=DIRECTION('ref_axis',(-1.,0.,0.));
#4125=DIRECTION('',(0.,0.,1.));
#4126=DIRECTION('center_axis',(0.,0.,1.));
#4127=DIRECTION('ref_axis',(-1.,0.,0.));
#4128=DIRECTION('center_axis',(0.,0.,1.));
#4129=DIRECTION('ref_axis',(-1.,0.,0.));
#4130=DIRECTION('',(0.,0.,1.));
#4131=DIRECTION('center_axis',(0.,0.,1.));
#4132=DIRECTION('ref_axis',(1.,0.,0.));
#4133=DIRECTION('center_axis',(0.,0.,1.));
#4134=DIRECTION('ref_axis',(1.,0.,0.));
#4135=DIRECTION('',(0.,0.,1.));
#4136=DIRECTION('center_axis',(0.,0.,1.));
#4137=DIRECTION('ref_axis',(1.,0.,0.));
#4138=DIRECTION('center_axis',(0.,0.,1.));
#4139=DIRECTION('ref_axis',(1.,0.,0.));
#4140=DIRECTION('',(0.,0.,1.));
#4141=DIRECTION('center_axis',(0.,0.,1.));
#4142=DIRECTION('ref_axis',(1.,0.,0.));
#4143=DIRECTION('center_axis',(0.,0.,1.));
#4144=DIRECTION('ref_axis',(1.,0.,0.));
#4145=DIRECTION('',(0.,0.,1.));
#4146=DIRECTION('center_axis',(0.,0.,1.));
#4147=DIRECTION('ref_axis',(1.,0.,0.));
#4148=DIRECTION('center_axis',(0.,0.,1.));
#4149=DIRECTION('ref_axis',(1.,0.,0.));
#4150=DIRECTION('',(0.,0.,1.));
#4151=DIRECTION('center_axis',(0.,0.,1.));
#4152=DIRECTION('ref_axis',(0.707106781186541,0.707106781186554,0.));
#4153=DIRECTION('center_axis',(0.,0.,-1.));
#4154=DIRECTION('ref_axis',(0.707106781186541,0.707106781186554,0.));
#4155=DIRECTION('',(0.,0.,1.));
#4156=DIRECTION('',(0.,0.,-1.));
#4157=DIRECTION('center_axis',(-1.,0.,0.));
#4158=DIRECTION('ref_axis',(0.,-1.,0.));
#4159=DIRECTION('',(0.,-1.,0.));
#4160=DIRECTION('',(0.,0.,-1.));
#4161=DIRECTION('center_axis',(0.,0.,1.));
#4162=DIRECTION('ref_axis',(0.707106781186541,-0.707106781186554,0.));
#4163=DIRECTION('center_axis',(0.,0.,-1.));
#4164=DIRECTION('ref_axis',(0.707106781186541,-0.707106781186554,0.));
#4165=DIRECTION('',(0.,0.,1.));
#4166=DIRECTION('center_axis',(0.,1.,0.));
#4167=DIRECTION('ref_axis',(-1.,0.,0.));
#4168=DIRECTION('',(-1.,0.,0.));
#4169=DIRECTION('',(0.,0.,-1.));
#4170=DIRECTION('center_axis',(0.,0.,1.));
#4171=DIRECTION('ref_axis',(-0.707106781186549,-0.707106781186546,0.));
#4172=DIRECTION('center_axis',(0.,0.,-1.));
#4173=DIRECTION('ref_axis',(-0.707106781186549,-0.707106781186546,0.));
#4174=DIRECTION('',(0.,0.,1.));
#4175=DIRECTION('center_axis',(1.,0.,0.));
#4176=DIRECTION('ref_axis',(0.,1.,0.));
#4177=DIRECTION('',(0.,1.,0.));
#4178=DIRECTION('',(0.,0.,-1.));
#4179=DIRECTION('center_axis',(0.,0.,1.));
#4180=DIRECTION('ref_axis',(-0.707106781186549,0.707106781186546,0.));
#4181=DIRECTION('center_axis',(0.,0.,-1.));
#4182=DIRECTION('ref_axis',(-0.707106781186549,0.707106781186546,0.));
#4183=DIRECTION('',(0.,0.,1.));
#4184=DIRECTION('center_axis',(0.,-1.,0.));
#4185=DIRECTION('ref_axis',(1.,0.,0.));
#4186=DIRECTION('',(1.,0.,0.));
#4187=DIRECTION('center_axis',(1.,0.,0.));
#4188=DIRECTION('ref_axis',(0.,1.,0.));
#4189=DIRECTION('',(0.,1.,0.));
#4190=DIRECTION('',(0.,0.,-1.));
#4191=DIRECTION('',(0.,0.,1.));
#4192=DIRECTION('center_axis',(0.,0.,1.));
#4193=DIRECTION('ref_axis',(-0.707106781186541,0.707106781186554,0.));
#4194=DIRECTION('center_axis',(0.,0.,-1.));
#4195=DIRECTION('ref_axis',(-0.707106781186541,0.707106781186554,0.));
#4196=DIRECTION('',(0.,0.,1.));
#4197=DIRECTION('center_axis',(0.,-1.,0.));
#4198=DIRECTION('ref_axis',(1.,0.,0.));
#4199=DIRECTION('',(1.,0.,0.));
#4200=DIRECTION('',(0.,0.,-1.));
#4201=DIRECTION('center_axis',(0.,0.,1.));
#4202=DIRECTION('ref_axis',(0.707106781186541,0.707106781186554,0.));
#4203=DIRECTION('center_axis',(0.,0.,-1.));
#4204=DIRECTION('ref_axis',(0.707106781186541,0.707106781186554,0.));
#4205=DIRECTION('',(0.,0.,1.));
#4206=DIRECTION('center_axis',(-1.,0.,0.));
#4207=DIRECTION('ref_axis',(0.,-1.,0.));
#4208=DIRECTION('',(0.,-1.,0.));
#4209=DIRECTION('',(0.,0.,-1.));
#4210=DIRECTION('center_axis',(0.,0.,1.));
#4211=DIRECTION('ref_axis',(0.707106781186541,-0.707106781186554,0.));
#4212=DIRECTION('center_axis',(0.,0.,-1.));
#4213=DIRECTION('ref_axis',(0.707106781186541,-0.707106781186554,0.));
#4214=DIRECTION('',(0.,0.,1.));
#4215=DIRECTION('center_axis',(0.,1.,0.));
#4216=DIRECTION('ref_axis',(-1.,0.,0.));
#4217=DIRECTION('',(-1.,0.,0.));
#4218=DIRECTION('',(0.,0.,-1.));
#4219=DIRECTION('center_axis',(0.,0.,1.));
#4220=DIRECTION('ref_axis',(-0.707106781186541,-0.707106781186554,0.));
#4221=DIRECTION('center_axis',(0.,0.,-1.));
#4222=DIRECTION('ref_axis',(-0.707106781186541,-0.707106781186554,0.));
#4223=DIRECTION('center_axis',(0.,0.,1.));
#4224=DIRECTION('ref_axis',(-0.70710678118655,-0.707106781186545,0.));
#4225=DIRECTION('center_axis',(0.,0.,-1.));
#4226=DIRECTION('ref_axis',(-0.70710678118655,-0.707106781186545,0.));
#4227=DIRECTION('',(0.,0.,1.));
#4228=DIRECTION('',(0.,0.,-1.));
#4229=DIRECTION('center_axis',(1.,0.,0.));
#4230=DIRECTION('ref_axis',(0.,1.,0.));
#4231=DIRECTION('',(0.,1.,0.));
#4232=DIRECTION('',(0.,0.,-1.));
#4233=DIRECTION('center_axis',(0.,0.,1.));
#4234=DIRECTION('ref_axis',(-0.707106781186547,0.707106781186548,0.));
#4235=DIRECTION('center_axis',(0.,0.,-1.));
#4236=DIRECTION('ref_axis',(-0.707106781186547,0.707106781186548,0.));
#4237=DIRECTION('',(0.,0.,1.));
#4238=DIRECTION('center_axis',(-1.03843337068256E-15,-1.,0.));
#4239=DIRECTION('ref_axis',(1.,-1.03843337068256E-15,0.));
#4240=DIRECTION('',(1.,-1.03843337068256E-15,0.));
#4241=DIRECTION('',(0.,0.,-1.));
#4242=DIRECTION('center_axis',(0.,0.,1.));
#4243=DIRECTION('ref_axis',(0.707106781186541,0.707106781186554,0.));
#4244=DIRECTION('center_axis',(0.,0.,-1.));
#4245=DIRECTION('ref_axis',(0.707106781186541,0.707106781186554,0.));
#4246=DIRECTION('',(0.,0.,1.));
#4247=DIRECTION('center_axis',(-1.,3.72988312734961E-15,0.));
#4248=DIRECTION('ref_axis',(-3.72988312734961E-15,-1.,0.));
#4249=DIRECTION('',(-3.72988312734961E-15,-1.,0.));
#4250=DIRECTION('',(0.,0.,1.));
#4251=DIRECTION('center_axis',(-5.82794238648376E-16,-1.,0.));
#4252=DIRECTION('ref_axis',(1.,-5.82794238648376E-16,0.));
#4253=DIRECTION('',(1.,-5.82794238648376E-16,0.));
#4254=DIRECTION('',(0.,0.,-1.));
#4255=DIRECTION('center_axis',(0.,0.,1.));
#4256=DIRECTION('ref_axis',(0.70710678118654,0.707106781186555,0.));
#4257=DIRECTION('center_axis',(0.,0.,-1.));
#4258=DIRECTION('ref_axis',(0.70710678118654,0.707106781186555,0.));
#4259=DIRECTION('',(0.,0.,1.));
#4260=DIRECTION('center_axis',(-1.,0.,0.));
#4261=DIRECTION('ref_axis',(0.,-1.,0.));
#4262=DIRECTION('',(0.,-1.,0.));
#4263=DIRECTION('',(0.,0.,-1.));
#4264=DIRECTION('center_axis',(0.,0.,1.));
#4265=DIRECTION('ref_axis',(0.707106781186541,-0.707106781186554,0.));
#4266=DIRECTION('center_axis',(0.,0.,-1.));
#4267=DIRECTION('ref_axis',(0.707106781186541,-0.707106781186554,0.));
#4268=DIRECTION('',(0.,0.,1.));
#4269=DIRECTION('center_axis',(4.66235390918701E-16,1.,0.));
#4270=DIRECTION('ref_axis',(-1.,4.66235390918701E-16,0.));
#4271=DIRECTION('',(-1.,4.66235390918701E-16,0.));
#4272=DIRECTION('center_axis',(0.,0.,1.));
#4273=DIRECTION('ref_axis',(0.707106781186553,0.707106781186542,0.));
#4274=DIRECTION('',(0.,0.,-1.));
#4275=DIRECTION('center_axis',(0.,0.,-1.));
#4276=DIRECTION('ref_axis',(0.707106781186553,0.707106781186542,0.));
#4277=DIRECTION('',(0.,0.,1.));
#4278=DIRECTION('center_axis',(1.,0.,0.));
#4279=DIRECTION('ref_axis',(0.,1.,0.));
#4280=DIRECTION('',(0.,-1.,0.));
#4281=DIRECTION('',(0.,0.,-1.));
#4282=DIRECTION('center_axis',(0.,0.,1.));
#4283=DIRECTION('ref_axis',(0.707106781186553,-0.707106781186543,0.));
#4284=DIRECTION('center_axis',(0.,0.,-1.));
#4285=DIRECTION('ref_axis',(0.707106781186553,-0.707106781186543,0.));
#4286=DIRECTION('',(0.,0.,1.));
#4287=DIRECTION('center_axis',(0.,-1.,0.));
#4288=DIRECTION('ref_axis',(1.,0.,0.));
#4289=DIRECTION('',(0.,0.,-1.));
#4290=DIRECTION('',(-1.,0.,0.));
#4291=DIRECTION('center_axis',(0.,0.,-1.));
#4292=DIRECTION('ref_axis',(-0.707106781186553,-0.707106781186542,0.));
#4293=DIRECTION('center_axis',(0.,0.,-1.));
#4294=DIRECTION('ref_axis',(-0.707106781186553,-0.707106781186542,0.));
#4295=DIRECTION('',(0.,0.,1.));
#4296=DIRECTION('center_axis',(-1.,0.,0.));
#4297=DIRECTION('ref_axis',(0.,-1.,0.));
#4298=DIRECTION('',(0.,0.,-1.));
#4299=DIRECTION('',(0.,1.,0.));
#4300=DIRECTION('center_axis',(0.,0.,-1.));
#4301=DIRECTION('ref_axis',(-0.707106781186553,0.707106781186542,0.));
#4302=DIRECTION('center_axis',(0.,0.,-1.));
#4303=DIRECTION('ref_axis',(-0.707106781186553,0.707106781186542,0.));
#4304=DIRECTION('',(0.,0.,1.));
#4305=DIRECTION('center_axis',(0.,1.,0.));
#4306=DIRECTION('ref_axis',(-1.,0.,0.));
#4307=DIRECTION('',(1.,0.,0.));
#4308=DIRECTION('center_axis',(0.,0.,1.));
#4309=DIRECTION('ref_axis',(-1.,0.,0.));
#4310=DIRECTION('center_axis',(0.,0.,-1.));
#4311=DIRECTION('ref_axis',(-1.,0.,0.));
#4312=DIRECTION('',(0.,0.,1.));
#4313=DIRECTION('center_axis',(0.,0.,1.));
#4314=DIRECTION('ref_axis',(-1.,0.,0.));
#4315=DIRECTION('center_axis',(0.,0.,-1.));
#4316=DIRECTION('ref_axis',(-1.,0.,0.));
#4317=DIRECTION('',(0.,0.,1.));
#4318=DIRECTION('center_axis',(0.,0.,1.));
#4319=DIRECTION('ref_axis',(-1.,0.,0.));
#4320=DIRECTION('center_axis',(0.,0.,-1.));
#4321=DIRECTION('ref_axis',(-1.,0.,0.));
#4322=DIRECTION('',(0.,0.,1.));
#4323=DIRECTION('center_axis',(0.,0.,1.));
#4324=DIRECTION('ref_axis',(-1.,0.,0.));
#4325=DIRECTION('center_axis',(0.,0.,-1.));
#4326=DIRECTION('ref_axis',(-1.,0.,0.));
#4327=DIRECTION('',(0.,0.,1.));
#4328=DIRECTION('center_axis',(0.,0.,-1.));
#4329=DIRECTION('ref_axis',(-0.707106781186547,-0.707106781186547,0.));
#4330=DIRECTION('center_axis',(0.,0.,-1.));
#4331=DIRECTION('ref_axis',(-0.707106781186547,-0.707106781186547,0.));
#4332=DIRECTION('',(0.,0.,-1.));
#4333=DIRECTION('center_axis',(1.48276864724562E-16,1.,0.));
#4334=DIRECTION('ref_axis',(1.,-1.48276864724562E-16,0.));
#4335=DIRECTION('',(0.,0.,1.));
#4336=DIRECTION('',(1.,-1.48276864724562E-16,0.));
#4337=DIRECTION('center_axis',(0.,0.,-1.));
#4338=DIRECTION('ref_axis',(0.707106781186546,-0.707106781186549,0.));
#4339=DIRECTION('center_axis',(0.,0.,-1.));
#4340=DIRECTION('ref_axis',(0.707106781186546,-0.707106781186549,0.));
#4341=DIRECTION('',(0.,0.,-1.));
#4342=DIRECTION('center_axis',(-1.,0.,0.));
#4343=DIRECTION('ref_axis',(0.,1.,0.));
#4344=DIRECTION('',(0.,1.,0.));
#4345=DIRECTION('',(0.,0.,1.));
#4346=DIRECTION('center_axis',(0.,0.,-1.));
#4347=DIRECTION('ref_axis',(0.707106781186546,0.707106781186549,0.));
#4348=DIRECTION('center_axis',(0.,0.,-1.));
#4349=DIRECTION('ref_axis',(0.707106781186546,0.707106781186549,0.));
#4350=DIRECTION('',(0.,0.,-1.));
#4351=DIRECTION('center_axis',(3.70692161811404E-17,-1.,0.));
#4352=DIRECTION('ref_axis',(-1.,-3.70692161811404E-17,0.));
#4353=DIRECTION('',(0.,0.,1.));
#4354=DIRECTION('',(-1.,-3.70692161811404E-17,0.));
#4355=DIRECTION('center_axis',(0.,0.,-1.));
#4356=DIRECTION('ref_axis',(-0.707106781186547,0.707106781186548,0.));
#4357=DIRECTION('center_axis',(0.,0.,-1.));
#4358=DIRECTION('ref_axis',(-0.707106781186547,0.707106781186548,0.));
#4359=DIRECTION('center_axis',(0.,0.,1.));
#4360=DIRECTION('ref_axis',(-0.707106781186548,0.707106781186548,0.));
#4361=DIRECTION('center_axis',(0.,0.,-1.));
#4362=DIRECTION('ref_axis',(-0.707106781186548,0.707106781186548,0.));
#4363=DIRECTION('center_axis',(0.,0.,-1.));
#4364=DIRECTION('ref_axis',(-0.707106781186548,0.707106781186548,0.));
#4365=DIRECTION('',(0.,0.,1.));
#4366=DIRECTION('center_axis',(5.84327907697449E-16,1.,0.));
#4367=DIRECTION('ref_axis',(-1.,5.84327907697449E-16,0.));
#4368=DIRECTION('',(1.,-5.84327907697449E-16,0.));
#4369=DIRECTION('',(0.,0.,-1.));
#4370=DIRECTION('',(-1.,5.84327907697449E-16,0.));
#4371=DIRECTION('center_axis',(0.,0.,-1.));
#4372=DIRECTION('ref_axis',(0.38268343236509,-0.923879532511287,0.));
#4373=DIRECTION('center_axis',(0.,0.,1.));
#4374=DIRECTION('ref_axis',(0.38268343236509,-0.923879532511287,0.));
#4375=DIRECTION('',(0.,0.,1.));
#4376=DIRECTION('center_axis',(0.,0.,1.));
#4377=DIRECTION('ref_axis',(0.38268343236509,-0.923879532511287,0.));
#4378=DIRECTION('center_axis',(-0.707106781186547,0.707106781186548,0.));
#4379=DIRECTION('ref_axis',(-0.707106781186548,-0.707106781186547,0.));
#4380=DIRECTION('',(0.,0.,-1.));
#4381=DIRECTION('',(-0.707106781186548,-0.707106781186547,0.));
#4382=DIRECTION('',(0.707106781186548,0.707106781186547,0.));
#4383=DIRECTION('center_axis',(0.,0.,-1.));
#4384=DIRECTION('ref_axis',(-0.382683432365089,0.923879532511287,0.));
#4385=DIRECTION('center_axis',(0.,0.,-1.));
#4386=DIRECTION('ref_axis',(-0.382683432365089,0.923879532511287,0.));
#4387=DIRECTION('center_axis',(0.,0.,-1.));
#4388=DIRECTION('ref_axis',(-0.382683432365089,0.923879532511287,0.));
#4389=DIRECTION('',(0.,0.,1.));
#4390=DIRECTION('center_axis',(0.,1.,0.));
#4391=DIRECTION('ref_axis',(-1.,0.,0.));
#4392=DIRECTION('',(0.,0.,-1.));
#4393=DIRECTION('',(-1.,0.,0.));
#4394=DIRECTION('',(1.,0.,0.));
#4395=DIRECTION('center_axis',(0.,0.,1.));
#4396=DIRECTION('ref_axis',(-0.707106781186549,0.707106781186546,0.));
#4397=DIRECTION('',(0.,0.,1.));
#4398=DIRECTION('center_axis',(0.,0.,-1.));
#4399=DIRECTION('ref_axis',(-0.707106781186549,0.707106781186546,0.));
#4400=DIRECTION('',(0.,0.,1.));
#4401=DIRECTION('center_axis',(0.,0.,1.));
#4402=DIRECTION('ref_axis',(-0.707106781186549,0.707106781186546,0.));
#4403=DIRECTION('center_axis',(2.11471052309554E-16,1.,0.));
#4404=DIRECTION('ref_axis',(-1.,2.11471052309554E-16,0.));
#4405=DIRECTION('',(0.,0.,1.));
#4406=DIRECTION('',(-1.,2.11471052309554E-16,0.));
#4407=DIRECTION('',(1.,-2.11471052309554E-16,0.));
#4408=DIRECTION('center_axis',(0.,0.,-1.));
#4409=DIRECTION('ref_axis',(0.707106781186546,0.707106781186549,0.));
#4410=DIRECTION('center_axis',(0.,0.,-1.));
#4411=DIRECTION('ref_axis',(0.707106781186546,0.707106781186549,0.));
#4412=DIRECTION('',(0.,0.,1.));
#4413=DIRECTION('center_axis',(0.,0.,1.));
#4414=DIRECTION('ref_axis',(0.707106781186546,0.707106781186549,0.));
#4415=DIRECTION('center_axis',(1.,0.,0.));
#4416=DIRECTION('ref_axis',(0.,1.,0.));
#4417=DIRECTION('',(0.,-1.,0.));
#4418=DIRECTION('',(0.,0.,-1.));
#4419=DIRECTION('',(0.,1.,0.));
#4420=DIRECTION('center_axis',(-3.4664378912841E-16,1.,0.));
#4421=DIRECTION('ref_axis',(-1.,-3.4664378912841E-16,0.));
#4422=DIRECTION('',(1.,3.4664378912841E-16,0.));
#4423=DIRECTION('',(0.,0.,1.));
#4424=DIRECTION('',(-1.,-3.4664378912841E-16,0.));
#4425=DIRECTION('center_axis',(-1.,0.,0.));
#4426=DIRECTION('ref_axis',(0.,-1.,0.));
#4427=DIRECTION('',(0.,0.,1.));
#4428=DIRECTION('',(0.,-1.,0.));
#4429=DIRECTION('',(0.,1.,0.));
#4430=DIRECTION('center_axis',(0.,0.,1.));
#4431=DIRECTION('ref_axis',(-0.70710678118654,0.707106781186555,0.));
#4432=DIRECTION('center_axis',(0.,0.,-1.));
#4433=DIRECTION('ref_axis',(-0.70710678118654,0.707106781186555,0.));
#4434=DIRECTION('',(0.,0.,1.));
#4435=DIRECTION('center_axis',(0.,0.,1.));
#4436=DIRECTION('ref_axis',(-0.70710678118654,0.707106781186555,0.));
#4437=DIRECTION('center_axis',(2.11471052309554E-16,1.,0.));
#4438=DIRECTION('ref_axis',(-1.,2.11471052309554E-16,0.));
#4439=DIRECTION('',(0.,0.,1.));
#4440=DIRECTION('',(-1.,2.11471052309554E-16,0.));
#4441=DIRECTION('',(1.,-2.11471052309554E-16,0.));
#4442=DIRECTION('center_axis',(0.,0.,-1.));
#4443=DIRECTION('ref_axis',(0.707106781186552,0.707106781186543,0.));
#4444=DIRECTION('center_axis',(0.,0.,-1.));
#4445=DIRECTION('ref_axis',(0.707106781186552,0.707106781186543,0.));
#4446=DIRECTION('',(0.,0.,1.));
#4447=DIRECTION('center_axis',(0.,0.,1.));
#4448=DIRECTION('ref_axis',(0.707106781186552,0.707106781186543,0.));
#4449=DIRECTION('center_axis',(1.,0.,0.));
#4450=DIRECTION('ref_axis',(0.,1.,0.));
#4451=DIRECTION('',(0.,-1.,0.));
#4452=DIRECTION('',(0.,0.,-1.));
#4453=DIRECTION('',(0.,1.,0.));
#4454=DIRECTION('center_axis',(-3.4664378912841E-16,1.,0.));
#4455=DIRECTION('ref_axis',(-1.,-3.4664378912841E-16,0.));
#4456=DIRECTION('',(0.,0.,1.));
#4457=DIRECTION('',(-1.,-3.4664378912841E-16,0.));
#4458=DIRECTION('',(1.,3.4664378912841E-16,0.));
#4459=DIRECTION('center_axis',(0.,0.,-1.));
#4460=DIRECTION('ref_axis',(0.707106781186553,0.707106781186542,0.));
#4461=DIRECTION('center_axis',(0.,0.,-1.));
#4462=DIRECTION('ref_axis',(0.707106781186553,0.707106781186542,0.));
#4463=DIRECTION('',(0.,0.,1.));
#4464=DIRECTION('center_axis',(0.,0.,1.));
#4465=DIRECTION('ref_axis',(0.707106781186553,0.707106781186542,0.));
#4466=DIRECTION('center_axis',(1.,0.,0.));
#4467=DIRECTION('ref_axis',(0.,1.,0.));
#4468=DIRECTION('',(0.,-1.,0.));
#4469=DIRECTION('',(0.,0.,1.));
#4470=DIRECTION('',(0.,1.,0.));
#4471=DIRECTION('center_axis',(1.74838271594514E-15,1.,0.));
#4472=DIRECTION('ref_axis',(-1.,1.74838271594514E-15,0.));
#4473=DIRECTION('',(0.,0.,1.));
#4474=DIRECTION('',(-1.,1.74838271594514E-15,0.));
#4475=DIRECTION('',(1.,-1.74838271594514E-15,0.));
#4476=DIRECTION('center_axis',(0.,0.,1.));
#4477=DIRECTION('ref_axis',(0.70710678118654,0.707106781186555,0.));
#4478=DIRECTION('center_axis',(0.,0.,-1.));
#4479=DIRECTION('ref_axis',(0.70710678118654,0.707106781186555,0.));
#4480=DIRECTION('',(0.,0.,1.));
#4481=DIRECTION('center_axis',(0.,0.,1.));
#4482=DIRECTION('ref_axis',(0.70710678118654,0.707106781186555,0.));
#4483=DIRECTION('center_axis',(1.,-1.7129250824411E-15,0.));
#4484=DIRECTION('ref_axis',(1.7129250824411E-15,1.,0.));
#4485=DIRECTION('',(-1.7129250824411E-15,-1.,0.));
#4486=DIRECTION('',(0.,0.,1.));
#4487=DIRECTION('',(1.7129250824411E-15,1.,0.));
#4488=DIRECTION('center_axis',(0.,0.,1.));
#4489=DIRECTION('ref_axis',(0.707106781186554,-0.707106781186541,0.));
#4490=DIRECTION('center_axis',(0.,0.,-1.));
#4491=DIRECTION('ref_axis',(0.707106781186554,-0.707106781186541,0.));
#4492=DIRECTION('',(0.,0.,1.));
#4493=DIRECTION('center_axis',(0.,0.,1.));
#4494=DIRECTION('ref_axis',(0.707106781186554,-0.707106781186541,0.));
#4495=DIRECTION('center_axis',(0.,-1.,0.));
#4496=DIRECTION('ref_axis',(1.,0.,0.));
#4497=DIRECTION('',(-1.,0.,0.));
#4498=DIRECTION('',(0.,0.,1.));
#4499=DIRECTION('',(1.,0.,0.));
#4500=DIRECTION('center_axis',(1.,0.,0.));
#4501=DIRECTION('ref_axis',(0.,1.,0.));
#4502=DIRECTION('',(0.,0.,1.));
#4503=DIRECTION('',(0.,1.,0.));
#4504=DIRECTION('',(0.,-1.,0.));
#4505=DIRECTION('center_axis',(0.,0.,-1.));
#4506=DIRECTION('ref_axis',(0.707106781186554,-0.707106781186541,0.));
#4507=DIRECTION('center_axis',(0.,0.,-1.));
#4508=DIRECTION('ref_axis',(0.707106781186554,-0.707106781186541,0.));
#4509=DIRECTION('',(0.,0.,1.));
#4510=DIRECTION('center_axis',(0.,0.,1.));
#4511=DIRECTION('ref_axis',(0.707106781186554,-0.707106781186541,0.));
#4512=DIRECTION('center_axis',(-4.22942104619108E-16,-1.,0.));
#4513=DIRECTION('ref_axis',(1.,-4.22942104619107E-16,0.));
#4514=DIRECTION('',(0.,0.,1.));
#4515=DIRECTION('',(1.,-4.22942104619107E-16,0.));
#4516=DIRECTION('',(-1.,4.22942104619107E-16,0.));
#4517=DIRECTION('center_axis',(0.,0.,1.));
#4518=DIRECTION('ref_axis',(-0.707106781186548,-0.707106781186548,0.));
#4519=DIRECTION('center_axis',(0.,0.,-1.));
#4520=DIRECTION('ref_axis',(-0.707106781186548,-0.707106781186548,0.));
#4521=DIRECTION('',(0.,0.,1.));
#4522=DIRECTION('center_axis',(0.,0.,1.));
#4523=DIRECTION('ref_axis',(-0.707106781186548,-0.707106781186548,0.));
#4524=DIRECTION('center_axis',(-1.,0.,0.));
#4525=DIRECTION('ref_axis',(0.,-1.,0.));
#4526=DIRECTION('',(0.,1.,0.));
#4527=DIRECTION('',(0.,0.,-1.));
#4528=DIRECTION('',(0.,-1.,0.));
#4529=DIRECTION('center_axis',(0.,-1.,0.));
#4530=DIRECTION('ref_axis',(1.,0.,0.));
#4531=DIRECTION('',(-1.,0.,0.));
#4532=DIRECTION('',(0.,0.,1.));
#4533=DIRECTION('',(1.,0.,0.));
#4534=DIRECTION('center_axis',(1.,0.,0.));
#4535=DIRECTION('ref_axis',(0.,1.,0.));
#4536=DIRECTION('',(0.,0.,1.));
#4537=DIRECTION('',(0.,1.,0.));
#4538=DIRECTION('',(0.,-1.,0.));
#4539=DIRECTION('center_axis',(0.,0.,-1.));
#4540=DIRECTION('ref_axis',(0.707106781186541,-0.707106781186554,0.));
#4541=DIRECTION('center_axis',(0.,0.,-1.));
#4542=DIRECTION('ref_axis',(0.707106781186541,-0.707106781186554,0.));
#4543=DIRECTION('',(0.,0.,1.));
#4544=DIRECTION('center_axis',(0.,0.,1.));
#4545=DIRECTION('ref_axis',(0.707106781186541,-0.707106781186554,0.));
#4546=DIRECTION('center_axis',(-4.22942104619108E-16,-1.,0.));
#4547=DIRECTION('ref_axis',(1.,-4.22942104619107E-16,0.));
#4548=DIRECTION('',(-1.,4.22942104619107E-16,0.));
#4549=DIRECTION('',(0.,0.,1.));
#4550=DIRECTION('',(1.,-4.22942104619107E-16,0.));
#4551=DIRECTION('center_axis',(0.,0.,1.));
#4552=DIRECTION('ref_axis',(-0.707106781186551,-0.707106781186544,0.));
#4553=DIRECTION('center_axis',(0.,0.,-1.));
#4554=DIRECTION('ref_axis',(-0.707106781186551,-0.707106781186544,0.));
#4555=DIRECTION('',(0.,0.,1.));
#4556=DIRECTION('center_axis',(0.,0.,1.));
#4557=DIRECTION('ref_axis',(-0.707106781186551,-0.707106781186544,0.));
#4558=DIRECTION('center_axis',(-1.,0.,0.));
#4559=DIRECTION('ref_axis',(0.,-1.,0.));
#4560=DIRECTION('',(0.,1.,0.));
#4561=DIRECTION('',(0.,0.,-1.));
#4562=DIRECTION('',(0.,-1.,0.));
#4563=DIRECTION('center_axis',(0.,-1.,0.));
#4564=DIRECTION('ref_axis',(1.,0.,0.));
#4565=DIRECTION('',(0.,0.,1.));
#4566=DIRECTION('',(1.,0.,0.));
#4567=DIRECTION('',(-1.,0.,0.));
#4568=DIRECTION('center_axis',(0.,0.,-1.));
#4569=DIRECTION('ref_axis',(-0.707106781186549,-0.707106781186546,0.));
#4570=DIRECTION('center_axis',(0.,0.,-1.));
#4571=DIRECTION('ref_axis',(-0.707106781186549,-0.707106781186546,0.));
#4572=DIRECTION('',(0.,0.,1.));
#4573=DIRECTION('center_axis',(0.,0.,1.));
#4574=DIRECTION('ref_axis',(-0.707106781186549,-0.707106781186546,0.));
#4575=DIRECTION('center_axis',(-1.,2.14115635305138E-16,0.));
#4576=DIRECTION('ref_axis',(-2.14115635305138E-16,-1.,0.));
#4577=DIRECTION('',(2.14115635305138E-16,1.,0.));
#4578=DIRECTION('',(0.,0.,1.));
#4579=DIRECTION('',(-2.14115635305138E-16,-1.,0.));
#4580=DIRECTION('center_axis',(0.,0.,1.));
#4581=DIRECTION('ref_axis',(-0.707106781186547,-0.707106781186548,0.));
#4582=DIRECTION('center_axis',(0.,0.,-1.));
#4583=DIRECTION('ref_axis',(-0.707106781186547,-0.707106781186548,0.));
#4584=DIRECTION('',(0.,0.,-1.));
#4585=DIRECTION('center_axis',(0.,0.,-1.));
#4586=DIRECTION('ref_axis',(-0.707106781186547,-0.707106781186548,0.));
#4587=DIRECTION('center_axis',(0.,0.,-1.));
#4588=DIRECTION('ref_axis',(1.,0.,0.));
#4589=DIRECTION('',(1.,0.,0.));
#4590=DIRECTION('center_axis',(0.,0.,-1.));
#4591=DIRECTION('ref_axis',(0.707106781186548,0.707106781186548,0.));
#4592=DIRECTION('center_axis',(0.,-1.,0.));
#4593=DIRECTION('ref_axis',(1.,0.,0.));
#4594=DIRECTION('',(-1.,-3.4664378912841E-16,0.));
#4595=DIRECTION('',(-1.,0.,0.));
#4596=DIRECTION('center_axis',(0.,0.,-1.));
#4597=DIRECTION('ref_axis',(0.707106781186548,0.707106781186548,0.));
#4598=DIRECTION('center_axis',(0.,0.,-1.));
#4599=DIRECTION('ref_axis',(0.707106781186548,0.707106781186548,0.));
#4600=DIRECTION('center_axis',(0.,0.,-1.));
#4601=DIRECTION('ref_axis',(1.,0.,0.));
#4602=DIRECTION('',(0.,-1.,0.));
#4603=DIRECTION('center_axis',(-1.,0.,0.));
#4604=DIRECTION('ref_axis',(0.,-1.,0.));
#4605=DIRECTION('',(0.,1.,0.));
#4606=DIRECTION('center_axis',(0.,0.,1.));
#4607=DIRECTION('ref_axis',(1.,0.,0.));
#4608=CARTESIAN_POINT('',(0.,0.,0.));
#4609=CARTESIAN_POINT('Origin',(225.375,-0.815625000000133,-13.7));
#4610=CARTESIAN_POINT('',(226.375,14.1589446600043,-13.7));
#4611=CARTESIAN_POINT('',(226.375,-43.1643107909032,-13.7));
#4612=CARTESIAN_POINT('',(226.375,-0.815625000000133,-13.7));
#4613=CARTESIAN_POINT('',(225.375,-43.1643107909032,-14.7));
#4614=CARTESIAN_POINT('Origin',(225.375,-43.1643107909032,-13.7));
#4615=CARTESIAN_POINT('',(225.375,14.2288714719478,-14.7));
#4616=CARTESIAN_POINT('',(225.375,-0.815625000000133,-14.7));
#4617=CARTESIAN_POINT('Origin',(225.375,14.1589446600043,-13.7));
#4618=CARTESIAN_POINT('Origin',(225.375,-43.1643107909032,35.3));
#4619=CARTESIAN_POINT('',(226.375,-49.9837927379464,-13.2231353683369));
#4620=CARTESIAN_POINT('',(225.375,-50.1229658389065,-14.2134034370785));
#4621=CARTESIAN_POINT('Origin',(225.375,-49.9837927379464,-13.2231353683369));
#4622=CARTESIAN_POINT('Origin',(225.375,-43.1643107909032,35.3));
#4623=CARTESIAN_POINT('Origin',(226.375,-43.1643107909032,35.3));
#4624=CARTESIAN_POINT('Origin',(225.375,-12.3686390151979,-18.5096004699908));
#4625=CARTESIAN_POINT('',(226.375,-81.9375,-8.73233467789209));
#4626=CARTESIAN_POINT('',(225.375,-82.0766731009601,-9.72260274663367));
#4627=CARTESIAN_POINT('Origin',(225.375,-81.9375,-8.73233467789209));
#4628=CARTESIAN_POINT('',(225.375,-12.507812116158,-19.4998685387323));
#4629=CARTESIAN_POINT('',(226.375,-12.3686390151979,-18.5096004699908));
#4630=CARTESIAN_POINT('Ctrl Pts',(221.375,-86.0766731009601,-9.1604394078241));
#4631=CARTESIAN_POINT('Ctrl Pts',(222.272597901026,-86.0766731009601,-9.1604394078241));
#4632=CARTESIAN_POINT('Ctrl Pts',(223.762991647056,-85.5518173815365,-9.23420306873022));
#4633=CARTESIAN_POINT('Ctrl Pts',(225.101185969573,-83.8695757673274,-9.47062670936225));
#4634=CARTESIAN_POINT('Ctrl Pts',(225.375,-82.6750717016438,-9.63850330780883));
#4635=CARTESIAN_POINT('Ctrl Pts',(225.375,-82.0766731009601,-9.72260274663367));
#4636=CARTESIAN_POINT('Ctrl Pts',(221.375,-86.3466239464279,-9.12250029067343));
#4637=CARTESIAN_POINT('Ctrl Pts',(222.334555610694,-86.3466239464279,-9.12250029067343));
#4638=CARTESIAN_POINT('Ctrl Pts',(223.927422943126,-85.7900113333697,-9.20029425374253));
#4639=CARTESIAN_POINT('Ctrl Pts',(225.368693222443,-83.9976025347357,-9.4525374025111));
#4640=CARTESIAN_POINT('Ctrl Pts',(225.670147585114,-82.7191322827659,-9.63214597120997));
#4641=CARTESIAN_POINT('Ctrl Pts',(225.674199300342,-82.0766731009601,-9.72260274663365));
#4642=CARTESIAN_POINT('Ctrl Pts',(221.375,-86.7866731661221,-8.85217574675218));
#4643=CARTESIAN_POINT('Ctrl Pts',(222.441598943059,-86.7866731661221,-8.85217574675218));
#4644=CARTESIAN_POINT('Ctrl Pts',(224.213725477259,-86.1729248141862,-8.93293713672344));
#4645=CARTESIAN_POINT('Ctrl Pts',(225.832017862593,-84.1868846597488,-9.19328314566197));
#4646=CARTESIAN_POINT('Ctrl Pts',(226.181466901724,-82.7608885712451,-9.37982407509871));
#4647=CARTESIAN_POINT('Ctrl Pts',(226.191968260763,-82.0416958026909,-9.47372633755831));
#4648=CARTESIAN_POINT('Ctrl Pts',(221.375,-86.9375,-8.37462419431615));
#4649=CARTESIAN_POINT('Ctrl Pts',(222.490674130735,-86.9375,-8.37462419431615));
#4650=CARTESIAN_POINT('Ctrl Pts',(224.343140191115,-86.2899378248357,-8.45051353200011));
#4651=CARTESIAN_POINT('Ctrl Pts',(226.019367001373,-84.2043864836423,-8.69406648730575));
#4652=CARTESIAN_POINT('Ctrl Pts',(226.370283818189,-82.7164398490824,-8.86753101879749));
#4653=CARTESIAN_POINT('Ctrl Pts',(226.375,-81.9687303708252,-8.95455031288088));
#4654=CARTESIAN_POINT('Ctrl Pts',(221.375,-86.9375,-8.17017133908253));
#4655=CARTESIAN_POINT('Ctrl Pts',(222.496997376282,-86.9375,-8.17017133908253));
#4656=CARTESIAN_POINT('Ctrl Pts',(224.35998955882,-86.2814303507205,-8.24393499998864));
#4657=CARTESIAN_POINT('Ctrl Pts',(226.032732461966,-84.1786283329592,-8.48035864062068));
#4658=CARTESIAN_POINT('Ctrl Pts',(226.375,-82.6854982508547,-8.64823523906725));
#4659=CARTESIAN_POINT('Ctrl Pts',(226.375,-81.9375,-8.73233467789209));
#4660=CARTESIAN_POINT('',(221.375,-86.9375,-8.17017133908253));
#4661=CARTESIAN_POINT('',(221.375,-86.0766731009601,-9.1604394078241));
#4662=CARTESIAN_POINT('Origin',(221.375,-85.9375,-8.17017133908253));
#4663=CARTESIAN_POINT('Origin',(221.375,-82.0766731009601,-9.72260274663367));
#4664=CARTESIAN_POINT('Origin',(221.375,-81.9375,-8.73233467789209));
#4665=CARTESIAN_POINT('Origin',(-16.825,-85.9375,-8.17017133908253));
#4666=CARTESIAN_POINT('',(-11.825,-86.9375,-8.17017133908253));
#4667=CARTESIAN_POINT('',(-11.825,-86.0766731009601,-9.1604394078241));
#4668=CARTESIAN_POINT('Origin',(-11.825,-85.9375,-8.17017133908253));
#4669=CARTESIAN_POINT('',(-16.825,-86.0766731009601,-9.1604394078241));
#4670=CARTESIAN_POINT('',(-16.825,-86.9375,-8.17017133908253));
#4671=CARTESIAN_POINT('Ctrl Pts',(-15.825,-82.0766731009601,-9.72260274663367));
#4672=CARTESIAN_POINT('Ctrl Pts',(-15.825,-82.9742710019857,-9.59645358839641));
#4673=CARTESIAN_POINT('Ctrl Pts',(-15.0936289598119,-85.0720140654991,-9.30163502725909));
#4674=CARTESIAN_POINT('Ctrl Pts',(-13.0217972013675,-86.0766731009601,-9.1604394078241));
#4675=CARTESIAN_POINT('Ctrl Pts',(-11.825,-86.0766731009601,-9.1604394078241));
#4676=CARTESIAN_POINT('Ctrl Pts',(-16.1241993003419,-82.0766731009601,-9.72260274663367));
#4677=CARTESIAN_POINT('Ctrl Pts',(-16.1181217274994,-83.0403618736688,-9.58691758349815));
#4678=CARTESIAN_POINT('Ctrl Pts',(-15.3199226188989,-85.2813173715875,-9.27191375792287));
#4679=CARTESIAN_POINT('Ctrl Pts',(-13.1044074809248,-86.3466239464279,-9.12250029067343));
#4680=CARTESIAN_POINT('Ctrl Pts',(-11.825,-86.3466239464279,-9.12250029067343));
#4681=CARTESIAN_POINT('Ctrl Pts',(-16.6420345774662,-82.0417034948459,-9.47378107008545));
#4682=CARTESIAN_POINT('Ctrl Pts',(-16.6262825389072,-83.1204926476773,-9.33292767639606));
#4683=CARTESIAN_POINT('Ctrl Pts',(-15.713249176613,-85.6133351160471,-9.0065398807158));
#4684=CARTESIAN_POINT('Ctrl Pts',(-13.2471319240792,-86.7867219345755,-8.85221159536426));
#4685=CARTESIAN_POINT('Ctrl Pts',(-11.825,-86.7867219345755,-8.85221159536426));
#4686=CARTESIAN_POINT('Ctrl Pts',(-16.825,-81.9687303708252,-8.95455031288089));
#4687=CARTESIAN_POINT('Ctrl Pts',(-16.8179257272831,-83.090294588211,-8.82402137175581));
#4688=CARTESIAN_POINT('Ctrl Pts',(-15.8891278227761,-85.6982531371836,-8.51976758758498));
#4689=CARTESIAN_POINT('Ctrl Pts',(-13.3125655076465,-86.9375,-8.37462419431615));
#4690=CARTESIAN_POINT('Ctrl Pts',(-11.825,-86.9375,-8.37462419431615));
#4691=CARTESIAN_POINT('Ctrl Pts',(-16.825,-81.9375,-8.7323346778921));
#4692=CARTESIAN_POINT('Ctrl Pts',(-16.825,-83.0594973762821,-8.60618551965484));
#4693=CARTESIAN_POINT('Ctrl Pts',(-15.9107861997649,-85.6816762056738,-8.31136695851752));
#4694=CARTESIAN_POINT('Ctrl Pts',(-13.3209965017094,-86.9375,-8.17017133908253));
#4695=CARTESIAN_POINT('Ctrl Pts',(-11.825,-86.9375,-8.17017133908253));
#4696=CARTESIAN_POINT('',(-16.825,-81.9375,-8.73233467789209));
#4697=CARTESIAN_POINT('',(-15.825,-82.0766731009601,-9.72260274663367));
#4698=CARTESIAN_POINT('Origin',(-15.825,-81.9375,-8.73233467789209));
#4699=CARTESIAN_POINT('Origin',(-11.825,-82.0766731009601,-9.72260274663367));
#4700=CARTESIAN_POINT('Origin',(-11.825,-81.9375,-8.73233467789209));
#4701=CARTESIAN_POINT('Origin',(-15.825,-65.5985072315238,-11.0286303597701));
#4702=CARTESIAN_POINT('',(-16.825,-49.9837927379464,-13.223135368337));
#4703=CARTESIAN_POINT('',(-15.825,-50.1229658389065,-14.2134034370785));
#4704=CARTESIAN_POINT('Origin',(-15.825,-49.9837927379464,-13.223135368337));
#4705=CARTESIAN_POINT('',(-15.825,-65.7376803324838,-12.0188984285116));
#4706=CARTESIAN_POINT('',(-16.825,-65.5985072315238,-11.0286303597701));
#4707=CARTESIAN_POINT('Origin',(-15.825,-43.1643107909032,35.3));
#4708=CARTESIAN_POINT('',(-16.825,-43.1643107909032,-13.7));
#4709=CARTESIAN_POINT('',(-15.825,-43.1643107909032,-14.7));
#4710=CARTESIAN_POINT('Origin',(-15.825,-43.1643107909032,-13.7));
#4711=CARTESIAN_POINT('Origin',(-15.825,-43.1643107909032,35.3));
#4712=CARTESIAN_POINT('Origin',(-16.825,-43.1643107909032,35.3));
#4713=CARTESIAN_POINT('Origin',(-15.825,-55.096875,-13.7));
#4714=CARTESIAN_POINT('',(-15.825,14.2288714719478,-14.7));
#4715=CARTESIAN_POINT('',(-15.825,-55.096875,-14.7));
#4716=CARTESIAN_POINT('',(-16.825,14.1589446600043,-13.7));
#4717=CARTESIAN_POINT('',(-16.825,-55.096875,-13.7));
#4718=CARTESIAN_POINT('Origin',(-15.825,14.1589446600043,-13.7));
#4719=CARTESIAN_POINT('Origin',(225.375,27.7018323560334,-11.7966712589192));
#4720=CARTESIAN_POINT('',(225.375,21.4641731009599,-13.683144669735));
#4721=CARTESIAN_POINT('',(225.375,27.8410054569934,-12.7869393276607));
#4722=CARTESIAN_POINT('',(226.375,21.3249999999998,-12.6928766009934));
#4723=CARTESIAN_POINT('Origin',(225.375,21.3249999999998,-12.6928766009934));
#4724=CARTESIAN_POINT('',(226.375,27.7018323560334,-11.7966712589192));
#4725=CARTESIAN_POINT('Ctrl Pts',(225.375,21.4641731009599,-13.683144669735));
#4726=CARTESIAN_POINT('Ctrl Pts',(225.375,22.3617710019855,-13.5569955114977));
#4727=CARTESIAN_POINT('Ctrl Pts',(224.850180071005,23.8521799788179,-13.3475321898457));
#4728=CARTESIAN_POINT('Ctrl Pts',(223.167920538352,25.1903699212649,-13.1594618583439));
#4729=CARTESIAN_POINT('Ctrl Pts',(221.973398600684,25.4641731009599,-13.1209813309254));
#4730=CARTESIAN_POINT('Ctrl Pts',(221.375,25.4641731009599,-13.1209813309254));
#4731=CARTESIAN_POINT('Ctrl Pts',(225.674199300342,21.4641731009599,-13.683144669735));
#4732=CARTESIAN_POINT('Ctrl Pts',(225.668121727499,22.4278618736686,-13.5474595065994));
#4733=CARTESIAN_POINT('Ctrl Pts',(225.096011353065,24.0201307278337,-13.3239072231169));
#4734=CARTESIAN_POINT('Ctrl Pts',(223.291282110397,25.4435674364558,-13.1235957982407));
#4735=CARTESIAN_POINT('Ctrl Pts',(222.014703740462,25.7341239464277,-13.0830422137747));
#4736=CARTESIAN_POINT('Ctrl Pts',(221.375,25.7341239464277,-13.0830422137747));
#4737=CARTESIAN_POINT('Ctrl Pts',(226.191976165981,21.4291967196266,-13.4342747849977));
#4738=CARTESIAN_POINT('Ctrl Pts',(226.176224127422,22.507985872458,-13.2934213913082));
#4739=CARTESIAN_POINT('Ctrl Pts',(225.521630413611,24.2798816961681,-13.0613911883923));
#4740=CARTESIAN_POINT('Ctrl Pts',(223.505831707817,25.8533987343159,-12.8549275930497));
#4741=CARTESIAN_POINT('Ctrl Pts',(222.08606596204,26.1741789795183,-12.8127219431526));
#4742=CARTESIAN_POINT('Ctrl Pts',(221.375,26.1741789795183,-12.8127219431526));
#4743=CARTESIAN_POINT('Ctrl Pts',(226.375,21.3562303708251,-12.9150922359822));
#4744=CARTESIAN_POINT('Ctrl Pts',(226.367925727283,22.4777945882108,-12.7845632948571));
#4745=CARTESIAN_POINT('Ctrl Pts',(225.702019055711,24.3308958597917,-12.5683334695533));
#4746=CARTESIAN_POINT('Ctrl Pts',(223.603314477478,25.9869394706594,-12.3747818611719));
#4747=CARTESIAN_POINT('Ctrl Pts',(222.118782753823,26.3249999999998,-12.3351661174174));
#4748=CARTESIAN_POINT('Ctrl Pts',(221.375,26.3249999999998,-12.3351661174174));
#4749=CARTESIAN_POINT('Ctrl Pts',(226.375,21.3249999999998,-12.6928766009934));
#4750=CARTESIAN_POINT('Ctrl Pts',(226.375,22.4469973762819,-12.5667274427561));
#4751=CARTESIAN_POINT('Ctrl Pts',(225.718975088756,24.3100085973223,-12.3572641211042));
#4752=CARTESIAN_POINT('Ctrl Pts',(223.61615067294,25.9827460253811,-12.1691937896023));
#4753=CARTESIAN_POINT('Ctrl Pts',(222.122998250855,26.3249999999998,-12.1307132621838));
#4754=CARTESIAN_POINT('Ctrl Pts',(221.375,26.3249999999998,-12.1307132621838));
#4755=CARTESIAN_POINT('',(221.375,25.4641731009599,-13.1209813309254));
#4756=CARTESIAN_POINT('',(221.375,26.3249999999998,-12.1307132621838));
#4757=CARTESIAN_POINT('Origin',(221.375,25.3249999999998,-12.1307132621838));
#4758=CARTESIAN_POINT('Origin',(221.375,21.3249999999998,-12.6928766009934));
#4759=CARTESIAN_POINT('Origin',(221.375,21.4641731009599,-13.683144669735));
#4760=CARTESIAN_POINT('Origin',(-16.825,25.3249999999998,-12.1307132621838));
#4761=CARTESIAN_POINT('',(-11.825,25.4641731009599,-13.1209813309254));
#4762=CARTESIAN_POINT('',(-11.825,26.3249999999998,-12.1307132621838));
#4763=CARTESIAN_POINT('Origin',(-11.825,25.3249999999998,-12.1307132621838));
#4764=CARTESIAN_POINT('',(-16.825,26.3249999999998,-12.1307132621838));
#4765=CARTESIAN_POINT('',(-16.825,25.4641731009599,-13.1209813309254));
#4766=CARTESIAN_POINT('Ctrl Pts',(-11.825,25.4641731009599,-13.1209813309254));
#4767=CARTESIAN_POINT('Ctrl Pts',(-12.7225979010257,25.4641731009599,-13.1209813309254));
#4768=CARTESIAN_POINT('Ctrl Pts',(-14.8208758247003,24.7334438175351,-13.2236786343594));
#4769=CARTESIAN_POINT('Ctrl Pts',(-15.825,22.6609703023274,-13.5149457920853));
#4770=CARTESIAN_POINT('Ctrl Pts',(-15.825,21.4641731009599,-13.683144669735));
#4771=CARTESIAN_POINT('Ctrl Pts',(-11.825,25.7341239464278,-13.0830422137747));
#4772=CARTESIAN_POINT('Ctrl Pts',(-12.7845556106936,25.7341239464278,-13.0830422137747));
#4773=CARTESIAN_POINT('Ctrl Pts',(-15.0271888526026,24.9591591605025,-13.1919004741675));
#4774=CARTESIAN_POINT('Ctrl Pts',(-16.1160958698852,22.7490914645715,-13.5022311188876));
#4775=CARTESIAN_POINT('Ctrl Pts',(-16.1241993003419,21.4641731009599,-13.683144669735));
#4776=CARTESIAN_POINT('Ctrl Pts',(-11.825,26.1742900162536,-12.8128035638023));
#4777=CARTESIAN_POINT('Ctrl Pts',(-12.8915989430594,26.1742900162536,-12.8128035638023));
#4778=CARTESIAN_POINT('Ctrl Pts',(-15.385258101033,25.3209271675625,-12.9250115230208));
#4779=CARTESIAN_POINT('Ctrl Pts',(-16.6211244387528,22.8675997703474,-13.2465948759049));
#4780=CARTESIAN_POINT('Ctrl Pts',(-16.6421271568314,21.4292142332389,-13.4343994008241));
#4781=CARTESIAN_POINT('Ctrl Pts',(-11.825,26.3249999999998,-12.3351661174174));
#4782=CARTESIAN_POINT('Ctrl Pts',(-12.9406741307349,26.3249999999998,-12.3351661174174));
#4783=CARTESIAN_POINT('Ctrl Pts',(-15.548500930641,25.4235935333905,-12.4407092213395));
#4784=CARTESIAN_POINT('Ctrl Pts',(-16.8155676363775,22.8516493273394,-12.7410536478154));
#4785=CARTESIAN_POINT('Ctrl Pts',(-16.825,21.3562303708251,-12.9150922359822));
#4786=CARTESIAN_POINT('Ctrl Pts',(-11.825,26.3249999999998,-12.1307132621838));
#4787=CARTESIAN_POINT('Ctrl Pts',(-12.9469973762821,26.3249999999998,-12.1307132621838));
#4788=CARTESIAN_POINT('Ctrl Pts',(-15.5698447808754,25.4115883957189,-12.2334105656178));
#4789=CARTESIAN_POINT('Ctrl Pts',(-16.825,22.8209965017092,-12.5246777233437));
#4790=CARTESIAN_POINT('Ctrl Pts',(-16.825,21.3249999999998,-12.6928766009934));
#4791=CARTESIAN_POINT('',(-15.825,21.4641731009599,-13.683144669735));
#4792=CARTESIAN_POINT('',(-16.825,21.3249999999998,-12.6928766009934));
#4793=CARTESIAN_POINT('Origin',(-15.825,21.3249999999998,-12.6928766009934));
#4794=CARTESIAN_POINT('Origin',(-11.825,21.3249999999998,-12.6928766009934));
#4795=CARTESIAN_POINT('Origin',(-11.825,21.4641731009599,-13.683144669735));
#4796=CARTESIAN_POINT('Origin',(-15.825,-25.5280358602923,-19.2776413691405));
#4797=CARTESIAN_POINT('',(-16.825,-25.5280358602923,-19.2776413691405));
#4798=CARTESIAN_POINT('',(-15.825,-25.3888627593322,-20.2679094378821));
#4799=CARTESIAN_POINT('Origin',(-11.825,-81.9375,9.));
#4800=CARTESIAN_POINT('',(-11.825,-86.9375,3.39833969432232));
#4801=CARTESIAN_POINT('',(-11.825,-86.9375,9.));
#4802=CARTESIAN_POINT('',(-16.825,-81.9375,6.89937738537086));
#4803=CARTESIAN_POINT('Origin',(-11.825,-81.9375,6.89937738537087));
#4804=CARTESIAN_POINT('',(-16.825,-81.9375,9.));
#4805=CARTESIAN_POINT('Origin',(-16.825,-86.9375,9.00000000000001));
#4806=CARTESIAN_POINT('',(221.375,-86.9375,3.39833969432232));
#4807=CARTESIAN_POINT('',(221.375,-86.9375,9.));
#4808=CARTESIAN_POINT('',(43.975,-86.9375,3.39833969432232));
#4809=CARTESIAN_POINT('Origin',(221.375,-81.9375,9.));
#4810=CARTESIAN_POINT('',(226.375,-81.9375,6.89937738537086));
#4811=CARTESIAN_POINT('',(226.375,-81.9375,9.));
#4812=CARTESIAN_POINT('Origin',(221.375,-81.9375,6.89937738537087));
#4813=CARTESIAN_POINT('Origin',(226.375,26.3249999999998,9.));
#4814=CARTESIAN_POINT('',(226.375,21.3249999999998,7.00000000000001));
#4815=CARTESIAN_POINT('',(226.375,21.3249999999998,9.));
#4816=CARTESIAN_POINT('',(226.375,-81.7937960134842,7.00000000000001));
#4817=CARTESIAN_POINT('',(226.375,-0.815625000000146,7.00000000000001));
#4818=CARTESIAN_POINT('',(226.375,-45.6214011657955,32.3281835474497));
#4819=CARTESIAN_POINT('Origin',(104.775,-27.9562500000001,-14.7));
#4820=CARTESIAN_POINT('',(-15.325,14.2288714719478,-14.7));
#4821=CARTESIAN_POINT('',(43.975,14.2288714719478,-14.7));
#4822=CARTESIAN_POINT('',(-15.325,-43.1643107909032,-14.7));
#4823=CARTESIAN_POINT('',(-15.325,-1.71562500000015,-14.7));
#4824=CARTESIAN_POINT('',(43.975,-43.1643107909032,-14.7));
#4825=CARTESIAN_POINT('Origin',(-16.825,26.3249999999998,-13.));
#4826=CARTESIAN_POINT('',(224.875,14.2288714719478,-14.7));
#4827=CARTESIAN_POINT('',(43.975,14.2288714719478,-14.7));
#4828=CARTESIAN_POINT('',(224.875,21.5249999999998,-13.6745960065715));
#4829=CARTESIAN_POINT('',(224.875,-24.50629499616,-20.1438726277644));
#4830=CARTESIAN_POINT('',(221.575,24.8249999999998,-13.2108112520536));
#4831=CARTESIAN_POINT('Origin',(221.575,21.5249999999998,-13.6745960065715));
#4832=CARTESIAN_POINT('',(-12.025,24.8249999999998,-13.2108112520536));
#4833=CARTESIAN_POINT('',(103.875,24.8249999999998,-13.2108112520536));
#4834=CARTESIAN_POINT('',(-15.325,21.5249999999998,-13.6745960065715));
#4835=CARTESIAN_POINT('Origin',(-12.025,21.5249999999998,-13.6745960065715));
#4836=CARTESIAN_POINT('',(-15.325,26.9584376938212,-12.9109761377784));
#4837=CARTESIAN_POINT('Origin',(104.775,-27.9562500000001,-14.7));
#4838=CARTESIAN_POINT('',(224.875,-43.1643107909032,-14.7));
#4839=CARTESIAN_POINT('',(43.975,-43.1643107909032,-14.7));
#4840=CARTESIAN_POINT('',(224.875,-54.196875,-14.7));
#4841=CARTESIAN_POINT('Origin',(200.525,16.835,9.));
#4842=CARTESIAN_POINT('',(18.11375,16.835,9.));
#4843=CARTESIAN_POINT('',(18.11375,16.835,8.5));
#4844=CARTESIAN_POINT('',(18.11375,16.835,9.));
#4845=CARTESIAN_POINT('',(200.525,16.835,9.));
#4846=CARTESIAN_POINT('',(152.65,16.835,9.));
#4847=CARTESIAN_POINT('',(200.525,16.835,8.5));
#4848=CARTESIAN_POINT('',(200.525,16.835,9.));
#4849=CARTESIAN_POINT('',(17.61375,16.835,8.5));
#4850=CARTESIAN_POINT('Origin',(200.525,14.835,9.));
#4851=CARTESIAN_POINT('',(18.11375,14.835,9.));
#4852=CARTESIAN_POINT('',(18.11375,14.835,8.5));
#4853=CARTESIAN_POINT('',(18.11375,14.835,9.));
#4854=CARTESIAN_POINT('',(200.525,14.835,9.));
#4855=CARTESIAN_POINT('',(152.65,14.835,9.));
#4856=CARTESIAN_POINT('',(200.525,14.835,8.5));
#4857=CARTESIAN_POINT('',(200.525,14.835,9.));
#4858=CARTESIAN_POINT('',(17.61375,14.835,8.5));
#4859=CARTESIAN_POINT('Origin',(200.525,12.835,9.));
#4860=CARTESIAN_POINT('',(18.11375,12.835,9.));
#4861=CARTESIAN_POINT('',(18.11375,12.835,8.5));
#4862=CARTESIAN_POINT('',(18.11375,12.835,9.));
#4863=CARTESIAN_POINT('',(200.525,12.835,9.));
#4864=CARTESIAN_POINT('',(152.65,12.835,9.));
#4865=CARTESIAN_POINT('',(200.525,12.835,8.5));
#4866=CARTESIAN_POINT('',(200.525,12.835,9.));
#4867=CARTESIAN_POINT('',(200.525,12.835,8.5));
#4868=CARTESIAN_POINT('Origin',(18.11375,13.335,9.));
#4869=CARTESIAN_POINT('',(18.11375,13.835,8.5));
#4870=CARTESIAN_POINT('Origin',(18.11375,13.335,8.5));
#4871=CARTESIAN_POINT('',(18.11375,13.835,9.));
#4872=CARTESIAN_POINT('',(18.11375,13.835,9.));
#4873=CARTESIAN_POINT('Origin',(18.11375,13.335,9.));
#4874=CARTESIAN_POINT('Origin',(18.11375,15.335,9.));
#4875=CARTESIAN_POINT('',(18.11375,15.835,8.5));
#4876=CARTESIAN_POINT('Origin',(18.11375,15.335,8.5));
#4877=CARTESIAN_POINT('',(18.11375,15.835,9.));
#4878=CARTESIAN_POINT('',(18.11375,15.835,9.));
#4879=CARTESIAN_POINT('Origin',(18.11375,15.335,9.));
#4880=CARTESIAN_POINT('Origin',(109.069375,15.335,8.5));
#4881=CARTESIAN_POINT('',(200.525,15.835,8.5));
#4882=CARTESIAN_POINT('',(200.525,17.835,8.5));
#4883=CARTESIAN_POINT('',(200.525,15.835,8.5));
#4884=CARTESIAN_POINT('Origin',(18.11375,17.335,9.));
#4885=CARTESIAN_POINT('',(18.11375,17.835,8.5));
#4886=CARTESIAN_POINT('Origin',(18.11375,17.335,8.5));
#4887=CARTESIAN_POINT('',(18.11375,17.835,9.));
#4888=CARTESIAN_POINT('',(18.11375,17.835,9.));
#4889=CARTESIAN_POINT('Origin',(18.11375,17.335,9.));
#4890=CARTESIAN_POINT('Origin',(200.525,17.835,9.));
#4891=CARTESIAN_POINT('',(200.525,17.835,9.));
#4892=CARTESIAN_POINT('',(200.525,-5.06062500000004,9.));
#4893=CARTESIAN_POINT('',(200.525,17.835,8.5));
#4894=CARTESIAN_POINT('',(200.525,17.835,9.));
#4895=CARTESIAN_POINT('',(200.525,17.835,8.5));
#4896=CARTESIAN_POINT('Origin',(17.61375,17.835,9.));
#4897=CARTESIAN_POINT('',(17.61375,17.835,8.5));
#4898=CARTESIAN_POINT('',(61.194375,17.835,9.));
#4899=CARTESIAN_POINT('Origin',(109.069375,17.335,8.5));
#4900=CARTESIAN_POINT('Origin',(200.525,15.835,9.));
#4901=CARTESIAN_POINT('',(200.525,15.835,9.));
#4902=CARTESIAN_POINT('',(200.525,-6.06062500000005,9.));
#4903=CARTESIAN_POINT('',(200.525,15.835,9.));
#4904=CARTESIAN_POINT('Origin',(17.61375,15.835,9.));
#4905=CARTESIAN_POINT('',(61.194375,15.835,9.));
#4906=CARTESIAN_POINT('Origin',(17.61375,13.835,9.));
#4907=CARTESIAN_POINT('',(200.525,13.835,8.5));
#4908=CARTESIAN_POINT('',(200.525,13.835,8.5));
#4909=CARTESIAN_POINT('',(200.525,13.835,9.));
#4910=CARTESIAN_POINT('',(200.525,13.835,9.));
#4911=CARTESIAN_POINT('',(61.194375,13.835,9.));
#4912=CARTESIAN_POINT('Origin',(200.525,13.835,9.));
#4913=CARTESIAN_POINT('',(200.525,-7.06062500000005,9.));
#4914=CARTESIAN_POINT('',(200.525,17.835,8.5));
#4915=CARTESIAN_POINT('Origin',(109.069375,13.335,8.5));
#4916=CARTESIAN_POINT('Origin',(-2.1734375,17.485,8.65));
#4917=CARTESIAN_POINT('',(9.61375,17.135,8.3));
#4918=CARTESIAN_POINT('',(9.61375,17.835,9.));
#4919=CARTESIAN_POINT('',(9.61375,17.135,8.3));
#4920=CARTESIAN_POINT('',(-6.1025,17.835,9.));
#4921=CARTESIAN_POINT('',(49.33625,17.835,9.));
#4922=CARTESIAN_POINT('',(-6.1025,17.135,8.3));
#4923=CARTESIAN_POINT('',(-6.1025,17.835,9.));
#4924=CARTESIAN_POINT('',(-2.1734375,17.135,8.3));
#4925=CARTESIAN_POINT('Origin',(9.61375,15.335,8.65));
#4926=CARTESIAN_POINT('',(9.61375,13.535,8.3));
#4927=CARTESIAN_POINT('',(9.61375,12.835,9.));
#4928=CARTESIAN_POINT('',(9.61375,13.535,8.3));
#4929=CARTESIAN_POINT('Origin',(9.61375,15.335,9.));
#4930=CARTESIAN_POINT('Origin',(9.61375,15.335,8.3));
#4931=CARTESIAN_POINT('Origin',(5.6846875,13.185,8.65));
#4932=CARTESIAN_POINT('',(-6.1025,13.535,8.3));
#4933=CARTESIAN_POINT('',(-6.1025,12.835,9.));
#4934=CARTESIAN_POINT('',(-6.1025,13.535,8.3));
#4935=CARTESIAN_POINT('',(57.194375,12.835,9.));
#4936=CARTESIAN_POINT('',(5.6846875,13.535,8.3));
#4937=CARTESIAN_POINT('Origin',(-6.1025,15.335,8.65));
#4938=CARTESIAN_POINT('Origin',(-6.1025,15.335,9.));
#4939=CARTESIAN_POINT('Origin',(-6.1025,15.335,8.3));
#4940=CARTESIAN_POINT('Origin',(1.755625,15.335,8.3));
#4941=CARTESIAN_POINT('',(-7.1025,15.335,8.3));
#4942=CARTESIAN_POINT('Origin',(-6.2525,15.335,8.3));
#4943=CARTESIAN_POINT('',(8.61375,15.335,8.3));
#4944=CARTESIAN_POINT('Origin',(9.46375,15.335,8.3));
#4945=CARTESIAN_POINT('',(-1.86375,15.335,8.3));
#4946=CARTESIAN_POINT('Origin',(-1.01375,15.335,8.3));
#4947=CARTESIAN_POINT('',(3.375,15.335,8.3));
#4948=CARTESIAN_POINT('Origin',(4.225,15.335,8.3));
#4949=CARTESIAN_POINT('Origin',(31.4973791391593,14.025,1.31897822146156));
#4950=CARTESIAN_POINT('',(29.2621088333261,14.025,4.5));
#4951=CARTESIAN_POINT('',(27.7063850064657,13.025,4.5));
#4952=CARTESIAN_POINT('Origin',(27.7063850064657,14.025,4.5));
#4953=CARTESIAN_POINT('',(34.625,14.025,0.));
#4954=CARTESIAN_POINT('',(32.1401667488458,14.025,2.08502266458054));
#4955=CARTESIAN_POINT('',(33.0692761731396,13.025,0.));
#4956=CARTESIAN_POINT('Origin',(33.0692761731396,14.025,0.));
#4957=CARTESIAN_POINT('',(31.4973791391593,13.025,1.31897822146156));
#4958=CARTESIAN_POINT('Origin',(26.15625,13.025,0.));
#4959=CARTESIAN_POINT('',(26.15625,13.025,0.));
#4960=CARTESIAN_POINT('',(65.465625,13.0250000000001,0.));
#4961=CARTESIAN_POINT('',(26.15625,13.025,3.));
#4962=CARTESIAN_POINT('',(26.15625,13.025,0.));
#4963=CARTESIAN_POINT('',(26.15625,13.025,4.5));
#4964=CARTESIAN_POINT('',(26.15625,13.025,0.));
#4965=CARTESIAN_POINT('',(28.2734375,13.025,4.5));
#4966=CARTESIAN_POINT('Origin',(33.9822123903135,18.55,-0.766044443118979));
#4967=CARTESIAN_POINT('',(27.7063850064657,19.55,4.5));
#4968=CARTESIAN_POINT('',(29.2621088333261,18.55,4.5));
#4969=CARTESIAN_POINT('Origin',(27.7063850064657,18.55,4.5));
#4970=CARTESIAN_POINT('',(33.0692761731396,19.55,0.));
#4971=CARTESIAN_POINT('',(33.9822123903135,19.55,-0.766044443118979));
#4972=CARTESIAN_POINT('',(34.625,18.55,0.));
#4973=CARTESIAN_POINT('Origin',(33.0692761731396,18.55,0.));
#4974=CARTESIAN_POINT('',(34.625,18.55,8.32667268468867E-16));
#4975=CARTESIAN_POINT('Origin',(34.625,13.025,0.));
#4976=CARTESIAN_POINT('',(29.2621088333261,14.7753125,4.5));
#4977=CARTESIAN_POINT('',(34.625,-7.46562500000004,0.));
#4978=CARTESIAN_POINT('Origin',(34.625,19.55,0.));
#4979=CARTESIAN_POINT('',(26.15625,19.55,4.5));
#4980=CARTESIAN_POINT('',(32.5078125,19.55,4.5));
#4981=CARTESIAN_POINT('',(26.15625,19.55,0.));
#4982=CARTESIAN_POINT('',(26.15625,19.55,0.));
#4983=CARTESIAN_POINT('',(69.7,19.55,0.));
#4984=CARTESIAN_POINT('Origin',(26.15625,11.525,0.));
#4985=CARTESIAN_POINT('',(26.15625,11.025,0.));
#4986=CARTESIAN_POINT('',(26.15625,-8.21562500000004,0.));
#4987=CARTESIAN_POINT('',(26.15625,11.025,3.));
#4988=CARTESIAN_POINT('',(26.15625,11.025,0.));
#4989=CARTESIAN_POINT('',(26.15625,-9.71562499999998,3.));
#4990=CARTESIAN_POINT('Origin',(26.15625,11.525,0.));
#4991=CARTESIAN_POINT('',(26.15625,20.02625,4.5));
#4992=CARTESIAN_POINT('',(26.15625,14.0253125,4.5));
#4993=CARTESIAN_POINT('',(26.15625,20.02625,0.));
#4994=CARTESIAN_POINT('',(26.15625,20.02625,0.));
#4995=CARTESIAN_POINT('',(26.15625,-8.21562500000004,0.));
#4996=CARTESIAN_POINT('Origin',(24.15625,13.025,0.));
#4997=CARTESIAN_POINT('',(24.15625,11.025,4.5));
#4998=CARTESIAN_POINT('Origin',(24.15625,13.025,4.5));
#4999=CARTESIAN_POINT('',(24.15625,11.025,3.));
#5000=CARTESIAN_POINT('Origin',(24.15625,13.025,3.));
#5001=CARTESIAN_POINT('',(24.15625,11.025,0.));
#5002=CARTESIAN_POINT('Origin',(37.125,11.025,0.));
#5003=CARTESIAN_POINT('',(36.625,11.025,0.));
#5004=CARTESIAN_POINT('',(70.95,11.025,0.));
#5005=CARTESIAN_POINT('',(36.625,11.025,3.));
#5006=CARTESIAN_POINT('',(36.625,11.025,0.));
#5007=CARTESIAN_POINT('',(70.95,11.025,3.));
#5008=CARTESIAN_POINT('Origin',(212.55,2.99999999999979,5.));
#5009=CARTESIAN_POINT('',(223.25,2.99999999999979,5.));
#5010=CARTESIAN_POINT('Origin',(212.55,2.99999999999979,5.));
#5011=CARTESIAN_POINT('',(207.05,2.99999999999979,5.));
#5012=CARTESIAN_POINT('Origin',(212.55,2.99999999999979,5.));
#5013=CARTESIAN_POINT('Origin',(4.225,15.335,4.5));
#5014=CARTESIAN_POINT('',(3.375,15.335,6.1));
#5015=CARTESIAN_POINT('Origin',(4.225,15.335,6.1));
#5016=CARTESIAN_POINT('',(3.375,15.335,4.5));
#5017=CARTESIAN_POINT('Origin',(-1.01375,15.335,4.5));
#5018=CARTESIAN_POINT('',(-1.86375,15.335,6.1));
#5019=CARTESIAN_POINT('Origin',(-1.01375,15.335,6.1));
#5020=CARTESIAN_POINT('',(-1.86375,15.335,4.5));
#5021=CARTESIAN_POINT('Origin',(9.46375,15.335,4.5));
#5022=CARTESIAN_POINT('',(8.61375,15.335,6.1));
#5023=CARTESIAN_POINT('Origin',(9.46375,15.335,6.1));
#5024=CARTESIAN_POINT('',(8.61375,15.335,4.5));
#5025=CARTESIAN_POINT('Origin',(-6.2525,15.335,4.5));
#5026=CARTESIAN_POINT('',(-7.1025,15.335,6.1));
#5027=CARTESIAN_POINT('Origin',(-6.2525,15.335,6.1));
#5028=CARTESIAN_POINT('',(-7.1025,15.335,4.5));
#5029=CARTESIAN_POINT('Origin',(212.55,2.99999999999979,9.));
#5030=CARTESIAN_POINT('',(223.25,2.99999999999979,9.));
#5031=CARTESIAN_POINT('Origin',(212.55,2.99999999999979,9.));
#5032=CARTESIAN_POINT('',(223.25,2.99999999999979,9.));
#5033=CARTESIAN_POINT('Origin',(-11.825,21.3249999999998,8.00000000000001));
#5034=CARTESIAN_POINT('',(-11.825,24.3249999999998,9.));
#5035=CARTESIAN_POINT('',(-11.825,26.3249999999998,7.00000000000001));
#5036=CARTESIAN_POINT('',(-11.825,24.3249999999998,9.));
#5037=CARTESIAN_POINT('',(-16.825,21.3249999999998,7.));
#5038=CARTESIAN_POINT('Origin',(-11.825,21.3249999999998,7.00000000000001));
#5039=CARTESIAN_POINT('',(-14.825,21.3249999999998,9.));
#5040=CARTESIAN_POINT('',(-14.825,21.3249999999998,9.));
#5041=CARTESIAN_POINT('Origin',(-11.825,21.3249999999998,9.));
#5042=CARTESIAN_POINT('Origin',(43.975,25.3249999999998,8.));
#5043=CARTESIAN_POINT('',(221.375,24.3249999999998,9.));
#5044=CARTESIAN_POINT('',(43.975,24.3249999999998,9.));
#5045=CARTESIAN_POINT('',(221.375,26.3249999999998,7.00000000000001));
#5046=CARTESIAN_POINT('',(221.375,26.3249999999998,7.00000000000001));
#5047=CARTESIAN_POINT('',(43.975,26.3249999999998,7.));
#5048=CARTESIAN_POINT('Origin',(221.375,21.3249999999998,8.));
#5049=CARTESIAN_POINT('',(224.375,21.3249999999998,9.));
#5050=CARTESIAN_POINT('',(226.375,21.3249999999998,7.00000000000001));
#5051=CARTESIAN_POINT('Origin',(221.375,21.3249999999998,7.00000000000001));
#5052=CARTESIAN_POINT('Origin',(221.375,21.3249999999998,9.));
#5053=CARTESIAN_POINT('Origin',(225.375,-0.815625000000146,8.));
#5054=CARTESIAN_POINT('',(224.375,-78.9375,9.));
#5055=CARTESIAN_POINT('',(224.375,-0.815625000000146,9.));
#5056=CARTESIAN_POINT('',(224.375,-78.9375,9.));
#5057=CARTESIAN_POINT('Origin',(43.975,-82.9375,6.19916984716116));
#5058=CARTESIAN_POINT('',(-14.825,-78.9375,9.));
#5059=CARTESIAN_POINT('',(43.975,-78.9375,9.));
#5060=CARTESIAN_POINT('',(-16.825,-81.7937960134842,7.));
#5061=CARTESIAN_POINT('',(-16.825,-81.7937960134842,7.));
#5062=CARTESIAN_POINT('',(-16.825,-82.0446666182436,6.82433851143222));
#5063=CARTESIAN_POINT('Origin',(-15.825,-55.096875,8.));
#5064=CARTESIAN_POINT('',(-14.825,-55.096875,9.));
#5065=CARTESIAN_POINT('',(-16.825,-55.096875,7.));
#5066=CARTESIAN_POINT('Origin',(212.55,2.99999999999979,0.));
#5067=CARTESIAN_POINT('',(207.05,2.99999999999979,3.));
#5068=CARTESIAN_POINT('',(207.05,2.99999999999979,0.));
#5069=CARTESIAN_POINT('Origin',(212.55,2.99999999999979,3.));
#5070=CARTESIAN_POINT('Origin',(221.375,21.3249999999998,9.));
#5071=CARTESIAN_POINT('',(221.375,26.3249999999998,9.));
#5072=CARTESIAN_POINT('Origin',(-16.825,26.3249999999998,9.));
#5073=CARTESIAN_POINT('',(-11.825,26.3249999999998,9.));
#5074=CARTESIAN_POINT('Origin',(-11.825,21.3249999999998,9.));
#5075=CARTESIAN_POINT('',(-16.825,21.3249999999998,9.));
#5076=CARTESIAN_POINT('Origin',(-16.825,-82.2374999999999,9.));
#5077=CARTESIAN_POINT('Origin',(23.75125,16.2875,7.5));
#5078=CARTESIAN_POINT('',(24.56275,16.2875,7.5));
#5079=CARTESIAN_POINT('Origin',(23.75125,16.2875,7.5));
#5080=CARTESIAN_POINT('Origin',(-12.92,13.43,7.5));
#5081=CARTESIAN_POINT('',(-12.1085,13.43,7.5));
#5082=CARTESIAN_POINT('Origin',(-12.92,13.43,7.5));
#5083=CARTESIAN_POINT('Origin',(-6.2525,15.335,6.1));
#5084=CARTESIAN_POINT('',(-7.9025,15.335,6.1));
#5085=CARTESIAN_POINT('Origin',(-6.2525,15.335,6.1));
#5086=CARTESIAN_POINT('Origin',(9.46375,15.335,6.1));
#5087=CARTESIAN_POINT('',(7.81375000000001,15.335,6.1));
#5088=CARTESIAN_POINT('Origin',(9.46375,15.335,6.1));
#5089=CARTESIAN_POINT('Origin',(-1.01375,15.335,6.1));
#5090=CARTESIAN_POINT('',(-2.66375,15.335,6.1));
#5091=CARTESIAN_POINT('Origin',(-1.01375,15.335,6.1));
#5092=CARTESIAN_POINT('Origin',(4.225,15.335,6.1));
#5093=CARTESIAN_POINT('',(2.575,15.335,6.1));
#5094=CARTESIAN_POINT('Origin',(4.225,15.335,6.1));
#5095=CARTESIAN_POINT('Origin',(104.775,-27.9562500000001,9.));
#5096=CARTESIAN_POINT('',(179.475,-71.9375,9.));
#5097=CARTESIAN_POINT('',(-8.02499999999998,-71.9375,9.));
#5098=CARTESIAN_POINT('',(142.875,-71.9375,9.));
#5099=CARTESIAN_POINT('',(-10.025,-69.9375,9.));
#5100=CARTESIAN_POINT('Origin',(-8.02499999999998,-69.9375,9.));
#5101=CARTESIAN_POINT('',(-10.025,-53.8875,9.));
#5102=CARTESIAN_POINT('',(-10.025,-49.696875,9.));
#5103=CARTESIAN_POINT('',(-8.02499999999998,-51.8875,9.));
#5104=CARTESIAN_POINT('Origin',(-8.02499999999999,-53.8875,9.));
#5105=CARTESIAN_POINT('',(179.475,-51.8875,9.));
#5106=CARTESIAN_POINT('',(47.625,-51.8875,9.));
#5107=CARTESIAN_POINT('',(181.475,-53.8875,9.));
#5108=CARTESIAN_POINT('Origin',(179.475,-53.8875,9.));
#5109=CARTESIAN_POINT('',(181.475,-69.9375,9.));
#5110=CARTESIAN_POINT('',(181.475,-40.171875,9.));
#5111=CARTESIAN_POINT('Origin',(179.475,-69.9375,9.));
#5112=CARTESIAN_POINT('',(201.525,-51.8875,9.));
#5113=CARTESIAN_POINT('',(217.575,-51.8875,9.));
#5114=CARTESIAN_POINT('',(152.4,-51.8875,9.));
#5115=CARTESIAN_POINT('',(219.575,-53.8875,9.));
#5116=CARTESIAN_POINT('Origin',(217.575,-53.8875,9.));
#5117=CARTESIAN_POINT('',(219.575,-69.9375,9.));
#5118=CARTESIAN_POINT('',(219.575,-40.171875,9.));
#5119=CARTESIAN_POINT('',(217.575,-71.9375,9.));
#5120=CARTESIAN_POINT('Origin',(217.575,-69.9375,9.));
#5121=CARTESIAN_POINT('',(201.525,-71.9375,9.));
#5122=CARTESIAN_POINT('',(161.925,-71.9375,9.));
#5123=CARTESIAN_POINT('',(199.525,-69.9375,9.));
#5124=CARTESIAN_POINT('Origin',(201.525,-69.9375,9.));
#5125=CARTESIAN_POINT('',(199.525,-53.8875,9.));
#5126=CARTESIAN_POINT('',(199.525,-49.696875,9.));
#5127=CARTESIAN_POINT('Origin',(201.525,-53.8875,9.));
#5128=CARTESIAN_POINT('',(-8.02499999999998,10.025,9.));
#5129=CARTESIAN_POINT('',(198.525,10.0249999999998,9.));
#5130=CARTESIAN_POINT('',(47.625,10.025,9.));
#5131=CARTESIAN_POINT('',(200.525,8.0249999999998,9.));
#5132=CARTESIAN_POINT('Origin',(198.525,8.0249999999998,9.));
#5133=CARTESIAN_POINT('',(200.525,-9.0250000000002,9.));
#5134=CARTESIAN_POINT('',(200.525,-9.21562500000033,9.));
#5135=CARTESIAN_POINT('',(217.575,-9.02500000000021,9.));
#5136=CARTESIAN_POINT('',(152.4,-9.02500000000017,9.));
#5137=CARTESIAN_POINT('',(219.575,-11.0250000000002,9.));
#5138=CARTESIAN_POINT('Origin',(217.575,-11.0250000000002,9.));
#5139=CARTESIAN_POINT('',(219.575,-46.1250000000001,9.));
#5140=CARTESIAN_POINT('',(219.575,-18.7406250000002,9.));
#5141=CARTESIAN_POINT('',(217.575,-48.1250000000001,9.));
#5142=CARTESIAN_POINT('Origin',(217.575,-46.1250000000001,9.));
#5143=CARTESIAN_POINT('',(-8.02499999999998,-48.125,9.));
#5144=CARTESIAN_POINT('',(161.925,-48.1250000000001,9.));
#5145=CARTESIAN_POINT('',(-10.025,-46.125,9.));
#5146=CARTESIAN_POINT('Origin',(-8.02499999999998,-46.125,9.));
#5147=CARTESIAN_POINT('',(-10.025,8.02500000000002,9.));
#5148=CARTESIAN_POINT('',(-10.025,-37.790625,9.));
#5149=CARTESIAN_POINT('Origin',(-8.02499999999999,8.02500000000002,9.));
#5150=CARTESIAN_POINT('Origin',(212.55,2.99999999999979,3.));
#5151=CARTESIAN_POINT('',(218.55,10.9999999999998,3.));
#5152=CARTESIAN_POINT('',(220.55,8.99999999999979,3.));
#5153=CARTESIAN_POINT('Origin',(218.55,8.99999999999979,3.));
#5154=CARTESIAN_POINT('',(220.55,-3.00000000000021,3.));
#5155=CARTESIAN_POINT('',(220.55,-0.500000000000209,3.));
#5156=CARTESIAN_POINT('',(218.55,-5.00000000000021,3.));
#5157=CARTESIAN_POINT('Origin',(218.55,-3.00000000000021,3.));
#5158=CARTESIAN_POINT('',(206.55,-5.00000000000021,3.));
#5159=CARTESIAN_POINT('',(209.05,-5.00000000000021,3.));
#5160=CARTESIAN_POINT('',(204.55,-3.00000000000021,3.));
#5161=CARTESIAN_POINT('Origin',(206.55,-3.00000000000021,3.));
#5162=CARTESIAN_POINT('',(204.55,8.99999999999979,3.));
#5163=CARTESIAN_POINT('',(204.55,6.49999999999979,3.));
#5164=CARTESIAN_POINT('',(206.55,10.9999999999998,3.));
#5165=CARTESIAN_POINT('Origin',(206.55,8.99999999999979,3.));
#5166=CARTESIAN_POINT('',(216.05,10.9999999999998,3.));
#5167=CARTESIAN_POINT('Origin',(220.575,-76.4375,6.));
#5168=CARTESIAN_POINT('',(221.61275,-76.4375,6.));
#5169=CARTESIAN_POINT('Origin',(220.575,-76.4375,6.));
#5170=CARTESIAN_POINT('Origin',(-11.025,20.5249999999998,6.));
#5171=CARTESIAN_POINT('',(-9.98724999999999,20.5249999999998,6.));
#5172=CARTESIAN_POINT('Origin',(-11.025,20.5249999999998,6.));
#5173=CARTESIAN_POINT('Origin',(220.575,20.5249999999998,6.));
#5174=CARTESIAN_POINT('',(221.61275,20.5249999999998,6.));
#5175=CARTESIAN_POINT('Origin',(220.575,20.5249999999998,6.));
#5176=CARTESIAN_POINT('Origin',(-11.025,-76.4375,6.));
#5177=CARTESIAN_POINT('',(-9.98724999999998,-76.4375,6.));
#5178=CARTESIAN_POINT('Origin',(-11.025,-76.4375,6.));
#5179=CARTESIAN_POINT('Origin',(43.975,-43.1643107909032,35.3));
#5180=CARTESIAN_POINT('',(224.875,-50.1229658389065,-14.2134034370785));
#5181=CARTESIAN_POINT('',(43.975,-50.1229658389065,-14.2134034370785));
#5182=CARTESIAN_POINT('Origin',(224.875,-43.1643107909032,35.3));
#5183=CARTESIAN_POINT('Origin',(-16.825,-46.6606513880788,-14.7));
#5184=CARTESIAN_POINT('',(-15.325,-50.1229658389065,-14.2134034370785));
#5185=CARTESIAN_POINT('',(43.975,-50.1229658389065,-14.2134034370785));
#5186=CARTESIAN_POINT('',(-15.325,-77.4374999999999,-10.3745960065715));
#5187=CARTESIAN_POINT('',(-15.325,-13.3903798793303,-19.3758317286147));
#5188=CARTESIAN_POINT('',(-12.025,-80.7375,-9.91081125205359));
#5189=CARTESIAN_POINT('Origin',(-12.025,-77.4374999999999,-10.3745960065715));
#5190=CARTESIAN_POINT('',(221.575,-80.7375,-9.91081125205358));
#5191=CARTESIAN_POINT('',(-15.925,-80.7375,-9.91081125205359));
#5192=CARTESIAN_POINT('',(224.875,-77.4375,-10.3745960065715));
#5193=CARTESIAN_POINT('Origin',(221.575,-77.4375,-10.3745960065715));
#5194=CARTESIAN_POINT('',(224.875,-64.8551125693116,-12.1429352386293));
#5195=CARTESIAN_POINT('Origin',(43.975,-43.1643107909032,35.3));
#5196=CARTESIAN_POINT('Origin',(-15.325,-43.1643107909032,35.3));
#5197=CARTESIAN_POINT('Origin',(-15.325,17.5249999999998,0.));
#5198=CARTESIAN_POINT('',(-15.325,13.025,0.));
#5199=CARTESIAN_POINT('',(-15.325,13.025,4.5));
#5200=CARTESIAN_POINT('',(-15.325,13.025,0.));
#5201=CARTESIAN_POINT('',(-15.325,-77.4374999999999,0.));
#5202=CARTESIAN_POINT('',(-15.325,-1.71562500000016,0.));
#5203=CARTESIAN_POINT('',(-15.325,-77.4374999999999,9.));
#5204=CARTESIAN_POINT('',(-15.325,21.5249999999998,0.));
#5205=CARTESIAN_POINT('',(-15.325,21.5249999999998,9.));
#5206=CARTESIAN_POINT('',(-15.325,16.0249999999998,0.));
#5207=CARTESIAN_POINT('',(-15.325,-1.71562500000016,0.));
#5208=CARTESIAN_POINT('',(-15.325,16.0249999999998,4.5));
#5209=CARTESIAN_POINT('',(-15.325,16.0249999999998,0.));
#5210=CARTESIAN_POINT('',(-15.325,17.0253124999999,4.5));
#5211=CARTESIAN_POINT('Origin',(23.75125,16.2875,6.));
#5212=CARTESIAN_POINT('',(24.56275,16.2875,4.5));
#5213=CARTESIAN_POINT('Origin',(23.75125,16.2875,4.5));
#5214=CARTESIAN_POINT('',(24.56275,16.2875,6.));
#5215=CARTESIAN_POINT('Origin',(-12.92,13.43,6.));
#5216=CARTESIAN_POINT('',(-12.1085,13.43,4.5));
#5217=CARTESIAN_POINT('Origin',(-12.92,13.43,4.5));
#5218=CARTESIAN_POINT('',(-12.1085,13.43,6.));
#5219=CARTESIAN_POINT('Origin',(-6.2525,15.335,4.5));
#5220=CARTESIAN_POINT('',(-7.9025,15.335,4.5));
#5221=CARTESIAN_POINT('Origin',(-6.2525,15.335,4.5));
#5222=CARTESIAN_POINT('',(-7.9025,15.335,4.5));
#5223=CARTESIAN_POINT('Origin',(9.46375,15.335,4.5));
#5224=CARTESIAN_POINT('',(7.81375000000001,15.335,4.5));
#5225=CARTESIAN_POINT('Origin',(9.46375,15.335,4.5));
#5226=CARTESIAN_POINT('',(7.81375000000001,15.335,4.5));
#5227=CARTESIAN_POINT('Origin',(-1.01375,15.335,4.5));
#5228=CARTESIAN_POINT('',(-2.66375,15.335,4.5));
#5229=CARTESIAN_POINT('Origin',(-1.01375,15.335,4.5));
#5230=CARTESIAN_POINT('',(-2.66375,15.335,4.5));
#5231=CARTESIAN_POINT('Origin',(4.225,15.335,4.5));
#5232=CARTESIAN_POINT('',(2.575,15.335,4.5));
#5233=CARTESIAN_POINT('Origin',(4.225,15.335,4.5));
#5234=CARTESIAN_POINT('',(2.575,15.335,4.5));
#5235=CARTESIAN_POINT('Origin',(179.475,-53.8875,0.));
#5236=CARTESIAN_POINT('',(179.475,-51.8875,3.));
#5237=CARTESIAN_POINT('',(181.475,-53.8875,3.));
#5238=CARTESIAN_POINT('Origin',(179.475,-53.8875,3.));
#5239=CARTESIAN_POINT('',(181.475,-53.8875,0.));
#5240=CARTESIAN_POINT('',(179.475,-51.8875,0.));
#5241=CARTESIAN_POINT('Origin',(181.475,-52.3875,0.));
#5242=CARTESIAN_POINT('',(181.475,-69.9375,3.));
#5243=CARTESIAN_POINT('',(181.475,-41.671875,3.));
#5244=CARTESIAN_POINT('',(181.475,-69.9375,0.));
#5245=CARTESIAN_POINT('Origin',(179.475,-69.9375,0.));
#5246=CARTESIAN_POINT('',(179.475,-71.9375,3.));
#5247=CARTESIAN_POINT('Origin',(179.475,-69.9375,3.));
#5248=CARTESIAN_POINT('',(179.475,-71.9375,0.));
#5249=CARTESIAN_POINT('Origin',(180.975,-71.9375,0.));
#5250=CARTESIAN_POINT('',(-8.02499999999998,-71.9375,3.));
#5251=CARTESIAN_POINT('',(142.875,-71.9375,3.));
#5252=CARTESIAN_POINT('',(-8.02499999999998,-71.9375,0.));
#5253=CARTESIAN_POINT('Origin',(-8.02499999999998,-69.9375,0.));
#5254=CARTESIAN_POINT('',(-10.025,-69.9375,3.));
#5255=CARTESIAN_POINT('Origin',(-8.02499999999998,-69.9375,3.));
#5256=CARTESIAN_POINT('',(-10.025,-69.9375,0.));
#5257=CARTESIAN_POINT('Origin',(-10.025,-71.4375,0.));
#5258=CARTESIAN_POINT('',(-10.025,-53.8875,3.));
#5259=CARTESIAN_POINT('',(-10.025,-51.196875,3.));
#5260=CARTESIAN_POINT('',(-10.025,-53.8875,0.));
#5261=CARTESIAN_POINT('Origin',(-8.02499999999999,-53.8875,0.));
#5262=CARTESIAN_POINT('',(-8.02499999999998,-51.8875,3.));
#5263=CARTESIAN_POINT('Origin',(-8.02499999999999,-53.8875,3.));
#5264=CARTESIAN_POINT('',(-8.02499999999999,-51.8875,0.));
#5265=CARTESIAN_POINT('Origin',(-9.52499999999999,-51.8875,0.));
#5266=CARTESIAN_POINT('',(47.625,-51.8875,3.));
#5267=CARTESIAN_POINT('Origin',(199.525,-71.4375,0.));
#5268=CARTESIAN_POINT('',(199.525,-69.9375,3.));
#5269=CARTESIAN_POINT('',(199.525,-53.8875,3.));
#5270=CARTESIAN_POINT('',(199.525,-51.196875,3.));
#5271=CARTESIAN_POINT('',(199.525,-53.8875,0.));
#5272=CARTESIAN_POINT('',(199.525,-69.9375,0.));
#5273=CARTESIAN_POINT('Origin',(201.525,-53.8875,0.));
#5274=CARTESIAN_POINT('',(201.525,-51.8875,3.));
#5275=CARTESIAN_POINT('Origin',(201.525,-53.8875,3.));
#5276=CARTESIAN_POINT('',(201.525,-51.8875,0.));
#5277=CARTESIAN_POINT('Origin',(200.025,-51.8875,0.));
#5278=CARTESIAN_POINT('',(217.575,-51.8875,3.));
#5279=CARTESIAN_POINT('',(152.4,-51.8875,3.));
#5280=CARTESIAN_POINT('',(217.575,-51.8875,0.));
#5281=CARTESIAN_POINT('Origin',(217.575,-53.8875,0.));
#5282=CARTESIAN_POINT('',(219.575,-53.8875,3.));
#5283=CARTESIAN_POINT('Origin',(217.575,-53.8875,3.));
#5284=CARTESIAN_POINT('',(219.575,-53.8875,0.));
#5285=CARTESIAN_POINT('Origin',(219.575,-52.3875,0.));
#5286=CARTESIAN_POINT('',(219.575,-69.9375,3.));
#5287=CARTESIAN_POINT('',(219.575,-41.671875,3.));
#5288=CARTESIAN_POINT('',(219.575,-69.9375,0.));
#5289=CARTESIAN_POINT('Origin',(217.575,-69.9375,0.));
#5290=CARTESIAN_POINT('',(217.575,-71.9375,3.));
#5291=CARTESIAN_POINT('Origin',(217.575,-69.9375,3.));
#5292=CARTESIAN_POINT('',(217.575,-71.9375,0.));
#5293=CARTESIAN_POINT('Origin',(219.075,-71.9375,0.));
#5294=CARTESIAN_POINT('',(201.525,-71.9375,3.));
#5295=CARTESIAN_POINT('',(161.925,-71.9375,3.));
#5296=CARTESIAN_POINT('',(201.525,-71.9375,0.));
#5297=CARTESIAN_POINT('Origin',(201.525,-69.9375,0.));
#5298=CARTESIAN_POINT('Origin',(201.525,-69.9375,3.));
#5299=CARTESIAN_POINT('Origin',(-8.02499999999998,-46.125,0.));
#5300=CARTESIAN_POINT('',(-8.02499999999998,-48.125,3.));
#5301=CARTESIAN_POINT('',(-10.025,-46.125,3.));
#5302=CARTESIAN_POINT('Origin',(-8.02499999999998,-46.125,3.));
#5303=CARTESIAN_POINT('',(-10.025,-46.125,0.));
#5304=CARTESIAN_POINT('',(-8.02499999999999,-48.125,0.));
#5305=CARTESIAN_POINT('Origin',(-10.025,-47.625,0.));
#5306=CARTESIAN_POINT('',(-10.025,8.02500000000002,3.));
#5307=CARTESIAN_POINT('',(-10.025,-39.290625,3.));
#5308=CARTESIAN_POINT('',(-10.025,8.02500000000002,0.));
#5309=CARTESIAN_POINT('Origin',(-8.02499999999999,8.02500000000002,0.));
#5310=CARTESIAN_POINT('',(-8.02499999999998,10.025,3.));
#5311=CARTESIAN_POINT('Origin',(-8.02499999999999,8.02500000000002,3.));
#5312=CARTESIAN_POINT('',(-8.02499999999999,10.025,0.));
#5313=CARTESIAN_POINT('Origin',(-9.52499999999997,10.025,0.));
#5314=CARTESIAN_POINT('',(198.525,10.0249999999998,3.));
#5315=CARTESIAN_POINT('',(47.625,10.025,3.));
#5316=CARTESIAN_POINT('',(198.525,10.0249999999998,0.));
#5317=CARTESIAN_POINT('Origin',(198.525,8.0249999999998,0.));
#5318=CARTESIAN_POINT('',(200.525,8.0249999999998,3.));
#5319=CARTESIAN_POINT('Origin',(198.525,8.0249999999998,3.));
#5320=CARTESIAN_POINT('',(200.525,8.0249999999998,0.));
#5321=CARTESIAN_POINT('Origin',(200.525,9.5249999999998,0.));
#5322=CARTESIAN_POINT('',(200.525,-9.0250000000002,3.));
#5323=CARTESIAN_POINT('',(200.525,-10.7156250000003,3.));
#5324=CARTESIAN_POINT('',(200.525,-9.0250000000002,0.));
#5325=CARTESIAN_POINT('Origin',(200.025,-9.0250000000002,0.));
#5326=CARTESIAN_POINT('',(217.575,-9.02500000000021,3.));
#5327=CARTESIAN_POINT('',(152.4,-9.02500000000017,3.));
#5328=CARTESIAN_POINT('',(217.575,-9.02500000000021,0.));
#5329=CARTESIAN_POINT('Origin',(217.575,-11.0250000000002,0.));
#5330=CARTESIAN_POINT('',(219.575,-11.0250000000002,3.));
#5331=CARTESIAN_POINT('Origin',(217.575,-11.0250000000002,3.));
#5332=CARTESIAN_POINT('',(219.575,-11.0250000000002,0.));
#5333=CARTESIAN_POINT('Origin',(219.575,-9.52500000000021,0.));
#5334=CARTESIAN_POINT('',(219.575,-46.1250000000001,3.));
#5335=CARTESIAN_POINT('',(219.575,-20.2406250000001,3.));
#5336=CARTESIAN_POINT('',(219.575,-46.1250000000001,0.));
#5337=CARTESIAN_POINT('Origin',(217.575,-46.1250000000001,0.));
#5338=CARTESIAN_POINT('',(217.575,-48.1250000000001,3.));
#5339=CARTESIAN_POINT('Origin',(217.575,-46.1250000000001,3.));
#5340=CARTESIAN_POINT('',(217.575,-48.1250000000001,0.));
#5341=CARTESIAN_POINT('Origin',(219.075,-48.1250000000001,0.));
#5342=CARTESIAN_POINT('',(161.925,-48.1250000000001,3.));
#5343=CARTESIAN_POINT('Origin',(218.55,8.99999999999979,0.));
#5344=CARTESIAN_POINT('',(218.55,10.9999999999998,0.));
#5345=CARTESIAN_POINT('',(218.55,10.9999999999998,0.));
#5346=CARTESIAN_POINT('',(220.55,8.99999999999979,0.));
#5347=CARTESIAN_POINT('Origin',(218.55,8.99999999999979,0.));
#5348=CARTESIAN_POINT('',(220.55,8.99999999999979,0.));
#5349=CARTESIAN_POINT('Origin',(220.55,-4.00000000000021,0.));
#5350=CARTESIAN_POINT('',(220.55,-3.00000000000021,0.));
#5351=CARTESIAN_POINT('',(220.55,-15.9781250000002,0.));
#5352=CARTESIAN_POINT('',(220.55,-3.00000000000021,0.));
#5353=CARTESIAN_POINT('Origin',(218.55,-3.00000000000021,0.));
#5354=CARTESIAN_POINT('',(218.55,-5.00000000000021,0.));
#5355=CARTESIAN_POINT('Origin',(218.55,-3.00000000000021,0.));
#5356=CARTESIAN_POINT('',(218.55,-5.00000000000021,0.));
#5357=CARTESIAN_POINT('Origin',(205.55,-5.00000000000021,0.));
#5358=CARTESIAN_POINT('',(206.55,-5.00000000000021,0.));
#5359=CARTESIAN_POINT('',(206.55,-5.00000000000021,0.));
#5360=CARTESIAN_POINT('',(155.1625,-5.00000000000021,0.));
#5361=CARTESIAN_POINT('Origin',(206.55,-3.00000000000021,0.));
#5362=CARTESIAN_POINT('',(204.55,-3.00000000000021,0.));
#5363=CARTESIAN_POINT('Origin',(206.55,-3.00000000000021,0.));
#5364=CARTESIAN_POINT('',(204.55,-3.00000000000021,0.));
#5365=CARTESIAN_POINT('Origin',(204.55,9.99999999999979,0.));
#5366=CARTESIAN_POINT('',(204.55,8.99999999999979,0.));
#5367=CARTESIAN_POINT('',(204.55,8.99999999999979,0.));
#5368=CARTESIAN_POINT('',(204.55,-8.97812500000015,0.));
#5369=CARTESIAN_POINT('Origin',(206.55,8.99999999999979,0.));
#5370=CARTESIAN_POINT('',(206.55,10.9999999999998,0.));
#5371=CARTESIAN_POINT('Origin',(206.55,8.99999999999979,0.));
#5372=CARTESIAN_POINT('',(206.55,10.9999999999998,0.));
#5373=CARTESIAN_POINT('Origin',(219.55,10.9999999999998,0.));
#5374=CARTESIAN_POINT('',(162.1625,10.9999999999998,0.));
#5375=CARTESIAN_POINT('Origin',(220.575,-76.4375,3.));
#5376=CARTESIAN_POINT('',(221.61275,-76.4375,0.));
#5377=CARTESIAN_POINT('Origin',(220.575,-76.4375,0.));
#5378=CARTESIAN_POINT('',(221.61275,-76.4375,3.));
#5379=CARTESIAN_POINT('Origin',(-11.025,20.5249999999998,3.));
#5380=CARTESIAN_POINT('',(-9.98724999999999,20.5249999999998,0.));
#5381=CARTESIAN_POINT('Origin',(-11.025,20.5249999999998,0.));
#5382=CARTESIAN_POINT('',(-9.98724999999999,20.5249999999998,3.));
#5383=CARTESIAN_POINT('Origin',(220.575,20.5249999999998,3.));
#5384=CARTESIAN_POINT('',(221.61275,20.5249999999998,0.));
#5385=CARTESIAN_POINT('Origin',(220.575,20.5249999999998,0.));
#5386=CARTESIAN_POINT('',(221.61275,20.5249999999998,3.));
#5387=CARTESIAN_POINT('Origin',(-11.025,-76.4375,3.));
#5388=CARTESIAN_POINT('',(-9.98724999999998,-76.4375,0.));
#5389=CARTESIAN_POINT('Origin',(-11.025,-76.4375,0.));
#5390=CARTESIAN_POINT('',(-9.98724999999998,-76.4375,3.));
#5391=CARTESIAN_POINT('Origin',(-12.025,-77.4374999999999,9.));
#5392=CARTESIAN_POINT('',(-12.025,-80.7375,0.));
#5393=CARTESIAN_POINT('Origin',(-12.025,-77.4374999999999,0.));
#5394=CARTESIAN_POINT('',(-12.025,-80.7375,9.));
#5395=CARTESIAN_POINT('Origin',(-15.025,-80.7375,9.));
#5396=CARTESIAN_POINT('',(221.575,-80.7375,0.));
#5397=CARTESIAN_POINT('',(221.575,-80.7375,9.));
#5398=CARTESIAN_POINT('',(44.875,-80.7375,0.));
#5399=CARTESIAN_POINT('Origin',(221.575,-77.4375,9.));
#5400=CARTESIAN_POINT('',(224.875,-77.4375,0.));
#5401=CARTESIAN_POINT('Origin',(221.575,-77.4375,0.));
#5402=CARTESIAN_POINT('',(224.875,-77.4375,9.));
#5403=CARTESIAN_POINT('Origin',(224.875,-80.4375,9.));
#5404=CARTESIAN_POINT('',(224.875,21.5249999999998,0.));
#5405=CARTESIAN_POINT('',(224.875,-54.196875,0.));
#5406=CARTESIAN_POINT('',(224.875,21.5249999999998,9.));
#5407=CARTESIAN_POINT('Origin',(221.575,21.5249999999998,9.));
#5408=CARTESIAN_POINT('',(221.575,24.8249999999998,0.));
#5409=CARTESIAN_POINT('Origin',(221.575,21.5249999999998,0.));
#5410=CARTESIAN_POINT('',(221.575,24.8249999999998,9.));
#5411=CARTESIAN_POINT('Origin',(224.575,24.8249999999998,9.));
#5412=CARTESIAN_POINT('',(-12.025,24.8249999999998,0.));
#5413=CARTESIAN_POINT('',(-12.025,24.8249999999998,9.));
#5414=CARTESIAN_POINT('',(164.675,24.8249999999998,0.));
#5415=CARTESIAN_POINT('Origin',(-12.025,21.5249999999998,9.));
#5416=CARTESIAN_POINT('Origin',(-12.025,21.5249999999998,0.));
#5417=CARTESIAN_POINT('Origin',(-13.325,16.0249999999998,0.));
#5418=CARTESIAN_POINT('',(-13.325,18.0249999999998,4.5));
#5419=CARTESIAN_POINT('Origin',(-13.325,16.0249999999998,4.5));
#5420=CARTESIAN_POINT('',(-13.325,18.0249999999998,0.));
#5421=CARTESIAN_POINT('Origin',(-13.325,16.0249999999998,0.));
#5422=CARTESIAN_POINT('',(-13.325,18.0249999999998,0.));
#5423=CARTESIAN_POINT('Origin',(-11.025,18.0249999999998,0.));
#5424=CARTESIAN_POINT('',(-11.2321067811865,18.0249999999998,0.));
#5425=CARTESIAN_POINT('',(46.875,18.0249999999998,0.));
#5426=CARTESIAN_POINT('',(-11.2321067811865,18.0249999999998,4.5));
#5427=CARTESIAN_POINT('',(-11.2321067811865,18.0249999999998,0.));
#5428=CARTESIAN_POINT('',(-2.80468749999999,18.0249999999998,4.5));
#5429=CARTESIAN_POINT('Origin',(-11.2321067811865,21.0249999999998,0.));
#5430=CARTESIAN_POINT('',(-9.1107864376269,18.9036796564402,0.));
#5431=CARTESIAN_POINT('Origin',(-11.2321067811865,21.0249999999998,0.));
#5432=CARTESIAN_POINT('',(-9.11078643762689,18.9036796564401,4.5));
#5433=CARTESIAN_POINT('',(-9.1107864376269,18.9036796564401,0.));
#5434=CARTESIAN_POINT('Origin',(-11.2321067811865,21.0249999999998,4.5));
#5435=CARTESIAN_POINT('Origin',(-6.13466270347376,21.8798033905933,0.));
#5436=CARTESIAN_POINT('',(-6.57400253169393,21.4404635623731,4.5));
#5437=CARTESIAN_POINT('',(-6.57400253169394,21.4404635623731,0.));
#5438=CARTESIAN_POINT('',(-6.57400253169394,21.4404635623731,0.));
#5439=CARTESIAN_POINT('',(-4.58563537525363,23.4288307188134,4.5));
#5440=CARTESIAN_POINT('',(9.13373962474634,37.1482057188134,0.));
#5441=CARTESIAN_POINT('Origin',(-5.15978896932084,20.02625,0.));
#5442=CARTESIAN_POINT('',(-5.15978896932084,22.02625,4.5));
#5443=CARTESIAN_POINT('Origin',(-5.15978896932084,20.02625,4.5));
#5444=CARTESIAN_POINT('',(-5.15978896932084,22.02625,0.));
#5445=CARTESIAN_POINT('Origin',(-5.15978896932084,20.02625,0.));
#5446=CARTESIAN_POINT('',(-5.15978896932084,22.02625,0.));
#5447=CARTESIAN_POINT('Origin',(25.65625,22.02625,0.));
#5448=CARTESIAN_POINT('',(24.15625,22.02625,4.5));
#5449=CARTESIAN_POINT('',(24.15625,22.02625,0.));
#5450=CARTESIAN_POINT('',(24.15625,22.02625,0.));
#5451=CARTESIAN_POINT('',(15.5359375,22.02625,4.5));
#5452=CARTESIAN_POINT('',(65.215625,22.02625,0.));
#5453=CARTESIAN_POINT('Origin',(37.625,15.525,0.));
#5454=CARTESIAN_POINT('',(36.625,15.525,0.));
#5455=CARTESIAN_POINT('',(36.625,15.525,3.));
#5456=CARTESIAN_POINT('',(36.625,15.525,1.5));
#5457=CARTESIAN_POINT('',(37.625,16.525,0.));
#5458=CARTESIAN_POINT('Origin',(37.625,15.525,0.));
#5459=CARTESIAN_POINT('',(37.625,16.525,3.));
#5460=CARTESIAN_POINT('',(37.625,16.525,1.5));
#5461=CARTESIAN_POINT('Origin',(37.625,15.525,3.));
#5462=CARTESIAN_POINT('Origin',(58.125,16.525,0.));
#5463=CARTESIAN_POINT('',(57.625,16.525,0.));
#5464=CARTESIAN_POINT('',(57.625,16.525,3.));
#5465=CARTESIAN_POINT('',(57.625,16.525,1.5));
#5466=CARTESIAN_POINT('',(81.45,16.525,3.));
#5467=CARTESIAN_POINT('',(81.45,16.525,0.));
#5468=CARTESIAN_POINT('Origin',(57.625,15.525,0.));
#5469=CARTESIAN_POINT('',(58.625,15.525,0.));
#5470=CARTESIAN_POINT('Origin',(57.625,15.525,0.));
#5471=CARTESIAN_POINT('',(58.625,15.525,3.));
#5472=CARTESIAN_POINT('',(58.625,15.525,1.5));
#5473=CARTESIAN_POINT('Origin',(57.625,15.525,3.));
#5474=CARTESIAN_POINT('Origin',(58.625,10.525,0.));
#5475=CARTESIAN_POINT('',(58.625,11.025,0.));
#5476=CARTESIAN_POINT('',(58.625,-8.71562500000004,0.));
#5477=CARTESIAN_POINT('',(58.625,11.025,3.));
#5478=CARTESIAN_POINT('',(58.625,11.025,0.));
#5479=CARTESIAN_POINT('',(58.625,-10.215625,3.));
#5480=CARTESIAN_POINT('Origin',(151.425,11.0250000000001,0.));
#5481=CARTESIAN_POINT('',(150.925,11.0250000000001,0.));
#5482=CARTESIAN_POINT('',(128.1,11.0250000000001,0.));
#5483=CARTESIAN_POINT('',(150.925,11.0250000000001,3.));
#5484=CARTESIAN_POINT('',(150.925,11.0250000000001,0.));
#5485=CARTESIAN_POINT('',(128.1,11.0250000000001,3.));
#5486=CARTESIAN_POINT('Origin',(150.925,16.0250000000001,0.));
#5487=CARTESIAN_POINT('',(150.925,15.525,0.));
#5488=CARTESIAN_POINT('',(150.925,15.525,3.));
#5489=CARTESIAN_POINT('',(150.925,15.525,1.5));
#5490=CARTESIAN_POINT('',(150.925,-7.46562499999995,3.));
#5491=CARTESIAN_POINT('',(150.925,-5.96562500000002,0.));
#5492=CARTESIAN_POINT('Origin',(151.925,15.525,0.));
#5493=CARTESIAN_POINT('',(151.925,16.525,0.));
#5494=CARTESIAN_POINT('Origin',(151.925,15.525,0.));
#5495=CARTESIAN_POINT('',(151.925,16.525,3.));
#5496=CARTESIAN_POINT('',(151.925,16.525,1.5));
#5497=CARTESIAN_POINT('Origin',(151.925,15.525,3.));
#5498=CARTESIAN_POINT('Origin',(58.125,16.525,0.));
#5499=CARTESIAN_POINT('',(171.925,16.525,0.));
#5500=CARTESIAN_POINT('',(171.925,16.525,3.));
#5501=CARTESIAN_POINT('',(171.925,16.525,1.5));
#5502=CARTESIAN_POINT('',(81.45,16.525,3.));
#5503=CARTESIAN_POINT('',(81.45,16.525,0.));
#5504=CARTESIAN_POINT('Origin',(171.925,15.525,0.));
#5505=CARTESIAN_POINT('',(172.925,15.525,0.));
#5506=CARTESIAN_POINT('Origin',(171.925,15.525,0.));
#5507=CARTESIAN_POINT('',(172.925,15.525,3.));
#5508=CARTESIAN_POINT('',(172.925,15.525,1.5));
#5509=CARTESIAN_POINT('Origin',(171.925,15.525,3.));
#5510=CARTESIAN_POINT('Origin',(172.925,10.5250000000001,0.));
#5511=CARTESIAN_POINT('',(172.925,11.0250000000001,0.));
#5512=CARTESIAN_POINT('',(172.925,-8.71562500000002,0.));
#5513=CARTESIAN_POINT('',(172.925,11.0250000000001,3.));
#5514=CARTESIAN_POINT('',(172.925,11.0250000000001,0.));
#5515=CARTESIAN_POINT('',(172.925,-10.215625,3.));
#5516=CARTESIAN_POINT('Origin',(201.025,11.0250000000001,0.));
#5517=CARTESIAN_POINT('',(199.525,11.0250000000001,0.));
#5518=CARTESIAN_POINT('',(199.525,11.0250000000001,3.));
#5519=CARTESIAN_POINT('',(199.525,11.0250000000001,1.5));
#5520=CARTESIAN_POINT('',(152.9,11.0250000000001,3.));
#5521=CARTESIAN_POINT('',(152.9,11.0250000000001,0.));
#5522=CARTESIAN_POINT('Origin',(199.525,9.02500000000008,0.));
#5523=CARTESIAN_POINT('',(201.525,9.02500000000008,0.));
#5524=CARTESIAN_POINT('Origin',(199.525,9.02500000000008,0.));
#5525=CARTESIAN_POINT('',(201.525,9.02500000000008,3.));
#5526=CARTESIAN_POINT('',(201.525,9.02500000000008,1.5));
#5527=CARTESIAN_POINT('Origin',(199.525,9.02500000000008,3.));
#5528=CARTESIAN_POINT('Origin',(201.525,-8.52500000000019,0.));
#5529=CARTESIAN_POINT('',(201.525,-8.02500000000019,0.));
#5530=CARTESIAN_POINT('',(201.525,-18.2406250000001,0.));
#5531=CARTESIAN_POINT('',(201.525,-8.02500000000019,3.));
#5532=CARTESIAN_POINT('',(201.525,-8.02500000000019,0.));
#5533=CARTESIAN_POINT('',(201.525,-19.7406250000001,3.));
#5534=CARTESIAN_POINT('Origin',(220.075,-8.02500000000022,0.));
#5535=CARTESIAN_POINT('',(218.575,-8.02500000000022,0.));
#5536=CARTESIAN_POINT('',(218.575,-8.02500000000022,3.));
#5537=CARTESIAN_POINT('',(218.575,-8.02500000000022,1.5));
#5538=CARTESIAN_POINT('',(162.425,-8.02500000000012,3.));
#5539=CARTESIAN_POINT('',(162.425,-8.02500000000012,0.));
#5540=CARTESIAN_POINT('Origin',(218.575,-10.0250000000002,0.));
#5541=CARTESIAN_POINT('',(220.575,-10.0250000000002,0.));
#5542=CARTESIAN_POINT('Origin',(218.575,-10.0250000000002,0.));
#5543=CARTESIAN_POINT('',(220.575,-10.0250000000002,3.));
#5544=CARTESIAN_POINT('',(220.575,-10.0250000000002,0.));
#5545=CARTESIAN_POINT('Origin',(218.575,-10.0250000000002,3.));
#5546=CARTESIAN_POINT('Origin',(220.575,-72.4375,0.));
#5547=CARTESIAN_POINT('',(220.575,-70.9375,0.));
#5548=CARTESIAN_POINT('',(220.575,-50.1968750000001,0.));
#5549=CARTESIAN_POINT('',(220.575,-70.9375,3.));
#5550=CARTESIAN_POINT('',(220.575,-70.9375,1.5));
#5551=CARTESIAN_POINT('',(220.575,-51.6968750000001,3.));
#5552=CARTESIAN_POINT('Origin',(218.575,-70.9375,0.));
#5553=CARTESIAN_POINT('',(218.575,-72.9375,0.));
#5554=CARTESIAN_POINT('Origin',(218.575,-70.9375,0.));
#5555=CARTESIAN_POINT('',(218.575,-72.9375,3.));
#5556=CARTESIAN_POINT('',(218.575,-72.9375,1.5));
#5557=CARTESIAN_POINT('Origin',(218.575,-70.9375,3.));
#5558=CARTESIAN_POINT('Origin',(-10.525,-72.9375,0.));
#5559=CARTESIAN_POINT('',(172.925,-72.9375,0.));
#5560=CARTESIAN_POINT('',(47.125,-72.9375,0.));
#5561=CARTESIAN_POINT('',(172.925,-72.9375,3.));
#5562=CARTESIAN_POINT('',(172.925,-72.9375,0.));
#5563=CARTESIAN_POINT('',(47.125,-72.9375,3.));
#5564=CARTESIAN_POINT('Origin',(172.925,10.5250000000001,0.));
#5565=CARTESIAN_POINT('',(172.925,-77.4375000000001,0.));
#5566=CARTESIAN_POINT('',(172.925,-77.4375000000001,3.));
#5567=CARTESIAN_POINT('',(172.925,-77.4375000000001,1.5));
#5568=CARTESIAN_POINT('',(172.925,-10.215625,3.));
#5569=CARTESIAN_POINT('',(172.925,-8.71562500000002,0.));
#5570=CARTESIAN_POINT('Origin',(171.925,-77.4375000000001,0.));
#5571=CARTESIAN_POINT('',(171.925,-78.4375000000001,0.));
#5572=CARTESIAN_POINT('Origin',(171.925,-77.4375000000001,0.));
#5573=CARTESIAN_POINT('',(171.925,-78.4375000000001,3.));
#5574=CARTESIAN_POINT('',(171.925,-78.4375000000001,1.5));
#5575=CARTESIAN_POINT('Origin',(171.925,-77.4375000000001,3.));
#5576=CARTESIAN_POINT('Origin',(37.125,-78.4375,0.));
#5577=CARTESIAN_POINT('',(151.925,-78.4375000000001,0.));
#5578=CARTESIAN_POINT('',(151.925,-78.4375000000001,3.));
#5579=CARTESIAN_POINT('',(151.925,-78.4375000000001,1.5));
#5580=CARTESIAN_POINT('',(70.95,-78.4375,3.));
#5581=CARTESIAN_POINT('',(70.95,-78.4375,0.));
#5582=CARTESIAN_POINT('Origin',(151.925,-77.4375000000001,0.));
#5583=CARTESIAN_POINT('',(150.925,-77.4375000000001,0.));
#5584=CARTESIAN_POINT('Origin',(151.925,-77.4375000000001,0.));
#5585=CARTESIAN_POINT('',(150.925,-77.4375000000001,3.));
#5586=CARTESIAN_POINT('',(150.925,-77.4375000000001,1.5));
#5587=CARTESIAN_POINT('Origin',(151.925,-77.4375000000001,3.));
#5588=CARTESIAN_POINT('Origin',(150.925,16.0250000000001,0.));
#5589=CARTESIAN_POINT('',(150.925,-72.9375,0.));
#5590=CARTESIAN_POINT('',(150.925,-5.96562500000002,0.));
#5591=CARTESIAN_POINT('',(150.925,-72.9375,3.));
#5592=CARTESIAN_POINT('',(150.925,-72.9375,0.));
#5593=CARTESIAN_POINT('',(150.925,-7.46562499999995,3.));
#5594=CARTESIAN_POINT('Origin',(58.125,-72.9375,0.));
#5595=CARTESIAN_POINT('',(58.625,-72.9375,0.));
#5596=CARTESIAN_POINT('',(81.45,-72.9375,0.));
#5597=CARTESIAN_POINT('',(58.625,-72.9375,3.));
#5598=CARTESIAN_POINT('',(58.625,-72.9375,0.));
#5599=CARTESIAN_POINT('',(81.45,-72.9375,3.));
#5600=CARTESIAN_POINT('Origin',(58.625,10.525,0.));
#5601=CARTESIAN_POINT('',(58.625,-77.4375,0.));
#5602=CARTESIAN_POINT('',(58.625,-77.4375,3.));
#5603=CARTESIAN_POINT('',(58.625,-77.4375,1.5));
#5604=CARTESIAN_POINT('',(58.625,-10.215625,3.));
#5605=CARTESIAN_POINT('',(58.625,-8.71562500000004,0.));
#5606=CARTESIAN_POINT('Origin',(57.625,-77.4375,0.));
#5607=CARTESIAN_POINT('',(57.625,-78.4375,0.));
#5608=CARTESIAN_POINT('Origin',(57.625,-77.4375,0.));
#5609=CARTESIAN_POINT('',(57.625,-78.4375,3.));
#5610=CARTESIAN_POINT('',(57.625,-78.4375,0.));
#5611=CARTESIAN_POINT('Origin',(57.625,-77.4375,3.));
#5612=CARTESIAN_POINT('Origin',(37.125,-78.4375,0.));
#5613=CARTESIAN_POINT('',(37.625,-78.4375,0.));
#5614=CARTESIAN_POINT('',(70.95,-78.4375,0.));
#5615=CARTESIAN_POINT('',(37.625,-78.4375,3.));
#5616=CARTESIAN_POINT('',(37.625,-78.4375,1.5));
#5617=CARTESIAN_POINT('',(70.95,-78.4375,3.));
#5618=CARTESIAN_POINT('Origin',(37.625,-77.4375,0.));
#5619=CARTESIAN_POINT('',(36.625,-77.4375,0.));
#5620=CARTESIAN_POINT('Origin',(37.625,-77.4375,0.));
#5621=CARTESIAN_POINT('',(36.625,-77.4375,3.));
#5622=CARTESIAN_POINT('',(36.625,-77.4375,1.5));
#5623=CARTESIAN_POINT('Origin',(37.625,-77.4375,3.));
#5624=CARTESIAN_POINT('Origin',(36.625,16.025,0.));
#5625=CARTESIAN_POINT('',(36.625,-72.9375,0.));
#5626=CARTESIAN_POINT('',(36.625,-5.96562500000004,0.));
#5627=CARTESIAN_POINT('',(36.625,-72.9375,3.));
#5628=CARTESIAN_POINT('',(36.625,-72.9375,0.));
#5629=CARTESIAN_POINT('',(36.625,-7.46562499999998,3.));
#5630=CARTESIAN_POINT('Origin',(-10.525,-72.9375,0.));
#5631=CARTESIAN_POINT('',(-9.02500000000001,-72.9375,0.));
#5632=CARTESIAN_POINT('',(-9.025,-72.9375,3.));
#5633=CARTESIAN_POINT('',(-9.02500000000001,-72.9375,1.5));
#5634=CARTESIAN_POINT('',(47.125,-72.9375,3.));
#5635=CARTESIAN_POINT('',(47.125,-72.9375,0.));
#5636=CARTESIAN_POINT('Origin',(-9.02500000000001,-70.9375,0.));
#5637=CARTESIAN_POINT('',(-11.025,-70.9375,0.));
#5638=CARTESIAN_POINT('Origin',(-9.02500000000001,-70.9375,0.));
#5639=CARTESIAN_POINT('',(-11.025,-70.9375,3.));
#5640=CARTESIAN_POINT('',(-11.025,-70.9375,0.));
#5641=CARTESIAN_POINT('Origin',(-9.02500000000001,-70.9375,3.));
#5642=CARTESIAN_POINT('Origin',(-11.025,10.525,0.));
#5643=CARTESIAN_POINT('',(-11.025,11.025,0.));
#5644=CARTESIAN_POINT('',(-11.025,-8.71562500000004,0.));
#5645=CARTESIAN_POINT('',(-11.025,11.025,3.));
#5646=CARTESIAN_POINT('',(-11.025,11.025,0.));
#5647=CARTESIAN_POINT('',(-11.025,-10.215625,3.));
#5648=CARTESIAN_POINT('Origin',(-13.325,13.025,0.));
#5649=CARTESIAN_POINT('',(-13.325,11.025,4.5));
#5650=CARTESIAN_POINT('Origin',(-13.325,13.025,4.5));
#5651=CARTESIAN_POINT('',(-13.325,11.025,0.));
#5652=CARTESIAN_POINT('',(-13.325,11.025,0.));
#5653=CARTESIAN_POINT('Origin',(-13.325,13.025,0.));
#5654=CARTESIAN_POINT('Origin',(5.415625,16.525625,4.5));
#5655=CARTESIAN_POINT('',(-4.7046875,11.025,4.5));
#5656=CARTESIAN_POINT('Origin',(24.15625,20.02625,4.5));
#5657=CARTESIAN_POINT('Origin',(-14.825,11.025,0.));
#5658=CARTESIAN_POINT('',(70.95,11.025,3.));
#5659=CARTESIAN_POINT('',(44.975,11.025,0.));
#5660=CARTESIAN_POINT('Origin',(24.15625,20.02625,0.));
#5661=CARTESIAN_POINT('Origin',(24.15625,20.02625,0.));
#5662=CARTESIAN_POINT('Origin',(104.775,-30.95625,3.));
#5663=CARTESIAN_POINT('',(36.625,-7.46562499999998,3.));
#5664=CARTESIAN_POINT('Origin',(36.625,16.025,0.));
#5665=CARTESIAN_POINT('',(36.625,-5.96562500000004,0.));
#5666=CARTESIAN_POINT('Origin',(104.775,-27.9562500000001,0.));
#5667=UNCERTAINTY_MEASURE_WITH_UNIT(LENGTH_MEASURE(0.01),#5671,
'DISTANCE_ACCURACY_VALUE',
'Maximum model space distance between geometric entities at asserted c
onnectivities');
#5668=UNCERTAINTY_MEASURE_WITH_UNIT(LENGTH_MEASURE(0.01),#5671,
'DISTANCE_ACCURACY_VALUE',
'Maximum model space distance between geometric entities at asserted c
onnectivities');
#5669=(
GEOMETRIC_REPRESENTATION_CONTEXT(3)
GLOBAL_UNCERTAINTY_ASSIGNED_CONTEXT((#5667))
GLOBAL_UNIT_ASSIGNED_CONTEXT((#5671,#5673,#5674))
REPRESENTATION_CONTEXT('','3D')
);
#5670=(
GEOMETRIC_REPRESENTATION_CONTEXT(3)
GLOBAL_UNCERTAINTY_ASSIGNED_CONTEXT((#5668))
GLOBAL_UNIT_ASSIGNED_CONTEXT((#5671,#5673,#5674))
REPRESENTATION_CONTEXT('','3D')
);
#5671=(
LENGTH_UNIT()
NAMED_UNIT(*)
SI_UNIT(.MILLI.,.METRE.)
);
#5672=(
LENGTH_UNIT()
NAMED_UNIT(*)
SI_UNIT($,.METRE.)
);
#5673=(
NAMED_UNIT(*)
PLANE_ANGLE_UNIT()
SI_UNIT($,.RADIAN.)
);
#5674=(
NAMED_UNIT(*)
SI_UNIT($,.STERADIAN.)
SOLID_ANGLE_UNIT()
);
#5675=SHAPE_DEFINITION_REPRESENTATION(#5676,#5677);
#5676=PRODUCT_DEFINITION_SHAPE('',$,#5679);
#5677=SHAPE_REPRESENTATION('',(#3294),#5669);
#5678=PRODUCT_DEFINITION_CONTEXT('part definition',#5683,'design');
#5679=PRODUCT_DEFINITION('top','top v195',#5680,#5678);
#5680=PRODUCT_DEFINITION_FORMATION('',$,#5685);
#5681=PRODUCT_RELATED_PRODUCT_CATEGORY('top v195','top v195',(#5685));
#5682=APPLICATION_PROTOCOL_DEFINITION('international standard',
'automotive_design',2009,#5683);
#5683=APPLICATION_CONTEXT(
'Core Data for Automotive Mechanical Design Process');
#5684=PRODUCT_CONTEXT('part definition',#5683,'mechanical');
#5685=PRODUCT('top','top v195',$,(#5684));
#5686=PRESENTATION_STYLE_ASSIGNMENT((#5688));
#5687=PRESENTATION_STYLE_ASSIGNMENT((#5689));
#5688=SURFACE_STYLE_USAGE(.BOTH.,#5690);
#5689=SURFACE_STYLE_USAGE(.BOTH.,#5691);
#5690=SURFACE_SIDE_STYLE('',(#5692));
#5691=SURFACE_SIDE_STYLE('',(#5693));
#5692=SURFACE_STYLE_FILL_AREA(#5694);
#5693=SURFACE_STYLE_FILL_AREA(#5695);
#5694=FILL_AREA_STYLE('\X2\AC15CCA0\X0\ - \X2\C0C8D2F4\X0\',(#5696));
#5695=FILL_AREA_STYLE('\X2\C54CB8E8BBF8B284\X0\ - \X2\C0C8D2F4\X0\',(#5697));
#5696=FILL_AREA_STYLE_COLOUR('\X2\AC15CCA0\X0\ - \X2\C0C8D2F4\X0\',#5698);
#5697=FILL_AREA_STYLE_COLOUR('\X2\C54CB8E8BBF8B284\X0\ - \X2\C0C8D2F4\X0\',
#5699);
#5698=COLOUR_RGB('\X2\AC15CCA0\X0\ - \X2\C0C8D2F4\X0\',0.627450980392157,
0.627450980392157,0.627450980392157);
#5699=COLOUR_RGB('\X2\C54CB8E8BBF8B284\X0\ - \X2\C0C8D2F4\X0\',0.96078431372549,
0.96078431372549,0.964705882352941);
ENDSEC;
END-ISO-10303-21;
