ISO-10303-21;
HEADER;
/* Generated by software containing ST-Developer
 * from STEP Tools, Inc. (www.steptools.com) 
 */

FILE_DESCRIPTION(
/* description */ (''),
/* implementation_level */ '2;1');

FILE_NAME(
/* name */ 'weight.step',
/* time_stamp */ '2026-09-07T22:39:30+09:00',
/* author */ (''),
/* organization */ (''),
/* preprocessor_version */ 'ST-DEVELOPER v20.2',
/* originating_system */ 'Autodesk Translation Framework v15.15.0.0',
/* authorisation */ '');

FILE_SCHEMA (('AUTOMOTIVE_DESIGN { 1 0 10303 214 3 1 1 }'));
ENDSEC;

DATA;
#10=MECHANICAL_DESIGN_GEOMETRIC_PRESENTATION_REPRESENTATION('',(#13),#5342);
#11=SHAPE_REPRESENTATION_RELATIONSHIP('SRR','None',#5349,#12);
#12=ADVANCED_BREP_SHAPE_REPRESENTATION('',(#14),#5341);
#13=STYLED_ITEM('',(#5359),#14);
#14=MANIFOLD_SOLID_BREP('\X2\BCF8CCB4\X0\1',#3120);
#15=FACE_BOUND('',#392,.T.);
#16=FACE_BOUND('',#393,.T.);
#17=FACE_BOUND('',#394,.T.);
#18=FACE_BOUND('',#395,.T.);
#19=FACE_BOUND('',#396,.T.);
#20=FACE_BOUND('',#397,.T.);
#21=FACE_BOUND('',#398,.T.);
#22=FACE_BOUND('',#399,.T.);
#23=FACE_BOUND('',#400,.T.);
#24=FACE_BOUND('',#401,.T.);
#25=FACE_BOUND('',#402,.T.);
#26=FACE_BOUND('',#403,.T.);
#27=FACE_BOUND('',#404,.T.);
#28=FACE_BOUND('',#405,.T.);
#29=FACE_BOUND('',#406,.T.);
#30=FACE_BOUND('',#407,.T.);
#31=FACE_BOUND('',#408,.T.);
#32=FACE_BOUND('',#409,.T.);
#33=FACE_BOUND('',#410,.T.);
#34=FACE_BOUND('',#450,.T.);
#35=FACE_BOUND('',#451,.T.);
#36=FACE_BOUND('',#452,.T.);
#37=FACE_BOUND('',#487,.T.);
#38=FACE_BOUND('',#488,.T.);
#39=FACE_BOUND('',#489,.T.);
#40=FACE_BOUND('',#490,.T.);
#41=FACE_BOUND('',#502,.T.);
#42=FACE_BOUND('',#505,.T.);
#43=FACE_BOUND('',#508,.T.);
#44=FACE_BOUND('',#511,.T.);
#45=PLANE('',#3140);
#46=PLANE('',#3146);
#47=PLANE('',#3149);
#48=PLANE('',#3152);
#49=PLANE('',#3153);
#50=PLANE('',#3156);
#51=PLANE('',#3165);
#52=PLANE('',#3167);
#53=PLANE('',#3171);
#54=PLANE('',#3173);
#55=PLANE('',#3177);
#56=PLANE('',#3181);
#57=PLANE('',#3183);
#58=PLANE('',#3187);
#59=PLANE('',#3191);
#60=PLANE('',#3199);
#61=PLANE('',#3200);
#62=PLANE('',#3201);
#63=PLANE('',#3202);
#64=PLANE('',#3203);
#65=PLANE('',#3204);
#66=PLANE('',#3205);
#67=PLANE('',#3206);
#68=PLANE('',#3207);
#69=PLANE('',#3208);
#70=PLANE('',#3209);
#71=PLANE('',#3235);
#72=PLANE('',#3236);
#73=PLANE('',#3237);
#74=PLANE('',#3238);
#75=PLANE('',#3239);
#76=PLANE('',#3240);
#77=PLANE('',#3241);
#78=PLANE('',#3245);
#79=PLANE('',#3249);
#80=PLANE('',#3253);
#81=PLANE('',#3257);
#82=PLANE('',#3261);
#83=PLANE('',#3262);
#84=PLANE('',#3269);
#85=PLANE('',#3270);
#86=PLANE('',#3299);
#87=PLANE('',#3300);
#88=PLANE('',#3306);
#89=PLANE('',#3310);
#90=PLANE('',#3311);
#91=PLANE('',#3317);
#92=PLANE('',#3320);
#93=PLANE('',#3325);
#94=PLANE('',#3328);
#95=PLANE('',#3333);
#96=PLANE('',#3336);
#97=PLANE('',#3339);
#98=PLANE('',#3342);
#99=PLANE('',#3347);
#100=PLANE('',#3352);
#101=PLANE('',#3355);
#102=PLANE('',#3356);
#103=PLANE('',#3357);
#104=PLANE('',#3358);
#105=PLANE('',#3359);
#106=PLANE('',#3360);
#107=PLANE('',#3361);
#108=PLANE('',#3366);
#109=PLANE('',#3369);
#110=PLANE('',#3372);
#111=PLANE('',#3374);
#112=PLANE('',#3378);
#113=PLANE('',#3379);
#114=PLANE('',#3382);
#115=PLANE('',#3385);
#116=PLANE('',#3388);
#117=PLANE('',#3391);
#118=PLANE('',#3396);
#119=PLANE('',#3397);
#120=PLANE('',#3398);
#121=PLANE('',#3399);
#122=PLANE('',#3400);
#123=PLANE('',#3403);
#124=PLANE('',#3408);
#125=PLANE('',#3409);
#126=PLANE('',#3420);
#127=PLANE('',#3421);
#128=PLANE('',#3424);
#129=PLANE('',#3429);
#130=PLANE('',#3430);
#131=PLANE('',#3431);
#132=PLANE('',#3434);
#133=PLANE('',#3438);
#134=PLANE('',#3442);
#135=PLANE('',#3446);
#136=PLANE('',#3453);
#137=PLANE('',#3455);
#138=PLANE('',#3456);
#139=PLANE('',#3457);
#140=PLANE('',#3458);
#141=ELLIPSE('',#3138,2.82842712474619,2.);
#142=ELLIPSE('',#3139,2.82842712474619,2.);
#143=ELLIPSE('',#3141,2.82842712474619,2.);
#144=ELLIPSE('',#3143,2.82842712474619,2.);
#145=ELLIPSE('',#3145,1.4142135623731,1.);
#146=ELLIPSE('',#3148,1.4142135623731,1.);
#147=FACE_OUTER_BOUND('',#320,.T.);
#148=FACE_OUTER_BOUND('',#321,.T.);
#149=FACE_OUTER_BOUND('',#322,.T.);
#150=FACE_OUTER_BOUND('',#323,.T.);
#151=FACE_OUTER_BOUND('',#324,.T.);
#152=FACE_OUTER_BOUND('',#325,.T.);
#153=FACE_OUTER_BOUND('',#326,.T.);
#154=FACE_OUTER_BOUND('',#327,.T.);
#155=FACE_OUTER_BOUND('',#328,.T.);
#156=FACE_OUTER_BOUND('',#329,.T.);
#157=FACE_OUTER_BOUND('',#330,.T.);
#158=FACE_OUTER_BOUND('',#331,.T.);
#159=FACE_OUTER_BOUND('',#332,.T.);
#160=FACE_OUTER_BOUND('',#333,.T.);
#161=FACE_OUTER_BOUND('',#334,.T.);
#162=FACE_OUTER_BOUND('',#335,.T.);
#163=FACE_OUTER_BOUND('',#336,.T.);
#164=FACE_OUTER_BOUND('',#337,.T.);
#165=FACE_OUTER_BOUND('',#338,.T.);
#166=FACE_OUTER_BOUND('',#339,.T.);
#167=FACE_OUTER_BOUND('',#340,.T.);
#168=FACE_OUTER_BOUND('',#341,.T.);
#169=FACE_OUTER_BOUND('',#342,.T.);
#170=FACE_OUTER_BOUND('',#343,.T.);
#171=FACE_OUTER_BOUND('',#344,.T.);
#172=FACE_OUTER_BOUND('',#345,.T.);
#173=FACE_OUTER_BOUND('',#346,.T.);
#174=FACE_OUTER_BOUND('',#347,.T.);
#175=FACE_OUTER_BOUND('',#348,.T.);
#176=FACE_OUTER_BOUND('',#349,.T.);
#177=FACE_OUTER_BOUND('',#350,.T.);
#178=FACE_OUTER_BOUND('',#351,.T.);
#179=FACE_OUTER_BOUND('',#352,.T.);
#180=FACE_OUTER_BOUND('',#353,.T.);
#181=FACE_OUTER_BOUND('',#354,.T.);
#182=FACE_OUTER_BOUND('',#355,.T.);
#183=FACE_OUTER_BOUND('',#356,.T.);
#184=FACE_OUTER_BOUND('',#357,.T.);
#185=FACE_OUTER_BOUND('',#358,.T.);
#186=FACE_OUTER_BOUND('',#359,.T.);
#187=FACE_OUTER_BOUND('',#360,.T.);
#188=FACE_OUTER_BOUND('',#361,.T.);
#189=FACE_OUTER_BOUND('',#362,.T.);
#190=FACE_OUTER_BOUND('',#363,.T.);
#191=FACE_OUTER_BOUND('',#364,.T.);
#192=FACE_OUTER_BOUND('',#365,.T.);
#193=FACE_OUTER_BOUND('',#366,.T.);
#194=FACE_OUTER_BOUND('',#367,.T.);
#195=FACE_OUTER_BOUND('',#368,.T.);
#196=FACE_OUTER_BOUND('',#369,.T.);
#197=FACE_OUTER_BOUND('',#370,.T.);
#198=FACE_OUTER_BOUND('',#371,.T.);
#199=FACE_OUTER_BOUND('',#372,.T.);
#200=FACE_OUTER_BOUND('',#373,.T.);
#201=FACE_OUTER_BOUND('',#374,.T.);
#202=FACE_OUTER_BOUND('',#375,.T.);
#203=FACE_OUTER_BOUND('',#376,.T.);
#204=FACE_OUTER_BOUND('',#377,.T.);
#205=FACE_OUTER_BOUND('',#378,.T.);
#206=FACE_OUTER_BOUND('',#379,.T.);
#207=FACE_OUTER_BOUND('',#380,.T.);
#208=FACE_OUTER_BOUND('',#381,.T.);
#209=FACE_OUTER_BOUND('',#382,.T.);
#210=FACE_OUTER_BOUND('',#383,.T.);
#211=FACE_OUTER_BOUND('',#384,.T.);
#212=FACE_OUTER_BOUND('',#385,.T.);
#213=FACE_OUTER_BOUND('',#386,.T.);
#214=FACE_OUTER_BOUND('',#387,.T.);
#215=FACE_OUTER_BOUND('',#388,.T.);
#216=FACE_OUTER_BOUND('',#389,.T.);
#217=FACE_OUTER_BOUND('',#390,.T.);
#218=FACE_OUTER_BOUND('',#391,.T.);
#219=FACE_OUTER_BOUND('',#411,.T.);
#220=FACE_OUTER_BOUND('',#412,.T.);
#221=FACE_OUTER_BOUND('',#413,.T.);
#222=FACE_OUTER_BOUND('',#414,.T.);
#223=FACE_OUTER_BOUND('',#415,.T.);
#224=FACE_OUTER_BOUND('',#416,.T.);
#225=FACE_OUTER_BOUND('',#417,.T.);
#226=FACE_OUTER_BOUND('',#418,.T.);
#227=FACE_OUTER_BOUND('',#419,.T.);
#228=FACE_OUTER_BOUND('',#420,.T.);
#229=FACE_OUTER_BOUND('',#421,.T.);
#230=FACE_OUTER_BOUND('',#422,.T.);
#231=FACE_OUTER_BOUND('',#423,.T.);
#232=FACE_OUTER_BOUND('',#424,.T.);
#233=FACE_OUTER_BOUND('',#425,.T.);
#234=FACE_OUTER_BOUND('',#426,.T.);
#235=FACE_OUTER_BOUND('',#427,.T.);
#236=FACE_OUTER_BOUND('',#428,.T.);
#237=FACE_OUTER_BOUND('',#429,.T.);
#238=FACE_OUTER_BOUND('',#430,.T.);
#239=FACE_OUTER_BOUND('',#431,.T.);
#240=FACE_OUTER_BOUND('',#432,.T.);
#241=FACE_OUTER_BOUND('',#433,.T.);
#242=FACE_OUTER_BOUND('',#434,.T.);
#243=FACE_OUTER_BOUND('',#435,.T.);
#244=FACE_OUTER_BOUND('',#436,.T.);
#245=FACE_OUTER_BOUND('',#437,.T.);
#246=FACE_OUTER_BOUND('',#438,.T.);
#247=FACE_OUTER_BOUND('',#439,.T.);
#248=FACE_OUTER_BOUND('',#440,.T.);
#249=FACE_OUTER_BOUND('',#441,.T.);
#250=FACE_OUTER_BOUND('',#442,.T.);
#251=FACE_OUTER_BOUND('',#443,.T.);
#252=FACE_OUTER_BOUND('',#444,.T.);
#253=FACE_OUTER_BOUND('',#445,.T.);
#254=FACE_OUTER_BOUND('',#446,.T.);
#255=FACE_OUTER_BOUND('',#447,.T.);
#256=FACE_OUTER_BOUND('',#448,.T.);
#257=FACE_OUTER_BOUND('',#449,.T.);
#258=FACE_OUTER_BOUND('',#453,.T.);
#259=FACE_OUTER_BOUND('',#454,.T.);
#260=FACE_OUTER_BOUND('',#455,.T.);
#261=FACE_OUTER_BOUND('',#456,.T.);
#262=FACE_OUTER_BOUND('',#457,.T.);
#263=FACE_OUTER_BOUND('',#458,.T.);
#264=FACE_OUTER_BOUND('',#459,.T.);
#265=FACE_OUTER_BOUND('',#460,.T.);
#266=FACE_OUTER_BOUND('',#461,.T.);
#267=FACE_OUTER_BOUND('',#462,.T.);
#268=FACE_OUTER_BOUND('',#463,.T.);
#269=FACE_OUTER_BOUND('',#464,.T.);
#270=FACE_OUTER_BOUND('',#465,.T.);
#271=FACE_OUTER_BOUND('',#466,.T.);
#272=FACE_OUTER_BOUND('',#467,.T.);
#273=FACE_OUTER_BOUND('',#468,.T.);
#274=FACE_OUTER_BOUND('',#469,.T.);
#275=FACE_OUTER_BOUND('',#470,.T.);
#276=FACE_OUTER_BOUND('',#471,.T.);
#277=FACE_OUTER_BOUND('',#472,.T.);
#278=FACE_OUTER_BOUND('',#473,.T.);
#279=FACE_OUTER_BOUND('',#474,.T.);
#280=FACE_OUTER_BOUND('',#475,.T.);
#281=FACE_OUTER_BOUND('',#476,.T.);
#282=FACE_OUTER_BOUND('',#477,.T.);
#283=FACE_OUTER_BOUND('',#478,.T.);
#284=FACE_OUTER_BOUND('',#479,.T.);
#285=FACE_OUTER_BOUND('',#480,.T.);
#286=FACE_OUTER_BOUND('',#481,.T.);
#287=FACE_OUTER_BOUND('',#482,.T.);
#288=FACE_OUTER_BOUND('',#483,.T.);
#289=FACE_OUTER_BOUND('',#484,.T.);
#290=FACE_OUTER_BOUND('',#485,.T.);
#291=FACE_OUTER_BOUND('',#486,.T.);
#292=FACE_OUTER_BOUND('',#491,.T.);
#293=FACE_OUTER_BOUND('',#492,.T.);
#294=FACE_OUTER_BOUND('',#493,.T.);
#295=FACE_OUTER_BOUND('',#494,.T.);
#296=FACE_OUTER_BOUND('',#495,.T.);
#297=FACE_OUTER_BOUND('',#496,.T.);
#298=FACE_OUTER_BOUND('',#497,.T.);
#299=FACE_OUTER_BOUND('',#498,.T.);
#300=FACE_OUTER_BOUND('',#499,.T.);
#301=FACE_OUTER_BOUND('',#500,.T.);
#302=FACE_OUTER_BOUND('',#501,.T.);
#303=FACE_OUTER_BOUND('',#503,.T.);
#304=FACE_OUTER_BOUND('',#504,.T.);
#305=FACE_OUTER_BOUND('',#506,.T.);
#306=FACE_OUTER_BOUND('',#507,.T.);
#307=FACE_OUTER_BOUND('',#509,.T.);
#308=FACE_OUTER_BOUND('',#510,.T.);
#309=FACE_OUTER_BOUND('',#512,.T.);
#310=FACE_OUTER_BOUND('',#513,.T.);
#311=FACE_OUTER_BOUND('',#514,.T.);
#312=FACE_OUTER_BOUND('',#515,.T.);
#313=FACE_OUTER_BOUND('',#516,.T.);
#314=FACE_OUTER_BOUND('',#517,.T.);
#315=FACE_OUTER_BOUND('',#518,.T.);
#316=FACE_OUTER_BOUND('',#519,.T.);
#317=FACE_OUTER_BOUND('',#520,.T.);
#318=FACE_OUTER_BOUND('',#521,.T.);
#319=FACE_OUTER_BOUND('',#522,.T.);
#320=EDGE_LOOP('',(#1984,#1985,#1986,#1987,#1988,#1989));
#321=EDGE_LOOP('',(#1990,#1991,#1992,#1993,#1994));
#322=EDGE_LOOP('',(#1995,#1996,#1997,#1998,#1999,#2000));
#323=EDGE_LOOP('',(#2001,#2002,#2003,#2004,#2005));
#324=EDGE_LOOP('',(#2006,#2007,#2008,#2009));
#325=EDGE_LOOP('',(#2010,#2011,#2012,#2013));
#326=EDGE_LOOP('',(#2014,#2015,#2016,#2017));
#327=EDGE_LOOP('',(#2018,#2019,#2020,#2021,#2022,#2023));
#328=EDGE_LOOP('',(#2024,#2025,#2026,#2027));
#329=EDGE_LOOP('',(#2028,#2029,#2030,#2031));
#330=EDGE_LOOP('',(#2032,#2033,#2034,#2035));
#331=EDGE_LOOP('',(#2036,#2037,#2038,#2039));
#332=EDGE_LOOP('',(#2040,#2041,#2042,#2043));
#333=EDGE_LOOP('',(#2044,#2045,#2046,#2047));
#334=EDGE_LOOP('',(#2048,#2049,#2050,#2051));
#335=EDGE_LOOP('',(#2052,#2053,#2054,#2055));
#336=EDGE_LOOP('',(#2056,#2057,#2058,#2059));
#337=EDGE_LOOP('',(#2060,#2061,#2062,#2063));
#338=EDGE_LOOP('',(#2064,#2065,#2066,#2067));
#339=EDGE_LOOP('',(#2068,#2069,#2070,#2071));
#340=EDGE_LOOP('',(#2072,#2073,#2074,#2075));
#341=EDGE_LOOP('',(#2076,#2077,#2078,#2079));
#342=EDGE_LOOP('',(#2080,#2081,#2082,#2083));
#343=EDGE_LOOP('',(#2084,#2085,#2086,#2087));
#344=EDGE_LOOP('',(#2088,#2089,#2090,#2091));
#345=EDGE_LOOP('',(#2092,#2093,#2094,#2095));
#346=EDGE_LOOP('',(#2096,#2097,#2098,#2099));
#347=EDGE_LOOP('',(#2100,#2101,#2102,#2103));
#348=EDGE_LOOP('',(#2104,#2105,#2106,#2107));
#349=EDGE_LOOP('',(#2108,#2109,#2110,#2111));
#350=EDGE_LOOP('',(#2112,#2113,#2114,#2115));
#351=EDGE_LOOP('',(#2116,#2117,#2118,#2119));
#352=EDGE_LOOP('',(#2120,#2121,#2122,#2123));
#353=EDGE_LOOP('',(#2124,#2125,#2126,#2127));
#354=EDGE_LOOP('',(#2128,#2129,#2130,#2131));
#355=EDGE_LOOP('',(#2132,#2133,#2134,#2135));
#356=EDGE_LOOP('',(#2136,#2137,#2138,#2139));
#357=EDGE_LOOP('',(#2140,#2141,#2142,#2143));
#358=EDGE_LOOP('',(#2144,#2145,#2146,#2147));
#359=EDGE_LOOP('',(#2148,#2149,#2150,#2151));
#360=EDGE_LOOP('',(#2152,#2153,#2154,#2155));
#361=EDGE_LOOP('',(#2156,#2157,#2158,#2159));
#362=EDGE_LOOP('',(#2160,#2161,#2162,#2163));
#363=EDGE_LOOP('',(#2164,#2165,#2166,#2167));
#364=EDGE_LOOP('',(#2168,#2169,#2170,#2171));
#365=EDGE_LOOP('',(#2172,#2173,#2174,#2175));
#366=EDGE_LOOP('',(#2176,#2177,#2178,#2179));
#367=EDGE_LOOP('',(#2180,#2181,#2182,#2183));
#368=EDGE_LOOP('',(#2184,#2185,#2186,#2187));
#369=EDGE_LOOP('',(#2188,#2189,#2190,#2191));
#370=EDGE_LOOP('',(#2192,#2193,#2194,#2195));
#371=EDGE_LOOP('',(#2196,#2197,#2198,#2199));
#372=EDGE_LOOP('',(#2200,#2201,#2202,#2203));
#373=EDGE_LOOP('',(#2204,#2205,#2206,#2207));
#374=EDGE_LOOP('',(#2208,#2209,#2210,#2211));
#375=EDGE_LOOP('',(#2212,#2213,#2214,#2215));
#376=EDGE_LOOP('',(#2216,#2217,#2218,#2219));
#377=EDGE_LOOP('',(#2220,#2221,#2222,#2223));
#378=EDGE_LOOP('',(#2224,#2225,#2226,#2227));
#379=EDGE_LOOP('',(#2228,#2229,#2230,#2231));
#380=EDGE_LOOP('',(#2232,#2233,#2234,#2235));
#381=EDGE_LOOP('',(#2236,#2237,#2238,#2239));
#382=EDGE_LOOP('',(#2240,#2241,#2242,#2243));
#383=EDGE_LOOP('',(#2244,#2245,#2246,#2247));
#384=EDGE_LOOP('',(#2248,#2249,#2250,#2251));
#385=EDGE_LOOP('',(#2252,#2253,#2254,#2255));
#386=EDGE_LOOP('',(#2256,#2257,#2258,#2259));
#387=EDGE_LOOP('',(#2260,#2261,#2262,#2263));
#388=EDGE_LOOP('',(#2264,#2265,#2266,#2267,#2268,#2269,#2270,#2271));
#389=EDGE_LOOP('',(#2272,#2273,#2274,#2275));
#390=EDGE_LOOP('',(#2276,#2277,#2278,#2279));
#391=EDGE_LOOP('',(#2280,#2281,#2282,#2283,#2284,#2285));
#392=EDGE_LOOP('',(#2286,#2287,#2288,#2289,#2290,#2291,#2292,#2293,#2294,
#2295,#2296,#2297,#2298,#2299,#2300,#2301,#2302,#2303,#2304,#2305,#2306,
#2307,#2308,#2309));
#393=EDGE_LOOP('',(#2310));
#394=EDGE_LOOP('',(#2311));
#395=EDGE_LOOP('',(#2312));
#396=EDGE_LOOP('',(#2313));
#397=EDGE_LOOP('',(#2314,#2315,#2316,#2317));
#398=EDGE_LOOP('',(#2318,#2319,#2320,#2321));
#399=EDGE_LOOP('',(#2322,#2323,#2324,#2325,#2326,#2327,#2328,#2329));
#400=EDGE_LOOP('',(#2330,#2331,#2332,#2333,#2334,#2335,#2336,#2337));
#401=EDGE_LOOP('',(#2338,#2339,#2340,#2341));
#402=EDGE_LOOP('',(#2342,#2343,#2344,#2345));
#403=EDGE_LOOP('',(#2346,#2347,#2348,#2349));
#404=EDGE_LOOP('',(#2350,#2351,#2352,#2353));
#405=EDGE_LOOP('',(#2354,#2355,#2356,#2357));
#406=EDGE_LOOP('',(#2358,#2359,#2360,#2361));
#407=EDGE_LOOP('',(#2362,#2363,#2364,#2365));
#408=EDGE_LOOP('',(#2366,#2367,#2368,#2369));
#409=EDGE_LOOP('',(#2370,#2371,#2372,#2373));
#410=EDGE_LOOP('',(#2374,#2375,#2376,#2377));
#411=EDGE_LOOP('',(#2378,#2379,#2380,#2381));
#412=EDGE_LOOP('',(#2382,#2383,#2384,#2385));
#413=EDGE_LOOP('',(#2386,#2387,#2388,#2389,#2390,#2391,#2392,#2393));
#414=EDGE_LOOP('',(#2394,#2395,#2396,#2397));
#415=EDGE_LOOP('',(#2398,#2399,#2400,#2401));
#416=EDGE_LOOP('',(#2402,#2403,#2404,#2405));
#417=EDGE_LOOP('',(#2406,#2407,#2408,#2409));
#418=EDGE_LOOP('',(#2410,#2411,#2412,#2413,#2414,#2415,#2416,#2417));
#419=EDGE_LOOP('',(#2418,#2419,#2420,#2421));
#420=EDGE_LOOP('',(#2422,#2423,#2424,#2425));
#421=EDGE_LOOP('',(#2426,#2427,#2428,#2429));
#422=EDGE_LOOP('',(#2430,#2431,#2432,#2433));
#423=EDGE_LOOP('',(#2434,#2435,#2436,#2437));
#424=EDGE_LOOP('',(#2438,#2439,#2440,#2441));
#425=EDGE_LOOP('',(#2442,#2443,#2444,#2445));
#426=EDGE_LOOP('',(#2446,#2447,#2448,#2449));
#427=EDGE_LOOP('',(#2450,#2451,#2452,#2453));
#428=EDGE_LOOP('',(#2454,#2455,#2456,#2457));
#429=EDGE_LOOP('',(#2458,#2459,#2460,#2461));
#430=EDGE_LOOP('',(#2462,#2463,#2464,#2465));
#431=EDGE_LOOP('',(#2466,#2467,#2468,#2469));
#432=EDGE_LOOP('',(#2470,#2471,#2472,#2473));
#433=EDGE_LOOP('',(#2474,#2475,#2476,#2477));
#434=EDGE_LOOP('',(#2478,#2479,#2480,#2481));
#435=EDGE_LOOP('',(#2482,#2483,#2484,#2485));
#436=EDGE_LOOP('',(#2486,#2487,#2488,#2489));
#437=EDGE_LOOP('',(#2490,#2491,#2492,#2493));
#438=EDGE_LOOP('',(#2494,#2495,#2496,#2497));
#439=EDGE_LOOP('',(#2498,#2499,#2500,#2501));
#440=EDGE_LOOP('',(#2502,#2503,#2504,#2505));
#441=EDGE_LOOP('',(#2506,#2507,#2508,#2509));
#442=EDGE_LOOP('',(#2510,#2511,#2512,#2513));
#443=EDGE_LOOP('',(#2514,#2515,#2516,#2517));
#444=EDGE_LOOP('',(#2518,#2519,#2520,#2521));
#445=EDGE_LOOP('',(#2522,#2523,#2524,#2525));
#446=EDGE_LOOP('',(#2526,#2527,#2528,#2529));
#447=EDGE_LOOP('',(#2530,#2531,#2532,#2533));
#448=EDGE_LOOP('',(#2534,#2535,#2536,#2537));
#449=EDGE_LOOP('',(#2538,#2539,#2540,#2541,#2542,#2543,#2544,#2545,#2546,
#2547,#2548,#2549,#2550,#2551,#2552,#2553,#2554,#2555,#2556,#2557,#2558,
#2559,#2560,#2561));
#450=EDGE_LOOP('',(#2562,#2563,#2564,#2565,#2566,#2567,#2568,#2569));
#451=EDGE_LOOP('',(#2570,#2571,#2572,#2573,#2574,#2575,#2576,#2577));
#452=EDGE_LOOP('',(#2578,#2579,#2580,#2581,#2582,#2583,#2584,#2585));
#453=EDGE_LOOP('',(#2586,#2587,#2588,#2589));
#454=EDGE_LOOP('',(#2590,#2591,#2592,#2593));
#455=EDGE_LOOP('',(#2594,#2595,#2596,#2597));
#456=EDGE_LOOP('',(#2598,#2599,#2600,#2601));
#457=EDGE_LOOP('',(#2602,#2603,#2604,#2605));
#458=EDGE_LOOP('',(#2606,#2607,#2608,#2609,#2610,#2611,#2612,#2613));
#459=EDGE_LOOP('',(#2614,#2615,#2616,#2617));
#460=EDGE_LOOP('',(#2618,#2619,#2620,#2621));
#461=EDGE_LOOP('',(#2622,#2623,#2624,#2625));
#462=EDGE_LOOP('',(#2626,#2627,#2628,#2629));
#463=EDGE_LOOP('',(#2630,#2631,#2632,#2633));
#464=EDGE_LOOP('',(#2634,#2635,#2636,#2637));
#465=EDGE_LOOP('',(#2638,#2639,#2640,#2641));
#466=EDGE_LOOP('',(#2642,#2643,#2644,#2645));
#467=EDGE_LOOP('',(#2646,#2647,#2648,#2649));
#468=EDGE_LOOP('',(#2650,#2651,#2652,#2653));
#469=EDGE_LOOP('',(#2654,#2655,#2656,#2657,#2658,#2659,#2660,#2661));
#470=EDGE_LOOP('',(#2662,#2663,#2664,#2665));
#471=EDGE_LOOP('',(#2666,#2667,#2668,#2669));
#472=EDGE_LOOP('',(#2670,#2671,#2672,#2673));
#473=EDGE_LOOP('',(#2674,#2675,#2676,#2677));
#474=EDGE_LOOP('',(#2678,#2679,#2680,#2681));
#475=EDGE_LOOP('',(#2682,#2683,#2684,#2685));
#476=EDGE_LOOP('',(#2686,#2687,#2688,#2689));
#477=EDGE_LOOP('',(#2690,#2691,#2692,#2693));
#478=EDGE_LOOP('',(#2694,#2695,#2696,#2697));
#479=EDGE_LOOP('',(#2698,#2699,#2700,#2701));
#480=EDGE_LOOP('',(#2702,#2703,#2704,#2705));
#481=EDGE_LOOP('',(#2706,#2707,#2708,#2709,#2710));
#482=EDGE_LOOP('',(#2711,#2712,#2713,#2714));
#483=EDGE_LOOP('',(#2715,#2716,#2717,#2718,#2719));
#484=EDGE_LOOP('',(#2720,#2721,#2722,#2723));
#485=EDGE_LOOP('',(#2724,#2725,#2726,#2727));
#486=EDGE_LOOP('',(#2728,#2729,#2730,#2731,#2732,#2733,#2734,#2735,#2736,
#2737,#2738,#2739,#2740,#2741,#2742,#2743,#2744,#2745,#2746,#2747,#2748,
#2749));
#487=EDGE_LOOP('',(#2750));
#488=EDGE_LOOP('',(#2751));
#489=EDGE_LOOP('',(#2752));
#490=EDGE_LOOP('',(#2753));
#491=EDGE_LOOP('',(#2754,#2755,#2756,#2757));
#492=EDGE_LOOP('',(#2758,#2759,#2760,#2761,#2762));
#493=EDGE_LOOP('',(#2763,#2764,#2765,#2766));
#494=EDGE_LOOP('',(#2767,#2768,#2769,#2770));
#495=EDGE_LOOP('',(#2771,#2772,#2773,#2774,#2775,#2776,#2777,#2778,#2779,
#2780,#2781,#2782,#2783,#2784));
#496=EDGE_LOOP('',(#2785,#2786,#2787,#2788));
#497=EDGE_LOOP('',(#2789,#2790,#2791,#2792));
#498=EDGE_LOOP('',(#2793,#2794,#2795,#2796,#2797));
#499=EDGE_LOOP('',(#2798,#2799,#2800,#2801));
#500=EDGE_LOOP('',(#2802,#2803,#2804,#2805));
#501=EDGE_LOOP('',(#2806));
#502=EDGE_LOOP('',(#2807));
#503=EDGE_LOOP('',(#2808,#2809,#2810,#2811));
#504=EDGE_LOOP('',(#2812));
#505=EDGE_LOOP('',(#2813));
#506=EDGE_LOOP('',(#2814,#2815,#2816,#2817));
#507=EDGE_LOOP('',(#2818));
#508=EDGE_LOOP('',(#2819));
#509=EDGE_LOOP('',(#2820,#2821,#2822,#2823));
#510=EDGE_LOOP('',(#2824));
#511=EDGE_LOOP('',(#2825));
#512=EDGE_LOOP('',(#2826,#2827,#2828,#2829));
#513=EDGE_LOOP('',(#2830,#2831,#2832,#2833));
#514=EDGE_LOOP('',(#2834,#2835,#2836,#2837));
#515=EDGE_LOOP('',(#2838,#2839,#2840,#2841));
#516=EDGE_LOOP('',(#2842,#2843,#2844,#2845));
#517=EDGE_LOOP('',(#2846,#2847,#2848,#2849));
#518=EDGE_LOOP('',(#2850,#2851,#2852,#2853));
#519=EDGE_LOOP('',(#2854,#2855,#2856,#2857));
#520=EDGE_LOOP('',(#2858,#2859,#2860,#2861));
#521=EDGE_LOOP('',(#2862,#2863,#2864,#2865));
#522=EDGE_LOOP('',(#2866,#2867,#2868,#2869));
#523=B_SPLINE_CURVE_WITH_KNOTS('',3,(#4408,#4409,#4410,#4411,#4412,#4413,
#4414,#4415),.UNSPECIFIED.,.F.,.F.,(4,2,2,4),(-0.448684842333084,-0.422680383929281,
-0.384699124726144,-0.384421718116952),.UNSPECIFIED.);
#524=B_SPLINE_CURVE_WITH_KNOTS('',3,(#4418,#4419,#4420,#4421,#4422,#4423),
 .UNSPECIFIED.,.F.,.F.,(4,2,4),(0.07648196467346,0.114603204028699,0.14074599089045),
 .UNSPECIFIED.);
#525=B_SPLINE_CURVE_WITH_KNOTS('',3,(#4452,#4453,#4454,#4455,#4456,#4457,
#4458,#4459,#4460,#4461),.UNSPECIFIED.,.F.,.F.,(4,2,2,2,4),(0.534445444412074,
0.579786117550395,0.625126790688715,0.691655605499094,0.758184420309472),
 .UNSPECIFIED.);
#526=B_SPLINE_CURVE_WITH_KNOTS('',3,(#4477,#4478,#4479,#4480,#4481,#4482,
#4483,#4484,#4485,#4486),.UNSPECIFIED.,.F.,.F.,(4,2,2,2,4),(0.,0.0665288148103787,
0.133057629620757,0.178398302759078,0.2237389758974),.UNSPECIFIED.);
#527=LINE('',#4404,#814);
#528=LINE('',#4417,#815);
#529=LINE('',#4428,#816);
#530=LINE('',#4431,#817);
#531=LINE('',#4436,#818);
#532=LINE('',#4438,#819);
#533=LINE('',#4439,#820);
#534=LINE('',#4442,#821);
#535=LINE('',#4445,#822);
#536=LINE('',#4450,#823);
#537=LINE('',#4462,#824);
#538=LINE('',#4465,#825);
#539=LINE('',#4467,#826);
#540=LINE('',#4469,#827);
#541=LINE('',#4470,#828);
#542=LINE('',#4475,#829);
#543=LINE('',#4487,#830);
#544=LINE('',#4492,#831);
#545=LINE('',#4497,#832);
#546=LINE('',#4499,#833);
#547=LINE('',#4501,#834);
#548=LINE('',#4502,#835);
#549=LINE('',#4508,#836);
#550=LINE('',#4511,#837);
#551=LINE('',#4517,#838);
#552=LINE('',#4520,#839);
#553=LINE('',#4525,#840);
#554=LINE('',#4532,#841);
#555=LINE('',#4535,#842);
#556=LINE('',#4538,#843);
#557=LINE('',#4541,#844);
#558=LINE('',#4544,#845);
#559=LINE('',#4545,#846);
#560=LINE('',#4551,#847);
#561=LINE('',#4554,#848);
#562=LINE('',#4557,#849);
#563=LINE('',#4560,#850);
#564=LINE('',#4563,#851);
#565=LINE('',#4564,#852);
#566=LINE('',#4570,#853);
#567=LINE('',#4573,#854);
#568=LINE('',#4576,#855);
#569=LINE('',#4578,#856);
#570=LINE('',#4579,#857);
#571=LINE('',#4585,#858);
#572=LINE('',#4588,#859);
#573=LINE('',#4591,#860);
#574=LINE('',#4594,#861);
#575=LINE('',#4597,#862);
#576=LINE('',#4598,#863);
#577=LINE('',#4604,#864);
#578=LINE('',#4607,#865);
#579=LINE('',#4610,#866);
#580=LINE('',#4612,#867);
#581=LINE('',#4613,#868);
#582=LINE('',#4619,#869);
#583=LINE('',#4622,#870);
#584=LINE('',#4625,#871);
#585=LINE('',#4627,#872);
#586=LINE('',#4628,#873);
#587=LINE('',#4631,#874);
#588=LINE('',#4634,#875);
#589=LINE('',#4637,#876);
#590=LINE('',#4640,#877);
#591=LINE('',#4646,#878);
#592=LINE('',#4649,#879);
#593=LINE('',#4652,#880);
#594=LINE('',#4654,#881);
#595=LINE('',#4655,#882);
#596=LINE('',#4658,#883);
#597=LINE('',#4660,#884);
#598=LINE('',#4661,#885);
#599=LINE('',#4664,#886);
#600=LINE('',#4666,#887);
#601=LINE('',#4667,#888);
#602=LINE('',#4670,#889);
#603=LINE('',#4672,#890);
#604=LINE('',#4673,#891);
#605=LINE('',#4676,#892);
#606=LINE('',#4677,#893);
#607=LINE('',#4680,#894);
#608=LINE('',#4681,#895);
#609=LINE('',#4684,#896);
#610=LINE('',#4685,#897);
#611=LINE('',#4688,#898);
#612=LINE('',#4690,#899);
#613=LINE('',#4691,#900);
#614=LINE('',#4694,#901);
#615=LINE('',#4695,#902);
#616=LINE('',#4698,#903);
#617=LINE('',#4699,#904);
#618=LINE('',#4702,#905);
#619=LINE('',#4704,#906);
#620=LINE('',#4705,#907);
#621=LINE('',#4708,#908);
#622=LINE('',#4712,#909);
#623=LINE('',#4736,#910);
#624=LINE('',#4740,#911);
#625=LINE('',#4749,#912);
#626=LINE('',#4752,#913);
#627=LINE('',#4755,#914);
#628=LINE('',#4757,#915);
#629=LINE('',#4758,#916);
#630=LINE('',#4764,#917);
#631=LINE('',#4767,#918);
#632=LINE('',#4770,#919);
#633=LINE('',#4772,#920);
#634=LINE('',#4773,#921);
#635=LINE('',#4779,#922);
#636=LINE('',#4782,#923);
#637=LINE('',#4784,#924);
#638=LINE('',#4785,#925);
#639=LINE('',#4791,#926);
#640=LINE('',#4794,#927);
#641=LINE('',#4796,#928);
#642=LINE('',#4797,#929);
#643=LINE('',#4803,#930);
#644=LINE('',#4806,#931);
#645=LINE('',#4809,#932);
#646=LINE('',#4811,#933);
#647=LINE('',#4812,#934);
#648=LINE('',#4815,#935);
#649=LINE('',#4819,#936);
#650=LINE('',#4823,#937);
#651=LINE('',#4829,#938);
#652=LINE('',#4833,#939);
#653=LINE('',#4835,#940);
#654=LINE('',#4836,#941);
#655=LINE('',#4839,#942);
#656=LINE('',#4843,#943);
#657=LINE('',#4846,#944);
#658=LINE('',#4848,#945);
#659=LINE('',#4852,#946);
#660=LINE('',#4856,#947);
#661=LINE('',#4860,#948);
#662=LINE('',#4863,#949);
#663=LINE('',#4867,#950);
#664=LINE('',#4871,#951);
#665=LINE('',#4883,#952);
#666=LINE('',#4887,#953);
#667=LINE('',#4891,#954);
#668=LINE('',#4895,#955);
#669=LINE('',#4899,#956);
#670=LINE('',#4903,#957);
#671=LINE('',#4907,#958);
#672=LINE('',#4911,#959);
#673=LINE('',#4915,#960);
#674=LINE('',#4919,#961);
#675=LINE('',#4923,#962);
#676=LINE('',#4927,#963);
#677=LINE('',#4934,#964);
#678=LINE('',#4937,#965);
#679=LINE('',#4940,#966);
#680=LINE('',#4942,#967);
#681=LINE('',#4943,#968);
#682=LINE('',#4946,#969);
#683=LINE('',#4950,#970);
#684=LINE('',#4954,#971);
#685=LINE('',#4959,#972);
#686=LINE('',#4962,#973);
#687=LINE('',#4963,#974);
#688=LINE('',#4969,#975);
#689=LINE('',#4972,#976);
#690=LINE('',#4975,#977);
#691=LINE('',#4977,#978);
#692=LINE('',#4978,#979);
#693=LINE('',#4981,#980);
#694=LINE('',#4985,#981);
#695=LINE('',#4989,#982);
#696=LINE('',#4993,#983);
#697=LINE('',#4997,#984);
#698=LINE('',#4998,#985);
#699=LINE('',#5001,#986);
#700=LINE('',#5005,#987);
#701=LINE('',#5006,#988);
#702=LINE('',#5009,#989);
#703=LINE('',#5015,#990);
#704=LINE('',#5016,#991);
#705=LINE('',#5018,#992);
#706=LINE('',#5021,#993);
#707=LINE('',#5024,#994);
#708=LINE('',#5027,#995);
#709=LINE('',#5028,#996);
#710=LINE('',#5033,#997);
#711=LINE('',#5037,#998);
#712=LINE('',#5038,#999);
#713=LINE('',#5041,#1000);
#714=LINE('',#5045,#1001);
#715=LINE('',#5046,#1002);
#716=LINE('',#5049,#1003);
#717=LINE('',#5053,#1004);
#718=LINE('',#5054,#1005);
#719=LINE('',#5057,#1006);
#720=LINE('',#5061,#1007);
#721=LINE('',#5062,#1008);
#722=LINE('',#5065,#1009);
#723=LINE('',#5071,#1010);
#724=LINE('',#5072,#1011);
#725=LINE('',#5074,#1012);
#726=LINE('',#5077,#1013);
#727=LINE('',#5081,#1014);
#728=LINE('',#5084,#1015);
#729=LINE('',#5087,#1016);
#730=LINE('',#5088,#1017);
#731=LINE('',#5092,#1018);
#732=LINE('',#5094,#1019);
#733=LINE('',#5096,#1020);
#734=LINE('',#5098,#1021);
#735=LINE('',#5100,#1022);
#736=LINE('',#5104,#1023);
#737=LINE('',#5106,#1024);
#738=LINE('',#5107,#1025);
#739=LINE('',#5111,#1026);
#740=LINE('',#5116,#1027);
#741=LINE('',#5117,#1028);
#742=LINE('',#5120,#1029);
#743=LINE('',#5121,#1030);
#744=LINE('',#5126,#1031);
#745=LINE('',#5127,#1032);
#746=LINE('',#5129,#1033);
#747=LINE('',#5131,#1034);
#748=LINE('',#5135,#1035);
#749=LINE('',#5138,#1036);
#750=LINE('',#5140,#1037);
#751=LINE('',#5142,#1038);
#752=LINE('',#5147,#1039);
#753=LINE('',#5149,#1040);
#754=LINE('',#5152,#1041);
#755=LINE('',#5154,#1042);
#756=LINE('',#5155,#1043);
#757=LINE('',#5160,#1044);
#758=LINE('',#5161,#1045);
#759=LINE('',#5164,#1046);
#760=LINE('',#5165,#1047);
#761=LINE('',#5170,#1048);
#762=LINE('',#5171,#1049);
#763=LINE('',#5173,#1050);
#764=LINE('',#5175,#1051);
#765=LINE('',#5179,#1052);
#766=LINE('',#5182,#1053);
#767=LINE('',#5186,#1054);
#768=LINE('',#5189,#1055);
#769=LINE('',#5190,#1056);
#770=LINE('',#5194,#1057);
#771=LINE('',#5196,#1058);
#772=LINE('',#5206,#1059);
#773=LINE('',#5207,#1060);
#774=LINE('',#5210,#1061);
#775=LINE('',#5211,#1062);
#776=LINE('',#5218,#1063);
#777=LINE('',#5219,#1064);
#778=LINE('',#5222,#1065);
#779=LINE('',#5223,#1066);
#780=LINE('',#5225,#1067);
#781=LINE('',#5226,#1068);
#782=LINE('',#5230,#1069);
#783=LINE('',#5232,#1070);
#784=LINE('',#5236,#1071);
#785=LINE('',#5240,#1072);
#786=LINE('',#5242,#1073);
#787=LINE('',#5245,#1074);
#788=LINE('',#5246,#1075);
#789=LINE('',#5248,#1076);
#790=LINE('',#5259,#1077);
#791=LINE('',#5265,#1078);
#792=LINE('',#5268,#1079);
#793=LINE('',#5272,#1080);
#794=LINE('',#5274,#1081);
#795=LINE('',#5278,#1082);
#796=LINE('',#5282,#1083);
#797=LINE('',#5283,#1084);
#798=LINE('',#5285,#1085);
#799=LINE('',#5286,#1086);
#800=LINE('',#5288,#1087);
#801=LINE('',#5293,#1088);
#802=LINE('',#5300,#1089);
#803=LINE('',#5307,#1090);
#804=LINE('',#5314,#1091);
#805=LINE('',#5320,#1092);
#806=LINE('',#5322,#1093);
#807=LINE('',#5324,#1094);
#808=LINE('',#5326,#1095);
#809=LINE('',#5328,#1096);
#810=LINE('',#5329,#1097);
#811=LINE('',#5331,#1098);
#812=LINE('',#5333,#1099);
#813=LINE('',#5335,#1100);
#814=VECTOR('',#3465,10.);
#815=VECTOR('',#3468,10.);
#816=VECTOR('',#3473,10.);
#817=VECTOR('',#3476,10.);
#818=VECTOR('',#3481,10.);
#819=VECTOR('',#3482,10.);
#820=VECTOR('',#3483,10.);
#821=VECTOR('',#3486,10.);
#822=VECTOR('',#3489,10.);
#823=VECTOR('',#3494,10.);
#824=VECTOR('',#3495,10.);
#825=VECTOR('',#3498,10.);
#826=VECTOR('',#3499,10.);
#827=VECTOR('',#3500,10.);
#828=VECTOR('',#3501,10.);
#829=VECTOR('',#3506,10.);
#830=VECTOR('',#3507,10.);
#831=VECTOR('',#3512,10.);
#832=VECTOR('',#3517,10.);
#833=VECTOR('',#3518,10.);
#834=VECTOR('',#3519,10.);
#835=VECTOR('',#3520,10.);
#836=VECTOR('',#3525,10.);
#837=VECTOR('',#3528,10.);
#838=VECTOR('',#3533,10.);
#839=VECTOR('',#3536,10.);
#840=VECTOR('',#3541,10.);
#841=VECTOR('',#3548,10.);
#842=VECTOR('',#3551,10.);
#843=VECTOR('',#3554,10.);
#844=VECTOR('',#3557,10.);
#845=VECTOR('',#3560,10.);
#846=VECTOR('',#3561,10.);
#847=VECTOR('',#3566,10.);
#848=VECTOR('',#3569,10.);
#849=VECTOR('',#3572,10.);
#850=VECTOR('',#3575,10.);
#851=VECTOR('',#3578,10.);
#852=VECTOR('',#3579,10.);
#853=VECTOR('',#3584,10.);
#854=VECTOR('',#3587,10.);
#855=VECTOR('',#3590,10.);
#856=VECTOR('',#3591,10.);
#857=VECTOR('',#3592,10.);
#858=VECTOR('',#3597,10.);
#859=VECTOR('',#3600,10.);
#860=VECTOR('',#3603,10.);
#861=VECTOR('',#3606,10.);
#862=VECTOR('',#3609,10.);
#863=VECTOR('',#3610,10.);
#864=VECTOR('',#3615,10.);
#865=VECTOR('',#3618,10.);
#866=VECTOR('',#3621,10.);
#867=VECTOR('',#3622,10.);
#868=VECTOR('',#3623,10.);
#869=VECTOR('',#3628,10.);
#870=VECTOR('',#3631,10.);
#871=VECTOR('',#3634,10.);
#872=VECTOR('',#3635,10.);
#873=VECTOR('',#3636,10.);
#874=VECTOR('',#3639,10.);
#875=VECTOR('',#3642,10.);
#876=VECTOR('',#3645,10.);
#877=VECTOR('',#3648,10.);
#878=VECTOR('',#3653,10.);
#879=VECTOR('',#3656,10.);
#880=VECTOR('',#3659,10.);
#881=VECTOR('',#3660,10.);
#882=VECTOR('',#3661,10.);
#883=VECTOR('',#3664,10.);
#884=VECTOR('',#3665,10.);
#885=VECTOR('',#3666,10.);
#886=VECTOR('',#3669,10.);
#887=VECTOR('',#3670,10.);
#888=VECTOR('',#3671,10.);
#889=VECTOR('',#3674,10.);
#890=VECTOR('',#3675,10.);
#891=VECTOR('',#3676,10.);
#892=VECTOR('',#3679,10.);
#893=VECTOR('',#3680,10.);
#894=VECTOR('',#3683,10.);
#895=VECTOR('',#3684,10.);
#896=VECTOR('',#3687,10.);
#897=VECTOR('',#3688,10.);
#898=VECTOR('',#3691,10.);
#899=VECTOR('',#3692,10.);
#900=VECTOR('',#3693,10.);
#901=VECTOR('',#3696,10.);
#902=VECTOR('',#3697,10.);
#903=VECTOR('',#3700,10.);
#904=VECTOR('',#3701,10.);
#905=VECTOR('',#3704,10.);
#906=VECTOR('',#3705,10.);
#907=VECTOR('',#3706,10.);
#908=VECTOR('',#3709,10.);
#909=VECTOR('',#3714,10.);
#910=VECTOR('',#3761,10.);
#911=VECTOR('',#3768,10.);
#912=VECTOR('',#3779,10.);
#913=VECTOR('',#3782,10.);
#914=VECTOR('',#3785,10.);
#915=VECTOR('',#3786,10.);
#916=VECTOR('',#3787,10.);
#917=VECTOR('',#3792,10.);
#918=VECTOR('',#3795,10.);
#919=VECTOR('',#3798,10.);
#920=VECTOR('',#3799,10.);
#921=VECTOR('',#3800,10.);
#922=VECTOR('',#3807,10.);
#923=VECTOR('',#3810,10.);
#924=VECTOR('',#3811,10.);
#925=VECTOR('',#3812,10.);
#926=VECTOR('',#3819,10.);
#927=VECTOR('',#3822,10.);
#928=VECTOR('',#3823,10.);
#929=VECTOR('',#3824,10.);
#930=VECTOR('',#3829,10.);
#931=VECTOR('',#3832,10.);
#932=VECTOR('',#3835,10.);
#933=VECTOR('',#3836,10.);
#934=VECTOR('',#3837,10.);
#935=VECTOR('',#3840,10.);
#936=VECTOR('',#3843,10.);
#937=VECTOR('',#3846,10.);
#938=VECTOR('',#3853,10.);
#939=VECTOR('',#3858,10.);
#940=VECTOR('',#3859,10.);
#941=VECTOR('',#3860,10.);
#942=VECTOR('',#3863,10.);
#943=VECTOR('',#3866,10.);
#944=VECTOR('',#3869,10.);
#945=VECTOR('',#3870,10.);
#946=VECTOR('',#3873,10.);
#947=VECTOR('',#3876,10.);
#948=VECTOR('',#3879,10.);
#949=VECTOR('',#3882,10.);
#950=VECTOR('',#3885,10.);
#951=VECTOR('',#3888,10.);
#952=VECTOR('',#3899,10.);
#953=VECTOR('',#3902,10.);
#954=VECTOR('',#3905,10.);
#955=VECTOR('',#3908,10.);
#956=VECTOR('',#3911,10.);
#957=VECTOR('',#3914,10.);
#958=VECTOR('',#3917,10.);
#959=VECTOR('',#3920,10.);
#960=VECTOR('',#3923,10.);
#961=VECTOR('',#3926,10.);
#962=VECTOR('',#3929,10.);
#963=VECTOR('',#3932,10.);
#964=VECTOR('',#3939,10.);
#965=VECTOR('',#3942,10.);
#966=VECTOR('',#3945,10.);
#967=VECTOR('',#3946,10.);
#968=VECTOR('',#3947,10.);
#969=VECTOR('',#3950,10.);
#970=VECTOR('',#3953,10.);
#971=VECTOR('',#3956,10.);
#972=VECTOR('',#3963,10.);
#973=VECTOR('',#3966,10.);
#974=VECTOR('',#3967,10.);
#975=VECTOR('',#3972,10.);
#976=VECTOR('',#3975,10.);
#977=VECTOR('',#3978,10.);
#978=VECTOR('',#3979,10.);
#979=VECTOR('',#3980,10.);
#980=VECTOR('',#3983,10.);
#981=VECTOR('',#3986,10.);
#982=VECTOR('',#3989,10.);
#983=VECTOR('',#3994,10.);
#984=VECTOR('',#3999,10.);
#985=VECTOR('',#4000,10.);
#986=VECTOR('',#4003,10.);
#987=VECTOR('',#4008,10.);
#988=VECTOR('',#4009,10.);
#989=VECTOR('',#4012,10.);
#990=VECTOR('',#4019,10.);
#991=VECTOR('',#4020,10.);
#992=VECTOR('',#4023,10.);
#993=VECTOR('',#4026,10.);
#994=VECTOR('',#4029,10.);
#995=VECTOR('',#4032,10.);
#996=VECTOR('',#4033,10.);
#997=VECTOR('',#4040,10.);
#998=VECTOR('',#4045,10.);
#999=VECTOR('',#4046,10.);
#1000=VECTOR('',#4049,10.);
#1001=VECTOR('',#4054,10.);
#1002=VECTOR('',#4055,10.);
#1003=VECTOR('',#4058,10.);
#1004=VECTOR('',#4063,10.);
#1005=VECTOR('',#4064,10.);
#1006=VECTOR('',#4067,10.);
#1007=VECTOR('',#4072,10.);
#1008=VECTOR('',#4073,10.);
#1009=VECTOR('',#4076,10.);
#1010=VECTOR('',#4083,10.);
#1011=VECTOR('',#4084,10.);
#1012=VECTOR('',#4087,10.);
#1013=VECTOR('',#4090,10.);
#1014=VECTOR('',#4095,10.);
#1015=VECTOR('',#4098,10.);
#1016=VECTOR('',#4101,10.);
#1017=VECTOR('',#4102,10.);
#1018=VECTOR('',#4109,10.);
#1019=VECTOR('',#4112,10.);
#1020=VECTOR('',#4115,10.);
#1021=VECTOR('',#4118,10.);
#1022=VECTOR('',#4121,10.);
#1023=VECTOR('',#4126,10.);
#1024=VECTOR('',#4127,10.);
#1025=VECTOR('',#4128,10.);
#1026=VECTOR('',#4133,10.);
#1027=VECTOR('',#4138,10.);
#1028=VECTOR('',#4139,10.);
#1029=VECTOR('',#4142,10.);
#1030=VECTOR('',#4143,10.);
#1031=VECTOR('',#4148,10.);
#1032=VECTOR('',#4149,10.);
#1033=VECTOR('',#4152,10.);
#1034=VECTOR('',#4153,10.);
#1035=VECTOR('',#4156,10.);
#1036=VECTOR('',#4161,10.);
#1037=VECTOR('',#4164,10.);
#1038=VECTOR('',#4167,10.);
#1039=VECTOR('',#4174,10.);
#1040=VECTOR('',#4177,10.);
#1041=VECTOR('',#4180,10.);
#1042=VECTOR('',#4181,10.);
#1043=VECTOR('',#4182,10.);
#1044=VECTOR('',#4187,10.);
#1045=VECTOR('',#4188,10.);
#1046=VECTOR('',#4191,10.);
#1047=VECTOR('',#4192,10.);
#1048=VECTOR('',#4197,10.);
#1049=VECTOR('',#4198,10.);
#1050=VECTOR('',#4201,10.);
#1051=VECTOR('',#4202,10.);
#1052=VECTOR('',#4205,10.);
#1053=VECTOR('',#4210,10.);
#1054=VECTOR('',#4215,10.);
#1055=VECTOR('',#4218,10.);
#1056=VECTOR('',#4219,10.);
#1057=VECTOR('',#4226,10.);
#1058=VECTOR('',#4229,10.);
#1059=VECTOR('',#4244,10.);
#1060=VECTOR('',#4245,10.);
#1061=VECTOR('',#4248,10.);
#1062=VECTOR('',#4249,10.);
#1063=VECTOR('',#4258,10.);
#1064=VECTOR('',#4259,10.);
#1065=VECTOR('',#4262,10.);
#1066=VECTOR('',#4263,10.);
#1067=VECTOR('',#4266,10.);
#1068=VECTOR('',#4267,10.);
#1069=VECTOR('',#4270,10.);
#1070=VECTOR('',#4271,10.);
#1071=VECTOR('',#4274,10.);
#1072=VECTOR('',#4277,10.);
#1073=VECTOR('',#4278,10.);
#1074=VECTOR('',#4281,10.);
#1075=VECTOR('',#4282,10.);
#1076=VECTOR('',#4283,10.);
#1077=VECTOR('',#4296,10.);
#1078=VECTOR('',#4305,10.);
#1079=VECTOR('',#4308,10.);
#1080=VECTOR('',#4311,10.);
#1081=VECTOR('',#4312,10.);
#1082=VECTOR('',#4315,10.);
#1083=VECTOR('',#4318,10.);
#1084=VECTOR('',#4319,10.);
#1085=VECTOR('',#4322,10.);
#1086=VECTOR('',#4323,10.);
#1087=VECTOR('',#4326,10.);
#1088=VECTOR('',#4333,3.1);
#1089=VECTOR('',#4342,3.1);
#1090=VECTOR('',#4351,3.09999999999999);
#1091=VECTOR('',#4360,3.09999999999999);
#1092=VECTOR('',#4369,1.6);
#1093=VECTOR('',#4372,1.6);
#1094=VECTOR('',#4375,1.6);
#1095=VECTOR('',#4378,1.6);
#1096=VECTOR('',#4381,10.);
#1097=VECTOR('',#4382,10.);
#1098=VECTOR('',#4385,10.);
#1099=VECTOR('',#4388,10.);
#1100=VECTOR('',#4391,10.);
#1101=CIRCLE('',#3135,1.);
#1102=CIRCLE('',#3136,1.);
#1103=CIRCLE('',#3150,2.);
#1104=CIRCLE('',#3151,2.);
#1105=CIRCLE('',#3154,0.5);
#1106=CIRCLE('',#3155,0.5);
#1107=CIRCLE('',#3157,0.5);
#1108=CIRCLE('',#3158,0.5);
#1109=CIRCLE('',#3160,0.5);
#1110=CIRCLE('',#3161,0.5);
#1111=CIRCLE('',#3163,0.5);
#1112=CIRCLE('',#3164,0.5);
#1113=CIRCLE('',#3166,0.5);
#1114=CIRCLE('',#3169,0.5);
#1115=CIRCLE('',#3170,0.5);
#1116=CIRCLE('',#3172,0.5);
#1117=CIRCLE('',#3175,0.5);
#1118=CIRCLE('',#3176,0.5);
#1119=CIRCLE('',#3179,0.5);
#1120=CIRCLE('',#3180,0.5);
#1121=CIRCLE('',#3182,0.5);
#1122=CIRCLE('',#3185,0.5);
#1123=CIRCLE('',#3186,0.5);
#1124=CIRCLE('',#3189,0.5);
#1125=CIRCLE('',#3190,0.5);
#1126=CIRCLE('',#3193,0.5);
#1127=CIRCLE('',#3195,0.5);
#1128=CIRCLE('',#3197,0.5);
#1129=CIRCLE('',#3198,0.5);
#1130=CIRCLE('',#3211,0.5);
#1131=CIRCLE('',#3213,0.5);
#1132=CIRCLE('',#3215,0.5);
#1133=CIRCLE('',#3216,0.5);
#1134=CIRCLE('',#3218,0.5);
#1135=CIRCLE('',#3219,0.5);
#1136=CIRCLE('',#3221,0.5);
#1137=CIRCLE('',#3222,0.5);
#1138=CIRCLE('',#3224,0.5);
#1139=CIRCLE('',#3226,0.5);
#1140=CIRCLE('',#3227,0.5);
#1141=CIRCLE('',#3229,0.5);
#1142=CIRCLE('',#3231,0.5);
#1143=CIRCLE('',#3233,0.5);
#1144=CIRCLE('',#3234,0.5);
#1145=CIRCLE('',#3243,1.);
#1146=CIRCLE('',#3244,1.);
#1147=CIRCLE('',#3247,1.);
#1148=CIRCLE('',#3248,1.);
#1149=CIRCLE('',#3251,1.);
#1150=CIRCLE('',#3252,1.);
#1151=CIRCLE('',#3255,1.);
#1152=CIRCLE('',#3256,1.);
#1153=CIRCLE('',#3259,1.);
#1154=CIRCLE('',#3260,1.);
#1155=CIRCLE('',#3263,1.);
#1156=CIRCLE('',#3264,1.);
#1157=CIRCLE('',#3265,1.);
#1158=CIRCLE('',#3267,1.);
#1159=CIRCLE('',#3268,1.);
#1160=CIRCLE('',#3271,2.);
#1161=CIRCLE('',#3272,2.);
#1162=CIRCLE('',#3273,1.);
#1163=CIRCLE('',#3274,1.);
#1164=CIRCLE('',#3275,1.);
#1165=CIRCLE('',#3276,1.);
#1166=CIRCLE('',#3277,1.);
#1167=CIRCLE('',#3278,1.);
#1168=CIRCLE('',#3279,1.);
#1169=CIRCLE('',#3280,3.1);
#1170=CIRCLE('',#3281,3.1);
#1171=CIRCLE('',#3282,3.09999999999999);
#1172=CIRCLE('',#3283,3.09999999999999);
#1173=CIRCLE('',#3284,1.);
#1174=CIRCLE('',#3285,1.);
#1175=CIRCLE('',#3286,1.);
#1176=CIRCLE('',#3287,1.);
#1177=CIRCLE('',#3288,1.);
#1178=CIRCLE('',#3289,1.);
#1179=CIRCLE('',#3290,1.);
#1180=CIRCLE('',#3291,1.);
#1181=CIRCLE('',#3292,1.);
#1182=CIRCLE('',#3293,1.);
#1183=CIRCLE('',#3294,1.);
#1184=CIRCLE('',#3295,1.);
#1185=CIRCLE('',#3297,1.);
#1186=CIRCLE('',#3298,1.);
#1187=CIRCLE('',#3301,1.);
#1188=CIRCLE('',#3302,1.);
#1189=CIRCLE('',#3303,1.);
#1190=CIRCLE('',#3305,1.);
#1191=CIRCLE('',#3308,1.);
#1192=CIRCLE('',#3309,1.);
#1193=CIRCLE('',#3312,1.);
#1194=CIRCLE('',#3313,1.);
#1195=CIRCLE('',#3314,1.);
#1196=CIRCLE('',#3316,1.);
#1197=CIRCLE('',#3319,1.);
#1198=CIRCLE('',#3322,1.);
#1199=CIRCLE('',#3324,1.);
#1200=CIRCLE('',#3327,1.);
#1201=CIRCLE('',#3330,1.);
#1202=CIRCLE('',#3332,1.);
#1203=CIRCLE('',#3335,1.);
#1204=CIRCLE('',#3338,1.);
#1205=CIRCLE('',#3341,1.);
#1206=CIRCLE('',#3344,1.);
#1207=CIRCLE('',#3346,1.);
#1208=CIRCLE('',#3349,1.);
#1209=CIRCLE('',#3351,1.);
#1210=CIRCLE('',#3354,1.);
#1211=CIRCLE('',#3363,1.);
#1212=CIRCLE('',#3365,1.);
#1213=CIRCLE('',#3368,1.);
#1214=CIRCLE('',#3370,1.);
#1215=CIRCLE('',#3371,1.);
#1216=CIRCLE('',#3377,1.);
#1217=CIRCLE('',#3381,1.);
#1218=CIRCLE('',#3384,1.);
#1219=CIRCLE('',#3386,1.);
#1220=CIRCLE('',#3387,1.);
#1221=CIRCLE('',#3390,1.);
#1222=CIRCLE('',#3393,1.);
#1223=CIRCLE('',#3402,2.);
#1224=CIRCLE('',#3405,2.);
#1225=CIRCLE('',#3407,2.);
#1226=CIRCLE('',#3410,2.);
#1227=CIRCLE('',#3411,2.);
#1228=CIRCLE('',#3412,2.);
#1229=CIRCLE('',#3413,2.);
#1230=CIRCLE('',#3414,2.);
#1231=CIRCLE('',#3415,1.6);
#1232=CIRCLE('',#3416,1.6);
#1233=CIRCLE('',#3417,1.6);
#1234=CIRCLE('',#3418,1.6);
#1235=CIRCLE('',#3423,2.);
#1236=CIRCLE('',#3425,2.);
#1237=CIRCLE('',#3426,2.);
#1238=CIRCLE('',#3427,2.);
#1239=CIRCLE('',#3433,3.1);
#1240=CIRCLE('',#3435,1.6);
#1241=CIRCLE('',#3437,3.1);
#1242=CIRCLE('',#3439,1.6);
#1243=CIRCLE('',#3441,3.09999999999999);
#1244=CIRCLE('',#3443,1.6);
#1245=CIRCLE('',#3445,3.09999999999999);
#1246=CIRCLE('',#3447,1.6);
#1247=VERTEX_POINT('',#4400);
#1248=VERTEX_POINT('',#4401);
#1249=VERTEX_POINT('',#4403);
#1250=VERTEX_POINT('',#4405);
#1251=VERTEX_POINT('',#4407);
#1252=VERTEX_POINT('',#4416);
#1253=VERTEX_POINT('',#4425);
#1254=VERTEX_POINT('',#4427);
#1255=VERTEX_POINT('',#4429);
#1256=VERTEX_POINT('',#4433);
#1257=VERTEX_POINT('',#4435);
#1258=VERTEX_POINT('',#4437);
#1259=VERTEX_POINT('',#4441);
#1260=VERTEX_POINT('',#4443);
#1261=VERTEX_POINT('',#4447);
#1262=VERTEX_POINT('',#4449);
#1263=VERTEX_POINT('',#4451);
#1264=VERTEX_POINT('',#4464);
#1265=VERTEX_POINT('',#4466);
#1266=VERTEX_POINT('',#4468);
#1267=VERTEX_POINT('',#4472);
#1268=VERTEX_POINT('',#4474);
#1269=VERTEX_POINT('',#4476);
#1270=VERTEX_POINT('',#4489);
#1271=VERTEX_POINT('',#4491);
#1272=VERTEX_POINT('',#4495);
#1273=VERTEX_POINT('',#4496);
#1274=VERTEX_POINT('',#4498);
#1275=VERTEX_POINT('',#4500);
#1276=VERTEX_POINT('',#4504);
#1277=VERTEX_POINT('',#4505);
#1278=VERTEX_POINT('',#4507);
#1279=VERTEX_POINT('',#4509);
#1280=VERTEX_POINT('',#4513);
#1281=VERTEX_POINT('',#4514);
#1282=VERTEX_POINT('',#4516);
#1283=VERTEX_POINT('',#4518);
#1284=VERTEX_POINT('',#4522);
#1285=VERTEX_POINT('',#4524);
#1286=VERTEX_POINT('',#4528);
#1287=VERTEX_POINT('',#4529);
#1288=VERTEX_POINT('',#4531);
#1289=VERTEX_POINT('',#4533);
#1290=VERTEX_POINT('',#4537);
#1291=VERTEX_POINT('',#4539);
#1292=VERTEX_POINT('',#4543);
#1293=VERTEX_POINT('',#4547);
#1294=VERTEX_POINT('',#4548);
#1295=VERTEX_POINT('',#4550);
#1296=VERTEX_POINT('',#4552);
#1297=VERTEX_POINT('',#4556);
#1298=VERTEX_POINT('',#4558);
#1299=VERTEX_POINT('',#4562);
#1300=VERTEX_POINT('',#4566);
#1301=VERTEX_POINT('',#4567);
#1302=VERTEX_POINT('',#4569);
#1303=VERTEX_POINT('',#4571);
#1304=VERTEX_POINT('',#4575);
#1305=VERTEX_POINT('',#4577);
#1306=VERTEX_POINT('',#4581);
#1307=VERTEX_POINT('',#4582);
#1308=VERTEX_POINT('',#4584);
#1309=VERTEX_POINT('',#4586);
#1310=VERTEX_POINT('',#4590);
#1311=VERTEX_POINT('',#4592);
#1312=VERTEX_POINT('',#4596);
#1313=VERTEX_POINT('',#4600);
#1314=VERTEX_POINT('',#4601);
#1315=VERTEX_POINT('',#4603);
#1316=VERTEX_POINT('',#4605);
#1317=VERTEX_POINT('',#4609);
#1318=VERTEX_POINT('',#4611);
#1319=VERTEX_POINT('',#4615);
#1320=VERTEX_POINT('',#4616);
#1321=VERTEX_POINT('',#4618);
#1322=VERTEX_POINT('',#4620);
#1323=VERTEX_POINT('',#4624);
#1324=VERTEX_POINT('',#4626);
#1325=VERTEX_POINT('',#4630);
#1326=VERTEX_POINT('',#4632);
#1327=VERTEX_POINT('',#4636);
#1328=VERTEX_POINT('',#4638);
#1329=VERTEX_POINT('',#4642);
#1330=VERTEX_POINT('',#4643);
#1331=VERTEX_POINT('',#4645);
#1332=VERTEX_POINT('',#4647);
#1333=VERTEX_POINT('',#4651);
#1334=VERTEX_POINT('',#4653);
#1335=VERTEX_POINT('',#4657);
#1336=VERTEX_POINT('',#4659);
#1337=VERTEX_POINT('',#4663);
#1338=VERTEX_POINT('',#4665);
#1339=VERTEX_POINT('',#4669);
#1340=VERTEX_POINT('',#4671);
#1341=VERTEX_POINT('',#4675);
#1342=VERTEX_POINT('',#4679);
#1343=VERTEX_POINT('',#4683);
#1344=VERTEX_POINT('',#4687);
#1345=VERTEX_POINT('',#4689);
#1346=VERTEX_POINT('',#4693);
#1347=VERTEX_POINT('',#4697);
#1348=VERTEX_POINT('',#4701);
#1349=VERTEX_POINT('',#4703);
#1350=VERTEX_POINT('',#4707);
#1351=VERTEX_POINT('',#4711);
#1352=VERTEX_POINT('',#4745);
#1353=VERTEX_POINT('',#4746);
#1354=VERTEX_POINT('',#4748);
#1355=VERTEX_POINT('',#4750);
#1356=VERTEX_POINT('',#4754);
#1357=VERTEX_POINT('',#4756);
#1358=VERTEX_POINT('',#4760);
#1359=VERTEX_POINT('',#4761);
#1360=VERTEX_POINT('',#4763);
#1361=VERTEX_POINT('',#4765);
#1362=VERTEX_POINT('',#4769);
#1363=VERTEX_POINT('',#4771);
#1364=VERTEX_POINT('',#4775);
#1365=VERTEX_POINT('',#4777);
#1366=VERTEX_POINT('',#4781);
#1367=VERTEX_POINT('',#4783);
#1368=VERTEX_POINT('',#4787);
#1369=VERTEX_POINT('',#4789);
#1370=VERTEX_POINT('',#4793);
#1371=VERTEX_POINT('',#4795);
#1372=VERTEX_POINT('',#4799);
#1373=VERTEX_POINT('',#4800);
#1374=VERTEX_POINT('',#4802);
#1375=VERTEX_POINT('',#4804);
#1376=VERTEX_POINT('',#4808);
#1377=VERTEX_POINT('',#4810);
#1378=VERTEX_POINT('',#4814);
#1379=VERTEX_POINT('',#4816);
#1380=VERTEX_POINT('',#4818);
#1381=VERTEX_POINT('',#4820);
#1382=VERTEX_POINT('',#4822);
#1383=VERTEX_POINT('',#4826);
#1384=VERTEX_POINT('',#4828);
#1385=VERTEX_POINT('',#4832);
#1386=VERTEX_POINT('',#4834);
#1387=VERTEX_POINT('',#4838);
#1388=VERTEX_POINT('',#4840);
#1389=VERTEX_POINT('',#4842);
#1390=VERTEX_POINT('',#4844);
#1391=VERTEX_POINT('',#4847);
#1392=VERTEX_POINT('',#4849);
#1393=VERTEX_POINT('',#4851);
#1394=VERTEX_POINT('',#4853);
#1395=VERTEX_POINT('',#4855);
#1396=VERTEX_POINT('',#4857);
#1397=VERTEX_POINT('',#4859);
#1398=VERTEX_POINT('',#4862);
#1399=VERTEX_POINT('',#4864);
#1400=VERTEX_POINT('',#4866);
#1401=VERTEX_POINT('',#4868);
#1402=VERTEX_POINT('',#4870);
#1403=VERTEX_POINT('',#4873);
#1404=VERTEX_POINT('',#4875);
#1405=VERTEX_POINT('',#4877);
#1406=VERTEX_POINT('',#4879);
#1407=VERTEX_POINT('',#4881);
#1408=VERTEX_POINT('',#4882);
#1409=VERTEX_POINT('',#4884);
#1410=VERTEX_POINT('',#4886);
#1411=VERTEX_POINT('',#4889);
#1412=VERTEX_POINT('',#4890);
#1413=VERTEX_POINT('',#4892);
#1414=VERTEX_POINT('',#4894);
#1415=VERTEX_POINT('',#4897);
#1416=VERTEX_POINT('',#4898);
#1417=VERTEX_POINT('',#4900);
#1418=VERTEX_POINT('',#4902);
#1419=VERTEX_POINT('',#4904);
#1420=VERTEX_POINT('',#4906);
#1421=VERTEX_POINT('',#4908);
#1422=VERTEX_POINT('',#4910);
#1423=VERTEX_POINT('',#4913);
#1424=VERTEX_POINT('',#4914);
#1425=VERTEX_POINT('',#4916);
#1426=VERTEX_POINT('',#4918);
#1427=VERTEX_POINT('',#4920);
#1428=VERTEX_POINT('',#4922);
#1429=VERTEX_POINT('',#4924);
#1430=VERTEX_POINT('',#4926);
#1431=VERTEX_POINT('',#4930);
#1432=VERTEX_POINT('',#4931);
#1433=VERTEX_POINT('',#4933);
#1434=VERTEX_POINT('',#4935);
#1435=VERTEX_POINT('',#4939);
#1436=VERTEX_POINT('',#4941);
#1437=VERTEX_POINT('',#4945);
#1438=VERTEX_POINT('',#4947);
#1439=VERTEX_POINT('',#4949);
#1440=VERTEX_POINT('',#4951);
#1441=VERTEX_POINT('',#4953);
#1442=VERTEX_POINT('',#4957);
#1443=VERTEX_POINT('',#4961);
#1444=VERTEX_POINT('',#4965);
#1445=VERTEX_POINT('',#4966);
#1446=VERTEX_POINT('',#4968);
#1447=VERTEX_POINT('',#4970);
#1448=VERTEX_POINT('',#4974);
#1449=VERTEX_POINT('',#4976);
#1450=VERTEX_POINT('',#4980);
#1451=VERTEX_POINT('',#4982);
#1452=VERTEX_POINT('',#4984);
#1453=VERTEX_POINT('',#4986);
#1454=VERTEX_POINT('',#4988);
#1455=VERTEX_POINT('',#4992);
#1456=VERTEX_POINT('',#4996);
#1457=VERTEX_POINT('',#5000);
#1458=VERTEX_POINT('',#5004);
#1459=VERTEX_POINT('',#5008);
#1460=VERTEX_POINT('',#5012);
#1461=VERTEX_POINT('',#5013);
#1462=VERTEX_POINT('',#5020);
#1463=VERTEX_POINT('',#5022);
#1464=VERTEX_POINT('',#5026);
#1465=VERTEX_POINT('',#5032);
#1466=VERTEX_POINT('',#5036);
#1467=VERTEX_POINT('',#5040);
#1468=VERTEX_POINT('',#5044);
#1469=VERTEX_POINT('',#5048);
#1470=VERTEX_POINT('',#5052);
#1471=VERTEX_POINT('',#5056);
#1472=VERTEX_POINT('',#5060);
#1473=VERTEX_POINT('',#5064);
#1474=VERTEX_POINT('',#5068);
#1475=VERTEX_POINT('',#5069);
#1476=VERTEX_POINT('',#5076);
#1477=VERTEX_POINT('',#5080);
#1478=VERTEX_POINT('',#5082);
#1479=VERTEX_POINT('',#5086);
#1480=VERTEX_POINT('',#5103);
#1481=VERTEX_POINT('',#5105);
#1482=VERTEX_POINT('',#5109);
#1483=VERTEX_POINT('',#5113);
#1484=VERTEX_POINT('',#5114);
#1485=VERTEX_POINT('',#5119);
#1486=VERTEX_POINT('',#5123);
#1487=VERTEX_POINT('',#5124);
#1488=VERTEX_POINT('',#5130);
#1489=VERTEX_POINT('',#5132);
#1490=VERTEX_POINT('',#5134);
#1491=VERTEX_POINT('',#5145);
#1492=VERTEX_POINT('',#5151);
#1493=VERTEX_POINT('',#5153);
#1494=VERTEX_POINT('',#5157);
#1495=VERTEX_POINT('',#5158);
#1496=VERTEX_POINT('',#5163);
#1497=VERTEX_POINT('',#5167);
#1498=VERTEX_POINT('',#5168);
#1499=VERTEX_POINT('',#5174);
#1500=VERTEX_POINT('',#5176);
#1501=VERTEX_POINT('',#5178);
#1502=VERTEX_POINT('',#5184);
#1503=VERTEX_POINT('',#5188);
#1504=VERTEX_POINT('',#5203);
#1505=VERTEX_POINT('',#5204);
#1506=VERTEX_POINT('',#5209);
#1507=VERTEX_POINT('',#5215);
#1508=VERTEX_POINT('',#5216);
#1509=VERTEX_POINT('',#5221);
#1510=VERTEX_POINT('',#5227);
#1511=VERTEX_POINT('',#5229);
#1512=VERTEX_POINT('',#5231);
#1513=VERTEX_POINT('',#5233);
#1514=VERTEX_POINT('',#5235);
#1515=VERTEX_POINT('',#5237);
#1516=VERTEX_POINT('',#5239);
#1517=VERTEX_POINT('',#5241);
#1518=VERTEX_POINT('',#5243);
#1519=VERTEX_POINT('',#5247);
#1520=VERTEX_POINT('',#5250);
#1521=VERTEX_POINT('',#5252);
#1522=VERTEX_POINT('',#5254);
#1523=VERTEX_POINT('',#5256);
#1524=VERTEX_POINT('',#5263);
#1525=VERTEX_POINT('',#5267);
#1526=VERTEX_POINT('',#5269);
#1527=VERTEX_POINT('',#5271);
#1528=VERTEX_POINT('',#5273);
#1529=VERTEX_POINT('',#5275);
#1530=VERTEX_POINT('',#5277);
#1531=VERTEX_POINT('',#5279);
#1532=VERTEX_POINT('',#5281);
#1533=VERTEX_POINT('',#5292);
#1534=VERTEX_POINT('',#5296);
#1535=VERTEX_POINT('',#5299);
#1536=VERTEX_POINT('',#5303);
#1537=VERTEX_POINT('',#5306);
#1538=VERTEX_POINT('',#5310);
#1539=VERTEX_POINT('',#5313);
#1540=VERTEX_POINT('',#5317);
#1541=EDGE_CURVE('',#1247,#1248,#1101,.T.);
#1542=EDGE_CURVE('',#1248,#1249,#527,.T.);
#1543=EDGE_CURVE('',#1249,#1250,#1102,.T.);
#1544=EDGE_CURVE('',#1250,#1251,#523,.T.);
#1545=EDGE_CURVE('',#1251,#1252,#528,.T.);
#1546=EDGE_CURVE('',#1252,#1247,#524,.T.);
#1547=EDGE_CURVE('',#1252,#1253,#141,.T.);
#1548=EDGE_CURVE('',#1253,#1254,#529,.T.);
#1549=EDGE_CURVE('',#1254,#1255,#142,.T.);
#1550=EDGE_CURVE('',#1255,#1247,#530,.T.);
#1551=EDGE_CURVE('',#1256,#1251,#143,.T.);
#1552=EDGE_CURVE('',#1256,#1257,#531,.T.);
#1553=EDGE_CURVE('',#1257,#1258,#532,.T.);
#1554=EDGE_CURVE('',#1258,#1253,#533,.T.);
#1555=EDGE_CURVE('',#1250,#1259,#534,.T.);
#1556=EDGE_CURVE('',#1259,#1260,#144,.T.);
#1557=EDGE_CURVE('',#1260,#1256,#535,.T.);
#1558=EDGE_CURVE('',#1258,#1261,#145,.F.);
#1559=EDGE_CURVE('',#1258,#1262,#536,.T.);
#1560=EDGE_CURVE('',#1262,#1263,#525,.T.);
#1561=EDGE_CURVE('',#1261,#1263,#537,.T.);
#1562=EDGE_CURVE('',#1264,#1263,#538,.T.);
#1563=EDGE_CURVE('',#1264,#1265,#539,.F.);
#1564=EDGE_CURVE('',#1266,#1265,#540,.T.);
#1565=EDGE_CURVE('',#1263,#1266,#541,.T.);
#1566=EDGE_CURVE('',#1257,#1267,#146,.T.);
#1567=EDGE_CURVE('',#1268,#1267,#542,.T.);
#1568=EDGE_CURVE('',#1268,#1269,#526,.T.);
#1569=EDGE_CURVE('',#1269,#1257,#543,.T.);
#1570=EDGE_CURVE('',#1270,#1269,#1103,.T.);
#1571=EDGE_CURVE('',#1271,#1270,#544,.T.);
#1572=EDGE_CURVE('',#1262,#1271,#1104,.T.);
#1573=EDGE_CURVE('',#1272,#1273,#545,.T.);
#1574=EDGE_CURVE('',#1274,#1272,#546,.T.);
#1575=EDGE_CURVE('',#1275,#1274,#547,.T.);
#1576=EDGE_CURVE('',#1275,#1273,#548,.T.);
#1577=EDGE_CURVE('',#1276,#1277,#1105,.T.);
#1578=EDGE_CURVE('',#1278,#1277,#549,.T.);
#1579=EDGE_CURVE('',#1278,#1279,#1106,.T.);
#1580=EDGE_CURVE('',#1276,#1279,#550,.T.);
#1581=EDGE_CURVE('',#1280,#1281,#1107,.T.);
#1582=EDGE_CURVE('',#1282,#1281,#551,.T.);
#1583=EDGE_CURVE('',#1282,#1283,#1108,.T.);
#1584=EDGE_CURVE('',#1280,#1283,#552,.T.);
#1585=EDGE_CURVE('',#1284,#1273,#1109,.T.);
#1586=EDGE_CURVE('',#1284,#1285,#553,.T.);
#1587=EDGE_CURVE('',#1285,#1272,#1110,.T.);
#1588=EDGE_CURVE('',#1286,#1287,#1111,.T.);
#1589=EDGE_CURVE('',#1286,#1288,#554,.T.);
#1590=EDGE_CURVE('',#1288,#1289,#1112,.T.);
#1591=EDGE_CURVE('',#1289,#1287,#555,.T.);
#1592=EDGE_CURVE('',#1290,#1287,#556,.T.);
#1593=EDGE_CURVE('',#1290,#1291,#1113,.T.);
#1594=EDGE_CURVE('',#1286,#1291,#557,.T.);
#1595=EDGE_CURVE('',#1292,#1289,#558,.T.);
#1596=EDGE_CURVE('',#1290,#1292,#559,.T.);
#1597=EDGE_CURVE('',#1293,#1294,#1114,.T.);
#1598=EDGE_CURVE('',#1293,#1295,#560,.T.);
#1599=EDGE_CURVE('',#1295,#1296,#1115,.T.);
#1600=EDGE_CURVE('',#1296,#1294,#561,.T.);
#1601=EDGE_CURVE('',#1297,#1294,#562,.T.);
#1602=EDGE_CURVE('',#1297,#1298,#1116,.T.);
#1603=EDGE_CURVE('',#1293,#1298,#563,.T.);
#1604=EDGE_CURVE('',#1299,#1296,#564,.T.);
#1605=EDGE_CURVE('',#1297,#1299,#565,.T.);
#1606=EDGE_CURVE('',#1300,#1301,#1117,.T.);
#1607=EDGE_CURVE('',#1300,#1302,#566,.T.);
#1608=EDGE_CURVE('',#1302,#1303,#1118,.T.);
#1609=EDGE_CURVE('',#1303,#1301,#567,.T.);
#1610=EDGE_CURVE('',#1304,#1303,#568,.T.);
#1611=EDGE_CURVE('',#1305,#1304,#569,.T.);
#1612=EDGE_CURVE('',#1305,#1301,#570,.T.);
#1613=EDGE_CURVE('',#1306,#1307,#1119,.T.);
#1614=EDGE_CURVE('',#1306,#1308,#571,.T.);
#1615=EDGE_CURVE('',#1308,#1309,#1120,.T.);
#1616=EDGE_CURVE('',#1309,#1307,#572,.T.);
#1617=EDGE_CURVE('',#1310,#1307,#573,.T.);
#1618=EDGE_CURVE('',#1310,#1311,#1121,.T.);
#1619=EDGE_CURVE('',#1306,#1311,#574,.T.);
#1620=EDGE_CURVE('',#1312,#1309,#575,.T.);
#1621=EDGE_CURVE('',#1310,#1312,#576,.T.);
#1622=EDGE_CURVE('',#1313,#1314,#1122,.T.);
#1623=EDGE_CURVE('',#1313,#1315,#577,.T.);
#1624=EDGE_CURVE('',#1315,#1316,#1123,.T.);
#1625=EDGE_CURVE('',#1316,#1314,#578,.T.);
#1626=EDGE_CURVE('',#1317,#1316,#579,.T.);
#1627=EDGE_CURVE('',#1318,#1317,#580,.T.);
#1628=EDGE_CURVE('',#1318,#1314,#581,.T.);
#1629=EDGE_CURVE('',#1319,#1320,#1124,.T.);
#1630=EDGE_CURVE('',#1319,#1321,#582,.T.);
#1631=EDGE_CURVE('',#1321,#1322,#1125,.T.);
#1632=EDGE_CURVE('',#1322,#1320,#583,.T.);
#1633=EDGE_CURVE('',#1323,#1322,#584,.T.);
#1634=EDGE_CURVE('',#1324,#1323,#585,.T.);
#1635=EDGE_CURVE('',#1324,#1320,#586,.T.);
#1636=EDGE_CURVE('',#1276,#1325,#587,.T.);
#1637=EDGE_CURVE('',#1325,#1326,#1126,.T.);
#1638=EDGE_CURVE('',#1326,#1277,#588,.T.);
#1639=EDGE_CURVE('',#1280,#1327,#589,.T.);
#1640=EDGE_CURVE('',#1327,#1328,#1127,.T.);
#1641=EDGE_CURVE('',#1328,#1281,#590,.T.);
#1642=EDGE_CURVE('',#1329,#1330,#1128,.T.);
#1643=EDGE_CURVE('',#1329,#1331,#591,.T.);
#1644=EDGE_CURVE('',#1331,#1332,#1129,.T.);
#1645=EDGE_CURVE('',#1332,#1330,#592,.T.);
#1646=EDGE_CURVE('',#1333,#1332,#593,.T.);
#1647=EDGE_CURVE('',#1334,#1333,#594,.T.);
#1648=EDGE_CURVE('',#1334,#1330,#595,.T.);
#1649=EDGE_CURVE('',#1329,#1335,#596,.T.);
#1650=EDGE_CURVE('',#1336,#1335,#597,.T.);
#1651=EDGE_CURVE('',#1331,#1336,#598,.T.);
#1652=EDGE_CURVE('',#1313,#1337,#599,.T.);
#1653=EDGE_CURVE('',#1338,#1337,#600,.T.);
#1654=EDGE_CURVE('',#1315,#1338,#601,.T.);
#1655=EDGE_CURVE('',#1319,#1339,#602,.T.);
#1656=EDGE_CURVE('',#1340,#1339,#603,.T.);
#1657=EDGE_CURVE('',#1321,#1340,#604,.T.);
#1658=EDGE_CURVE('',#1341,#1279,#605,.T.);
#1659=EDGE_CURVE('',#1325,#1341,#606,.T.);
#1660=EDGE_CURVE('',#1342,#1283,#607,.T.);
#1661=EDGE_CURVE('',#1327,#1342,#608,.T.);
#1662=EDGE_CURVE('',#1343,#1311,#609,.T.);
#1663=EDGE_CURVE('',#1308,#1343,#610,.T.);
#1664=EDGE_CURVE('',#1300,#1344,#611,.T.);
#1665=EDGE_CURVE('',#1345,#1344,#612,.T.);
#1666=EDGE_CURVE('',#1302,#1345,#613,.T.);
#1667=EDGE_CURVE('',#1346,#1298,#614,.T.);
#1668=EDGE_CURVE('',#1295,#1346,#615,.T.);
#1669=EDGE_CURVE('',#1347,#1291,#616,.T.);
#1670=EDGE_CURVE('',#1288,#1347,#617,.T.);
#1671=EDGE_CURVE('',#1284,#1348,#618,.T.);
#1672=EDGE_CURVE('',#1349,#1348,#619,.T.);
#1673=EDGE_CURVE('',#1285,#1349,#620,.T.);
#1674=EDGE_CURVE('',#1282,#1350,#621,.T.);
#1675=EDGE_CURVE('',#1350,#1342,#1130,.T.);
#1676=EDGE_CURVE('',#1278,#1351,#622,.T.);
#1677=EDGE_CURVE('',#1351,#1341,#1131,.T.);
#1678=EDGE_CURVE('',#1324,#1339,#1132,.T.);
#1679=EDGE_CURVE('',#1323,#1340,#1133,.T.);
#1680=EDGE_CURVE('',#1318,#1337,#1134,.T.);
#1681=EDGE_CURVE('',#1317,#1338,#1135,.T.);
#1682=EDGE_CURVE('',#1334,#1335,#1136,.T.);
#1683=EDGE_CURVE('',#1333,#1336,#1137,.T.);
#1684=EDGE_CURVE('',#1312,#1343,#1138,.T.);
#1685=EDGE_CURVE('',#1305,#1344,#1139,.T.);
#1686=EDGE_CURVE('',#1304,#1345,#1140,.T.);
#1687=EDGE_CURVE('',#1299,#1346,#1141,.T.);
#1688=EDGE_CURVE('',#1292,#1347,#1142,.T.);
#1689=EDGE_CURVE('',#1275,#1348,#1143,.T.);
#1690=EDGE_CURVE('',#1274,#1349,#1144,.T.);
#1691=EDGE_CURVE('',#1351,#1326,#623,.T.);
#1692=EDGE_CURVE('',#1350,#1328,#624,.T.);
#1693=EDGE_CURVE('',#1352,#1353,#1145,.T.);
#1694=EDGE_CURVE('',#1352,#1354,#625,.T.);
#1695=EDGE_CURVE('',#1354,#1355,#1146,.T.);
#1696=EDGE_CURVE('',#1355,#1353,#626,.T.);
#1697=EDGE_CURVE('',#1356,#1355,#627,.T.);
#1698=EDGE_CURVE('',#1357,#1356,#628,.T.);
#1699=EDGE_CURVE('',#1357,#1353,#629,.T.);
#1700=EDGE_CURVE('',#1358,#1359,#1147,.T.);
#1701=EDGE_CURVE('',#1358,#1360,#630,.T.);
#1702=EDGE_CURVE('',#1360,#1361,#1148,.T.);
#1703=EDGE_CURVE('',#1361,#1359,#631,.T.);
#1704=EDGE_CURVE('',#1362,#1361,#632,.T.);
#1705=EDGE_CURVE('',#1363,#1362,#633,.T.);
#1706=EDGE_CURVE('',#1363,#1359,#634,.T.);
#1707=EDGE_CURVE('',#1357,#1364,#1149,.T.);
#1708=EDGE_CURVE('',#1356,#1365,#1150,.T.);
#1709=EDGE_CURVE('',#1365,#1364,#635,.T.);
#1710=EDGE_CURVE('',#1366,#1365,#636,.T.);
#1711=EDGE_CURVE('',#1367,#1366,#637,.T.);
#1712=EDGE_CURVE('',#1367,#1364,#638,.T.);
#1713=EDGE_CURVE('',#1363,#1368,#1151,.T.);
#1714=EDGE_CURVE('',#1362,#1369,#1152,.T.);
#1715=EDGE_CURVE('',#1369,#1368,#639,.T.);
#1716=EDGE_CURVE('',#1370,#1369,#640,.T.);
#1717=EDGE_CURVE('',#1371,#1370,#641,.T.);
#1718=EDGE_CURVE('',#1371,#1368,#642,.T.);
#1719=EDGE_CURVE('',#1372,#1373,#1153,.T.);
#1720=EDGE_CURVE('',#1373,#1374,#643,.T.);
#1721=EDGE_CURVE('',#1374,#1375,#1154,.F.);
#1722=EDGE_CURVE('',#1375,#1372,#644,.T.);
#1723=EDGE_CURVE('',#1376,#1373,#645,.T.);
#1724=EDGE_CURVE('',#1377,#1376,#646,.T.);
#1725=EDGE_CURVE('',#1377,#1374,#647,.T.);
#1726=EDGE_CURVE('',#1372,#1378,#648,.T.);
#1727=EDGE_CURVE('',#1379,#1378,#1155,.T.);
#1728=EDGE_CURVE('',#1379,#1380,#649,.T.);
#1729=EDGE_CURVE('',#1381,#1380,#1156,.T.);
#1730=EDGE_CURVE('',#1381,#1382,#650,.T.);
#1731=EDGE_CURVE('',#1376,#1382,#1157,.T.);
#1732=EDGE_CURVE('',#1366,#1383,#1158,.T.);
#1733=EDGE_CURVE('',#1383,#1384,#651,.T.);
#1734=EDGE_CURVE('',#1384,#1367,#1159,.F.);
#1735=EDGE_CURVE('',#1385,#1383,#652,.T.);
#1736=EDGE_CURVE('',#1386,#1385,#653,.T.);
#1737=EDGE_CURVE('',#1386,#1384,#654,.T.);
#1738=EDGE_CURVE('',#1248,#1387,#655,.T.);
#1739=EDGE_CURVE('',#1388,#1387,#1160,.T.);
#1740=EDGE_CURVE('',#1388,#1389,#656,.T.);
#1741=EDGE_CURVE('',#1390,#1389,#1161,.T.);
#1742=EDGE_CURVE('',#1390,#1249,#657,.T.);
#1743=EDGE_CURVE('',#1354,#1391,#658,.T.);
#1744=EDGE_CURVE('',#1392,#1391,#1162,.T.);
#1745=EDGE_CURVE('',#1392,#1393,#659,.T.);
#1746=EDGE_CURVE('',#1394,#1393,#1163,.T.);
#1747=EDGE_CURVE('',#1394,#1395,#660,.T.);
#1748=EDGE_CURVE('',#1396,#1395,#1164,.T.);
#1749=EDGE_CURVE('',#1396,#1397,#661,.T.);
#1750=EDGE_CURVE('',#1370,#1397,#1165,.T.);
#1751=EDGE_CURVE('',#1360,#1398,#662,.T.);
#1752=EDGE_CURVE('',#1399,#1398,#1166,.T.);
#1753=EDGE_CURVE('',#1399,#1400,#663,.T.);
#1754=EDGE_CURVE('',#1401,#1400,#1167,.T.);
#1755=EDGE_CURVE('',#1401,#1402,#664,.T.);
#1756=EDGE_CURVE('',#1385,#1402,#1168,.T.);
#1757=EDGE_CURVE('',#1403,#1403,#1169,.T.);
#1758=EDGE_CURVE('',#1404,#1404,#1170,.T.);
#1759=EDGE_CURVE('',#1405,#1405,#1171,.T.);
#1760=EDGE_CURVE('',#1406,#1406,#1172,.T.);
#1761=EDGE_CURVE('',#1407,#1408,#665,.T.);
#1762=EDGE_CURVE('',#1409,#1408,#1173,.T.);
#1763=EDGE_CURVE('',#1409,#1410,#666,.T.);
#1764=EDGE_CURVE('',#1407,#1410,#1174,.T.);
#1765=EDGE_CURVE('',#1411,#1412,#667,.T.);
#1766=EDGE_CURVE('',#1413,#1412,#1175,.T.);
#1767=EDGE_CURVE('',#1413,#1414,#668,.T.);
#1768=EDGE_CURVE('',#1411,#1414,#1176,.T.);
#1769=EDGE_CURVE('',#1415,#1416,#669,.T.);
#1770=EDGE_CURVE('',#1417,#1416,#1177,.T.);
#1771=EDGE_CURVE('',#1417,#1418,#670,.T.);
#1772=EDGE_CURVE('',#1419,#1418,#1178,.T.);
#1773=EDGE_CURVE('',#1419,#1420,#671,.T.);
#1774=EDGE_CURVE('',#1421,#1420,#1179,.T.);
#1775=EDGE_CURVE('',#1421,#1422,#672,.T.);
#1776=EDGE_CURVE('',#1415,#1422,#1180,.T.);
#1777=EDGE_CURVE('',#1423,#1424,#673,.T.);
#1778=EDGE_CURVE('',#1425,#1424,#1181,.T.);
#1779=EDGE_CURVE('',#1425,#1426,#674,.T.);
#1780=EDGE_CURVE('',#1427,#1426,#1182,.T.);
#1781=EDGE_CURVE('',#1427,#1428,#675,.T.);
#1782=EDGE_CURVE('',#1429,#1428,#1183,.T.);
#1783=EDGE_CURVE('',#1429,#1430,#676,.T.);
#1784=EDGE_CURVE('',#1423,#1430,#1184,.T.);
#1785=EDGE_CURVE('',#1431,#1432,#1185,.T.);
#1786=EDGE_CURVE('',#1432,#1433,#677,.T.);
#1787=EDGE_CURVE('',#1433,#1434,#1186,.F.);
#1788=EDGE_CURVE('',#1434,#1431,#678,.T.);
#1789=EDGE_CURVE('',#1435,#1432,#679,.T.);
#1790=EDGE_CURVE('',#1436,#1435,#680,.T.);
#1791=EDGE_CURVE('',#1436,#1433,#681,.T.);
#1792=EDGE_CURVE('',#1431,#1437,#682,.T.);
#1793=EDGE_CURVE('',#1438,#1437,#1187,.T.);
#1794=EDGE_CURVE('',#1438,#1439,#683,.T.);
#1795=EDGE_CURVE('',#1440,#1439,#1188,.T.);
#1796=EDGE_CURVE('',#1440,#1441,#684,.T.);
#1797=EDGE_CURVE('',#1435,#1441,#1189,.T.);
#1798=EDGE_CURVE('',#1371,#1442,#1190,.T.);
#1799=EDGE_CURVE('',#1397,#1442,#685,.T.);
#1800=EDGE_CURVE('',#1443,#1396,#686,.T.);
#1801=EDGE_CURVE('',#1443,#1442,#687,.T.);
#1802=EDGE_CURVE('',#1444,#1445,#1191,.T.);
#1803=EDGE_CURVE('',#1445,#1446,#688,.T.);
#1804=EDGE_CURVE('',#1446,#1447,#1192,.F.);
#1805=EDGE_CURVE('',#1447,#1444,#689,.T.);
#1806=EDGE_CURVE('',#1448,#1445,#690,.T.);
#1807=EDGE_CURVE('',#1449,#1448,#691,.T.);
#1808=EDGE_CURVE('',#1449,#1446,#692,.T.);
#1809=EDGE_CURVE('',#1444,#1450,#693,.T.);
#1810=EDGE_CURVE('',#1451,#1450,#1193,.T.);
#1811=EDGE_CURVE('',#1451,#1452,#694,.T.);
#1812=EDGE_CURVE('',#1453,#1452,#1194,.T.);
#1813=EDGE_CURVE('',#1453,#1454,#695,.T.);
#1814=EDGE_CURVE('',#1448,#1454,#1195,.T.);
#1815=EDGE_CURVE('',#1441,#1455,#696,.T.);
#1816=EDGE_CURVE('',#1455,#1436,#1196,.F.);
#1817=EDGE_CURVE('',#1456,#1440,#697,.T.);
#1818=EDGE_CURVE('',#1456,#1455,#698,.T.);
#1819=EDGE_CURVE('',#1439,#1457,#699,.T.);
#1820=EDGE_CURVE('',#1457,#1456,#1197,.F.);
#1821=EDGE_CURVE('',#1458,#1438,#700,.T.);
#1822=EDGE_CURVE('',#1458,#1457,#701,.T.);
#1823=EDGE_CURVE('',#1437,#1459,#702,.T.);
#1824=EDGE_CURVE('',#1459,#1458,#1198,.F.);
#1825=EDGE_CURVE('',#1460,#1461,#1199,.T.);
#1826=EDGE_CURVE('',#1460,#1399,#703,.T.);
#1827=EDGE_CURVE('',#1398,#1461,#704,.T.);
#1828=EDGE_CURVE('',#1358,#1461,#705,.T.);
#1829=EDGE_CURVE('',#1400,#1462,#706,.T.);
#1830=EDGE_CURVE('',#1462,#1463,#1200,.F.);
#1831=EDGE_CURVE('',#1463,#1401,#707,.T.);
#1832=EDGE_CURVE('',#1463,#1464,#708,.T.);
#1833=EDGE_CURVE('',#1402,#1464,#709,.T.);
#1834=EDGE_CURVE('',#1464,#1386,#1201,.F.);
#1835=EDGE_CURVE('',#1454,#1465,#710,.T.);
#1836=EDGE_CURVE('',#1465,#1449,#1202,.F.);
#1837=EDGE_CURVE('',#1466,#1453,#711,.T.);
#1838=EDGE_CURVE('',#1466,#1465,#712,.T.);
#1839=EDGE_CURVE('',#1452,#1467,#713,.T.);
#1840=EDGE_CURVE('',#1467,#1466,#1203,.F.);
#1841=EDGE_CURVE('',#1468,#1451,#714,.T.);
#1842=EDGE_CURVE('',#1468,#1467,#715,.T.);
#1843=EDGE_CURVE('',#1382,#1469,#716,.T.);
#1844=EDGE_CURVE('',#1469,#1377,#1204,.F.);
#1845=EDGE_CURVE('',#1470,#1381,#717,.T.);
#1846=EDGE_CURVE('',#1470,#1469,#718,.T.);
#1847=EDGE_CURVE('',#1380,#1471,#719,.T.);
#1848=EDGE_CURVE('',#1471,#1470,#1205,.F.);
#1849=EDGE_CURVE('',#1472,#1379,#720,.T.);
#1850=EDGE_CURVE('',#1472,#1471,#721,.T.);
#1851=EDGE_CURVE('',#1378,#1473,#722,.T.);
#1852=EDGE_CURVE('',#1473,#1472,#1206,.F.);
#1853=EDGE_CURVE('',#1474,#1475,#1207,.T.);
#1854=EDGE_CURVE('',#1474,#1392,#723,.T.);
#1855=EDGE_CURVE('',#1391,#1475,#724,.T.);
#1856=EDGE_CURVE('',#1352,#1475,#725,.T.);
#1857=EDGE_CURVE('',#1450,#1476,#726,.T.);
#1858=EDGE_CURVE('',#1476,#1468,#1208,.F.);
#1859=EDGE_CURVE('',#1393,#1477,#727,.T.);
#1860=EDGE_CURVE('',#1477,#1478,#1209,.F.);
#1861=EDGE_CURVE('',#1478,#1394,#728,.T.);
#1862=EDGE_CURVE('',#1478,#1479,#729,.T.);
#1863=EDGE_CURVE('',#1395,#1479,#730,.T.);
#1864=EDGE_CURVE('',#1443,#1479,#1210,.T.);
#1865=EDGE_CURVE('',#1434,#1459,#731,.T.);
#1866=EDGE_CURVE('',#1375,#1473,#732,.T.);
#1867=EDGE_CURVE('',#1447,#1476,#733,.T.);
#1868=EDGE_CURVE('',#1474,#1477,#734,.T.);
#1869=EDGE_CURVE('',#1460,#1462,#735,.T.);
#1870=EDGE_CURVE('',#1412,#1480,#736,.T.);
#1871=EDGE_CURVE('',#1481,#1411,#737,.T.);
#1872=EDGE_CURVE('',#1481,#1480,#738,.T.);
#1873=EDGE_CURVE('',#1482,#1480,#1211,.T.);
#1874=EDGE_CURVE('',#1482,#1413,#739,.T.);
#1875=EDGE_CURVE('',#1483,#1484,#1212,.T.);
#1876=EDGE_CURVE('',#1483,#1419,#740,.T.);
#1877=EDGE_CURVE('',#1418,#1484,#741,.T.);
#1878=EDGE_CURVE('',#1483,#1485,#742,.T.);
#1879=EDGE_CURVE('',#1420,#1485,#743,.T.);
#1880=EDGE_CURVE('',#1486,#1487,#1213,.T.);
#1881=EDGE_CURVE('',#1486,#1417,#744,.T.);
#1882=EDGE_CURVE('',#1416,#1487,#745,.T.);
#1883=EDGE_CURVE('',#1486,#1484,#746,.T.);
#1884=EDGE_CURVE('',#1488,#1487,#747,.T.);
#1885=EDGE_CURVE('',#1488,#1489,#1214,.T.);
#1886=EDGE_CURVE('',#1490,#1489,#748,.T.);
#1887=EDGE_CURVE('',#1490,#1485,#1215,.T.);
#1888=EDGE_CURVE('',#1488,#1415,#749,.T.);
#1889=EDGE_CURVE('',#1422,#1489,#750,.T.);
#1890=EDGE_CURVE('',#1490,#1421,#751,.T.);
#1891=EDGE_CURVE('',#1481,#1491,#1216,.T.);
#1892=EDGE_CURVE('',#1414,#1491,#752,.T.);
#1893=EDGE_CURVE('',#1482,#1491,#753,.T.);
#1894=EDGE_CURVE('',#1408,#1492,#754,.T.);
#1895=EDGE_CURVE('',#1493,#1407,#755,.T.);
#1896=EDGE_CURVE('',#1493,#1492,#756,.T.);
#1897=EDGE_CURVE('',#1494,#1495,#1217,.T.);
#1898=EDGE_CURVE('',#1494,#1423,#757,.T.);
#1899=EDGE_CURVE('',#1430,#1495,#758,.T.);
#1900=EDGE_CURVE('',#1494,#1496,#759,.T.);
#1901=EDGE_CURVE('',#1424,#1496,#760,.T.);
#1902=EDGE_CURVE('',#1497,#1498,#1218,.T.);
#1903=EDGE_CURVE('',#1497,#1429,#761,.T.);
#1904=EDGE_CURVE('',#1428,#1498,#762,.T.);
#1905=EDGE_CURVE('',#1497,#1495,#763,.T.);
#1906=EDGE_CURVE('',#1499,#1498,#764,.T.);
#1907=EDGE_CURVE('',#1499,#1500,#1219,.T.);
#1908=EDGE_CURVE('',#1501,#1500,#765,.T.);
#1909=EDGE_CURVE('',#1501,#1496,#1220,.T.);
#1910=EDGE_CURVE('',#1499,#1427,#766,.T.);
#1911=EDGE_CURVE('',#1493,#1502,#1221,.T.);
#1912=EDGE_CURVE('',#1410,#1502,#767,.T.);
#1913=EDGE_CURVE('',#1503,#1409,#768,.T.);
#1914=EDGE_CURVE('',#1503,#1502,#769,.T.);
#1915=EDGE_CURVE('',#1503,#1492,#1222,.T.);
#1916=EDGE_CURVE('',#1426,#1500,#770,.T.);
#1917=EDGE_CURVE('',#1501,#1425,#771,.T.);
#1918=EDGE_CURVE('',#1504,#1505,#1223,.T.);
#1919=EDGE_CURVE('',#1504,#1270,#772,.T.);
#1920=EDGE_CURVE('',#1268,#1505,#773,.T.);
#1921=EDGE_CURVE('',#1504,#1506,#774,.F.);
#1922=EDGE_CURVE('',#1271,#1506,#775,.T.);
#1923=EDGE_CURVE('',#1264,#1506,#1224,.T.);
#1924=EDGE_CURVE('',#1507,#1508,#1225,.T.);
#1925=EDGE_CURVE('',#1508,#1388,#776,.T.);
#1926=EDGE_CURVE('',#1387,#1507,#777,.T.);
#1927=EDGE_CURVE('',#1509,#1508,#778,.F.);
#1928=EDGE_CURVE('',#1389,#1509,#779,.T.);
#1929=EDGE_CURVE('',#1507,#1255,#780,.F.);
#1930=EDGE_CURVE('',#1254,#1261,#781,.T.);
#1931=EDGE_CURVE('',#1510,#1266,#1226,.T.);
#1932=EDGE_CURVE('',#1510,#1511,#782,.T.);
#1933=EDGE_CURVE('',#1511,#1512,#783,.T.);
#1934=EDGE_CURVE('',#1513,#1512,#1227,.T.);
#1935=EDGE_CURVE('',#1513,#1514,#784,.T.);
#1936=EDGE_CURVE('',#1515,#1514,#1228,.T.);
#1937=EDGE_CURVE('',#1515,#1516,#785,.T.);
#1938=EDGE_CURVE('',#1516,#1517,#786,.T.);
#1939=EDGE_CURVE('',#1518,#1517,#1229,.T.);
#1940=EDGE_CURVE('',#1518,#1268,#787,.T.);
#1941=EDGE_CURVE('',#1267,#1260,#788,.T.);
#1942=EDGE_CURVE('',#1259,#1519,#789,.F.);
#1943=EDGE_CURVE('',#1509,#1519,#1230,.T.);
#1944=EDGE_CURVE('',#1520,#1520,#1231,.T.);
#1945=EDGE_CURVE('',#1521,#1521,#1232,.T.);
#1946=EDGE_CURVE('',#1522,#1522,#1233,.T.);
#1947=EDGE_CURVE('',#1523,#1523,#1234,.T.);
#1948=EDGE_CURVE('',#1519,#1390,#790,.T.);
#1949=EDGE_CURVE('',#1524,#1265,#1235,.T.);
#1950=EDGE_CURVE('',#1524,#1510,#791,.T.);
#1951=EDGE_CURVE('',#1525,#1505,#792,.F.);
#1952=EDGE_CURVE('',#1525,#1526,#1236,.T.);
#1953=EDGE_CURVE('',#1527,#1526,#793,.F.);
#1954=EDGE_CURVE('',#1528,#1527,#794,.T.);
#1955=EDGE_CURVE('',#1528,#1529,#1237,.T.);
#1956=EDGE_CURVE('',#1530,#1529,#795,.T.);
#1957=EDGE_CURVE('',#1530,#1531,#1238,.T.);
#1958=EDGE_CURVE('',#1532,#1531,#796,.T.);
#1959=EDGE_CURVE('',#1524,#1532,#797,.F.);
#1960=EDGE_CURVE('',#1525,#1518,#798,.T.);
#1961=EDGE_CURVE('',#1517,#1526,#799,.T.);
#1962=EDGE_CURVE('',#1516,#1527,#800,.T.);
#1963=EDGE_CURVE('',#1403,#1533,#801,.T.);
#1964=EDGE_CURVE('',#1533,#1533,#1239,.T.);
#1965=EDGE_CURVE('',#1534,#1534,#1240,.T.);
#1966=EDGE_CURVE('',#1404,#1535,#802,.T.);
#1967=EDGE_CURVE('',#1535,#1535,#1241,.T.);
#1968=EDGE_CURVE('',#1536,#1536,#1242,.T.);
#1969=EDGE_CURVE('',#1405,#1537,#803,.T.);
#1970=EDGE_CURVE('',#1537,#1537,#1243,.T.);
#1971=EDGE_CURVE('',#1538,#1538,#1244,.T.);
#1972=EDGE_CURVE('',#1406,#1539,#804,.T.);
#1973=EDGE_CURVE('',#1539,#1539,#1245,.T.);
#1974=EDGE_CURVE('',#1540,#1540,#1246,.T.);
#1975=EDGE_CURVE('',#1534,#1520,#805,.T.);
#1976=EDGE_CURVE('',#1536,#1521,#806,.T.);
#1977=EDGE_CURVE('',#1538,#1523,#807,.T.);
#1978=EDGE_CURVE('',#1540,#1522,#808,.T.);
#1979=EDGE_CURVE('',#1528,#1515,#809,.T.);
#1980=EDGE_CURVE('',#1514,#1529,#810,.T.);
#1981=EDGE_CURVE('',#1530,#1513,#811,.T.);
#1982=EDGE_CURVE('',#1512,#1531,#812,.T.);
#1983=EDGE_CURVE('',#1532,#1511,#813,.T.);
#1984=ORIENTED_EDGE('',*,*,#1541,.T.);
#1985=ORIENTED_EDGE('',*,*,#1542,.T.);
#1986=ORIENTED_EDGE('',*,*,#1543,.T.);
#1987=ORIENTED_EDGE('',*,*,#1544,.T.);
#1988=ORIENTED_EDGE('',*,*,#1545,.T.);
#1989=ORIENTED_EDGE('',*,*,#1546,.T.);
#1990=ORIENTED_EDGE('',*,*,#1546,.F.);
#1991=ORIENTED_EDGE('',*,*,#1547,.T.);
#1992=ORIENTED_EDGE('',*,*,#1548,.T.);
#1993=ORIENTED_EDGE('',*,*,#1549,.T.);
#1994=ORIENTED_EDGE('',*,*,#1550,.T.);
#1995=ORIENTED_EDGE('',*,*,#1545,.F.);
#1996=ORIENTED_EDGE('',*,*,#1551,.F.);
#1997=ORIENTED_EDGE('',*,*,#1552,.T.);
#1998=ORIENTED_EDGE('',*,*,#1553,.T.);
#1999=ORIENTED_EDGE('',*,*,#1554,.T.);
#2000=ORIENTED_EDGE('',*,*,#1547,.F.);
#2001=ORIENTED_EDGE('',*,*,#1544,.F.);
#2002=ORIENTED_EDGE('',*,*,#1555,.T.);
#2003=ORIENTED_EDGE('',*,*,#1556,.T.);
#2004=ORIENTED_EDGE('',*,*,#1557,.T.);
#2005=ORIENTED_EDGE('',*,*,#1551,.T.);
#2006=ORIENTED_EDGE('',*,*,#1558,.F.);
#2007=ORIENTED_EDGE('',*,*,#1559,.T.);
#2008=ORIENTED_EDGE('',*,*,#1560,.T.);
#2009=ORIENTED_EDGE('',*,*,#1561,.F.);
#2010=ORIENTED_EDGE('',*,*,#1562,.F.);
#2011=ORIENTED_EDGE('',*,*,#1563,.T.);
#2012=ORIENTED_EDGE('',*,*,#1564,.F.);
#2013=ORIENTED_EDGE('',*,*,#1565,.F.);
#2014=ORIENTED_EDGE('',*,*,#1566,.T.);
#2015=ORIENTED_EDGE('',*,*,#1567,.F.);
#2016=ORIENTED_EDGE('',*,*,#1568,.T.);
#2017=ORIENTED_EDGE('',*,*,#1569,.T.);
#2018=ORIENTED_EDGE('',*,*,#1559,.F.);
#2019=ORIENTED_EDGE('',*,*,#1553,.F.);
#2020=ORIENTED_EDGE('',*,*,#1569,.F.);
#2021=ORIENTED_EDGE('',*,*,#1570,.F.);
#2022=ORIENTED_EDGE('',*,*,#1571,.F.);
#2023=ORIENTED_EDGE('',*,*,#1572,.F.);
#2024=ORIENTED_EDGE('',*,*,#1573,.F.);
#2025=ORIENTED_EDGE('',*,*,#1574,.F.);
#2026=ORIENTED_EDGE('',*,*,#1575,.F.);
#2027=ORIENTED_EDGE('',*,*,#1576,.T.);
#2028=ORIENTED_EDGE('',*,*,#1577,.T.);
#2029=ORIENTED_EDGE('',*,*,#1578,.F.);
#2030=ORIENTED_EDGE('',*,*,#1579,.T.);
#2031=ORIENTED_EDGE('',*,*,#1580,.F.);
#2032=ORIENTED_EDGE('',*,*,#1581,.T.);
#2033=ORIENTED_EDGE('',*,*,#1582,.F.);
#2034=ORIENTED_EDGE('',*,*,#1583,.T.);
#2035=ORIENTED_EDGE('',*,*,#1584,.F.);
#2036=ORIENTED_EDGE('',*,*,#1585,.F.);
#2037=ORIENTED_EDGE('',*,*,#1586,.T.);
#2038=ORIENTED_EDGE('',*,*,#1587,.T.);
#2039=ORIENTED_EDGE('',*,*,#1573,.T.);
#2040=ORIENTED_EDGE('',*,*,#1588,.F.);
#2041=ORIENTED_EDGE('',*,*,#1589,.T.);
#2042=ORIENTED_EDGE('',*,*,#1590,.T.);
#2043=ORIENTED_EDGE('',*,*,#1591,.T.);
#2044=ORIENTED_EDGE('',*,*,#1588,.T.);
#2045=ORIENTED_EDGE('',*,*,#1592,.F.);
#2046=ORIENTED_EDGE('',*,*,#1593,.T.);
#2047=ORIENTED_EDGE('',*,*,#1594,.F.);
#2048=ORIENTED_EDGE('',*,*,#1591,.F.);
#2049=ORIENTED_EDGE('',*,*,#1595,.F.);
#2050=ORIENTED_EDGE('',*,*,#1596,.F.);
#2051=ORIENTED_EDGE('',*,*,#1592,.T.);
#2052=ORIENTED_EDGE('',*,*,#1597,.F.);
#2053=ORIENTED_EDGE('',*,*,#1598,.T.);
#2054=ORIENTED_EDGE('',*,*,#1599,.T.);
#2055=ORIENTED_EDGE('',*,*,#1600,.T.);
#2056=ORIENTED_EDGE('',*,*,#1597,.T.);
#2057=ORIENTED_EDGE('',*,*,#1601,.F.);
#2058=ORIENTED_EDGE('',*,*,#1602,.T.);
#2059=ORIENTED_EDGE('',*,*,#1603,.F.);
#2060=ORIENTED_EDGE('',*,*,#1600,.F.);
#2061=ORIENTED_EDGE('',*,*,#1604,.F.);
#2062=ORIENTED_EDGE('',*,*,#1605,.F.);
#2063=ORIENTED_EDGE('',*,*,#1601,.T.);
#2064=ORIENTED_EDGE('',*,*,#1606,.F.);
#2065=ORIENTED_EDGE('',*,*,#1607,.T.);
#2066=ORIENTED_EDGE('',*,*,#1608,.T.);
#2067=ORIENTED_EDGE('',*,*,#1609,.T.);
#2068=ORIENTED_EDGE('',*,*,#1609,.F.);
#2069=ORIENTED_EDGE('',*,*,#1610,.F.);
#2070=ORIENTED_EDGE('',*,*,#1611,.F.);
#2071=ORIENTED_EDGE('',*,*,#1612,.T.);
#2072=ORIENTED_EDGE('',*,*,#1613,.F.);
#2073=ORIENTED_EDGE('',*,*,#1614,.T.);
#2074=ORIENTED_EDGE('',*,*,#1615,.T.);
#2075=ORIENTED_EDGE('',*,*,#1616,.T.);
#2076=ORIENTED_EDGE('',*,*,#1613,.T.);
#2077=ORIENTED_EDGE('',*,*,#1617,.F.);
#2078=ORIENTED_EDGE('',*,*,#1618,.T.);
#2079=ORIENTED_EDGE('',*,*,#1619,.F.);
#2080=ORIENTED_EDGE('',*,*,#1616,.F.);
#2081=ORIENTED_EDGE('',*,*,#1620,.F.);
#2082=ORIENTED_EDGE('',*,*,#1621,.F.);
#2083=ORIENTED_EDGE('',*,*,#1617,.T.);
#2084=ORIENTED_EDGE('',*,*,#1622,.F.);
#2085=ORIENTED_EDGE('',*,*,#1623,.T.);
#2086=ORIENTED_EDGE('',*,*,#1624,.T.);
#2087=ORIENTED_EDGE('',*,*,#1625,.T.);
#2088=ORIENTED_EDGE('',*,*,#1625,.F.);
#2089=ORIENTED_EDGE('',*,*,#1626,.F.);
#2090=ORIENTED_EDGE('',*,*,#1627,.F.);
#2091=ORIENTED_EDGE('',*,*,#1628,.T.);
#2092=ORIENTED_EDGE('',*,*,#1629,.F.);
#2093=ORIENTED_EDGE('',*,*,#1630,.T.);
#2094=ORIENTED_EDGE('',*,*,#1631,.T.);
#2095=ORIENTED_EDGE('',*,*,#1632,.T.);
#2096=ORIENTED_EDGE('',*,*,#1632,.F.);
#2097=ORIENTED_EDGE('',*,*,#1633,.F.);
#2098=ORIENTED_EDGE('',*,*,#1634,.F.);
#2099=ORIENTED_EDGE('',*,*,#1635,.T.);
#2100=ORIENTED_EDGE('',*,*,#1577,.F.);
#2101=ORIENTED_EDGE('',*,*,#1636,.T.);
#2102=ORIENTED_EDGE('',*,*,#1637,.T.);
#2103=ORIENTED_EDGE('',*,*,#1638,.T.);
#2104=ORIENTED_EDGE('',*,*,#1581,.F.);
#2105=ORIENTED_EDGE('',*,*,#1639,.T.);
#2106=ORIENTED_EDGE('',*,*,#1640,.T.);
#2107=ORIENTED_EDGE('',*,*,#1641,.T.);
#2108=ORIENTED_EDGE('',*,*,#1642,.F.);
#2109=ORIENTED_EDGE('',*,*,#1643,.T.);
#2110=ORIENTED_EDGE('',*,*,#1644,.T.);
#2111=ORIENTED_EDGE('',*,*,#1645,.T.);
#2112=ORIENTED_EDGE('',*,*,#1645,.F.);
#2113=ORIENTED_EDGE('',*,*,#1646,.F.);
#2114=ORIENTED_EDGE('',*,*,#1647,.F.);
#2115=ORIENTED_EDGE('',*,*,#1648,.T.);
#2116=ORIENTED_EDGE('',*,*,#1643,.F.);
#2117=ORIENTED_EDGE('',*,*,#1649,.T.);
#2118=ORIENTED_EDGE('',*,*,#1650,.F.);
#2119=ORIENTED_EDGE('',*,*,#1651,.F.);
#2120=ORIENTED_EDGE('',*,*,#1623,.F.);
#2121=ORIENTED_EDGE('',*,*,#1652,.T.);
#2122=ORIENTED_EDGE('',*,*,#1653,.F.);
#2123=ORIENTED_EDGE('',*,*,#1654,.F.);
#2124=ORIENTED_EDGE('',*,*,#1630,.F.);
#2125=ORIENTED_EDGE('',*,*,#1655,.T.);
#2126=ORIENTED_EDGE('',*,*,#1656,.F.);
#2127=ORIENTED_EDGE('',*,*,#1657,.F.);
#2128=ORIENTED_EDGE('',*,*,#1636,.F.);
#2129=ORIENTED_EDGE('',*,*,#1580,.T.);
#2130=ORIENTED_EDGE('',*,*,#1658,.F.);
#2131=ORIENTED_EDGE('',*,*,#1659,.F.);
#2132=ORIENTED_EDGE('',*,*,#1639,.F.);
#2133=ORIENTED_EDGE('',*,*,#1584,.T.);
#2134=ORIENTED_EDGE('',*,*,#1660,.F.);
#2135=ORIENTED_EDGE('',*,*,#1661,.F.);
#2136=ORIENTED_EDGE('',*,*,#1614,.F.);
#2137=ORIENTED_EDGE('',*,*,#1619,.T.);
#2138=ORIENTED_EDGE('',*,*,#1662,.F.);
#2139=ORIENTED_EDGE('',*,*,#1663,.F.);
#2140=ORIENTED_EDGE('',*,*,#1607,.F.);
#2141=ORIENTED_EDGE('',*,*,#1664,.T.);
#2142=ORIENTED_EDGE('',*,*,#1665,.F.);
#2143=ORIENTED_EDGE('',*,*,#1666,.F.);
#2144=ORIENTED_EDGE('',*,*,#1598,.F.);
#2145=ORIENTED_EDGE('',*,*,#1603,.T.);
#2146=ORIENTED_EDGE('',*,*,#1667,.F.);
#2147=ORIENTED_EDGE('',*,*,#1668,.F.);
#2148=ORIENTED_EDGE('',*,*,#1589,.F.);
#2149=ORIENTED_EDGE('',*,*,#1594,.T.);
#2150=ORIENTED_EDGE('',*,*,#1669,.F.);
#2151=ORIENTED_EDGE('',*,*,#1670,.F.);
#2152=ORIENTED_EDGE('',*,*,#1586,.F.);
#2153=ORIENTED_EDGE('',*,*,#1671,.T.);
#2154=ORIENTED_EDGE('',*,*,#1672,.F.);
#2155=ORIENTED_EDGE('',*,*,#1673,.F.);
#2156=ORIENTED_EDGE('',*,*,#1583,.F.);
#2157=ORIENTED_EDGE('',*,*,#1674,.T.);
#2158=ORIENTED_EDGE('',*,*,#1675,.T.);
#2159=ORIENTED_EDGE('',*,*,#1660,.T.);
#2160=ORIENTED_EDGE('',*,*,#1579,.F.);
#2161=ORIENTED_EDGE('',*,*,#1676,.T.);
#2162=ORIENTED_EDGE('',*,*,#1677,.T.);
#2163=ORIENTED_EDGE('',*,*,#1658,.T.);
#2164=ORIENTED_EDGE('',*,*,#1678,.F.);
#2165=ORIENTED_EDGE('',*,*,#1634,.T.);
#2166=ORIENTED_EDGE('',*,*,#1679,.T.);
#2167=ORIENTED_EDGE('',*,*,#1656,.T.);
#2168=ORIENTED_EDGE('',*,*,#1680,.F.);
#2169=ORIENTED_EDGE('',*,*,#1627,.T.);
#2170=ORIENTED_EDGE('',*,*,#1681,.T.);
#2171=ORIENTED_EDGE('',*,*,#1653,.T.);
#2172=ORIENTED_EDGE('',*,*,#1682,.F.);
#2173=ORIENTED_EDGE('',*,*,#1647,.T.);
#2174=ORIENTED_EDGE('',*,*,#1683,.T.);
#2175=ORIENTED_EDGE('',*,*,#1650,.T.);
#2176=ORIENTED_EDGE('',*,*,#1618,.F.);
#2177=ORIENTED_EDGE('',*,*,#1621,.T.);
#2178=ORIENTED_EDGE('',*,*,#1684,.T.);
#2179=ORIENTED_EDGE('',*,*,#1662,.T.);
#2180=ORIENTED_EDGE('',*,*,#1685,.F.);
#2181=ORIENTED_EDGE('',*,*,#1611,.T.);
#2182=ORIENTED_EDGE('',*,*,#1686,.T.);
#2183=ORIENTED_EDGE('',*,*,#1665,.T.);
#2184=ORIENTED_EDGE('',*,*,#1602,.F.);
#2185=ORIENTED_EDGE('',*,*,#1605,.T.);
#2186=ORIENTED_EDGE('',*,*,#1687,.T.);
#2187=ORIENTED_EDGE('',*,*,#1667,.T.);
#2188=ORIENTED_EDGE('',*,*,#1593,.F.);
#2189=ORIENTED_EDGE('',*,*,#1596,.T.);
#2190=ORIENTED_EDGE('',*,*,#1688,.T.);
#2191=ORIENTED_EDGE('',*,*,#1669,.T.);
#2192=ORIENTED_EDGE('',*,*,#1689,.F.);
#2193=ORIENTED_EDGE('',*,*,#1575,.T.);
#2194=ORIENTED_EDGE('',*,*,#1690,.T.);
#2195=ORIENTED_EDGE('',*,*,#1672,.T.);
#2196=ORIENTED_EDGE('',*,*,#1638,.F.);
#2197=ORIENTED_EDGE('',*,*,#1691,.F.);
#2198=ORIENTED_EDGE('',*,*,#1676,.F.);
#2199=ORIENTED_EDGE('',*,*,#1578,.T.);
#2200=ORIENTED_EDGE('',*,*,#1642,.T.);
#2201=ORIENTED_EDGE('',*,*,#1648,.F.);
#2202=ORIENTED_EDGE('',*,*,#1682,.T.);
#2203=ORIENTED_EDGE('',*,*,#1649,.F.);
#2204=ORIENTED_EDGE('',*,*,#1622,.T.);
#2205=ORIENTED_EDGE('',*,*,#1628,.F.);
#2206=ORIENTED_EDGE('',*,*,#1680,.T.);
#2207=ORIENTED_EDGE('',*,*,#1652,.F.);
#2208=ORIENTED_EDGE('',*,*,#1641,.F.);
#2209=ORIENTED_EDGE('',*,*,#1692,.F.);
#2210=ORIENTED_EDGE('',*,*,#1674,.F.);
#2211=ORIENTED_EDGE('',*,*,#1582,.T.);
#2212=ORIENTED_EDGE('',*,*,#1606,.T.);
#2213=ORIENTED_EDGE('',*,*,#1612,.F.);
#2214=ORIENTED_EDGE('',*,*,#1685,.T.);
#2215=ORIENTED_EDGE('',*,*,#1664,.F.);
#2216=ORIENTED_EDGE('',*,*,#1585,.T.);
#2217=ORIENTED_EDGE('',*,*,#1576,.F.);
#2218=ORIENTED_EDGE('',*,*,#1689,.T.);
#2219=ORIENTED_EDGE('',*,*,#1671,.F.);
#2220=ORIENTED_EDGE('',*,*,#1629,.T.);
#2221=ORIENTED_EDGE('',*,*,#1635,.F.);
#2222=ORIENTED_EDGE('',*,*,#1678,.T.);
#2223=ORIENTED_EDGE('',*,*,#1655,.F.);
#2224=ORIENTED_EDGE('',*,*,#1693,.F.);
#2225=ORIENTED_EDGE('',*,*,#1694,.T.);
#2226=ORIENTED_EDGE('',*,*,#1695,.T.);
#2227=ORIENTED_EDGE('',*,*,#1696,.T.);
#2228=ORIENTED_EDGE('',*,*,#1696,.F.);
#2229=ORIENTED_EDGE('',*,*,#1697,.F.);
#2230=ORIENTED_EDGE('',*,*,#1698,.F.);
#2231=ORIENTED_EDGE('',*,*,#1699,.T.);
#2232=ORIENTED_EDGE('',*,*,#1700,.F.);
#2233=ORIENTED_EDGE('',*,*,#1701,.T.);
#2234=ORIENTED_EDGE('',*,*,#1702,.T.);
#2235=ORIENTED_EDGE('',*,*,#1703,.T.);
#2236=ORIENTED_EDGE('',*,*,#1703,.F.);
#2237=ORIENTED_EDGE('',*,*,#1704,.F.);
#2238=ORIENTED_EDGE('',*,*,#1705,.F.);
#2239=ORIENTED_EDGE('',*,*,#1706,.T.);
#2240=ORIENTED_EDGE('',*,*,#1707,.F.);
#2241=ORIENTED_EDGE('',*,*,#1698,.T.);
#2242=ORIENTED_EDGE('',*,*,#1708,.T.);
#2243=ORIENTED_EDGE('',*,*,#1709,.T.);
#2244=ORIENTED_EDGE('',*,*,#1709,.F.);
#2245=ORIENTED_EDGE('',*,*,#1710,.F.);
#2246=ORIENTED_EDGE('',*,*,#1711,.F.);
#2247=ORIENTED_EDGE('',*,*,#1712,.T.);
#2248=ORIENTED_EDGE('',*,*,#1713,.F.);
#2249=ORIENTED_EDGE('',*,*,#1705,.T.);
#2250=ORIENTED_EDGE('',*,*,#1714,.T.);
#2251=ORIENTED_EDGE('',*,*,#1715,.T.);
#2252=ORIENTED_EDGE('',*,*,#1715,.F.);
#2253=ORIENTED_EDGE('',*,*,#1716,.F.);
#2254=ORIENTED_EDGE('',*,*,#1717,.F.);
#2255=ORIENTED_EDGE('',*,*,#1718,.T.);
#2256=ORIENTED_EDGE('',*,*,#1719,.T.);
#2257=ORIENTED_EDGE('',*,*,#1720,.T.);
#2258=ORIENTED_EDGE('',*,*,#1721,.T.);
#2259=ORIENTED_EDGE('',*,*,#1722,.T.);
#2260=ORIENTED_EDGE('',*,*,#1720,.F.);
#2261=ORIENTED_EDGE('',*,*,#1723,.F.);
#2262=ORIENTED_EDGE('',*,*,#1724,.F.);
#2263=ORIENTED_EDGE('',*,*,#1725,.T.);
#2264=ORIENTED_EDGE('',*,*,#1719,.F.);
#2265=ORIENTED_EDGE('',*,*,#1726,.T.);
#2266=ORIENTED_EDGE('',*,*,#1727,.F.);
#2267=ORIENTED_EDGE('',*,*,#1728,.T.);
#2268=ORIENTED_EDGE('',*,*,#1729,.F.);
#2269=ORIENTED_EDGE('',*,*,#1730,.T.);
#2270=ORIENTED_EDGE('',*,*,#1731,.F.);
#2271=ORIENTED_EDGE('',*,*,#1723,.T.);
#2272=ORIENTED_EDGE('',*,*,#1732,.T.);
#2273=ORIENTED_EDGE('',*,*,#1733,.T.);
#2274=ORIENTED_EDGE('',*,*,#1734,.T.);
#2275=ORIENTED_EDGE('',*,*,#1711,.T.);
#2276=ORIENTED_EDGE('',*,*,#1733,.F.);
#2277=ORIENTED_EDGE('',*,*,#1735,.F.);
#2278=ORIENTED_EDGE('',*,*,#1736,.F.);
#2279=ORIENTED_EDGE('',*,*,#1737,.T.);
#2280=ORIENTED_EDGE('',*,*,#1542,.F.);
#2281=ORIENTED_EDGE('',*,*,#1738,.T.);
#2282=ORIENTED_EDGE('',*,*,#1739,.F.);
#2283=ORIENTED_EDGE('',*,*,#1740,.T.);
#2284=ORIENTED_EDGE('',*,*,#1741,.F.);
#2285=ORIENTED_EDGE('',*,*,#1742,.T.);
#2286=ORIENTED_EDGE('',*,*,#1732,.F.);
#2287=ORIENTED_EDGE('',*,*,#1710,.T.);
#2288=ORIENTED_EDGE('',*,*,#1708,.F.);
#2289=ORIENTED_EDGE('',*,*,#1697,.T.);
#2290=ORIENTED_EDGE('',*,*,#1695,.F.);
#2291=ORIENTED_EDGE('',*,*,#1743,.T.);
#2292=ORIENTED_EDGE('',*,*,#1744,.F.);
#2293=ORIENTED_EDGE('',*,*,#1745,.T.);
#2294=ORIENTED_EDGE('',*,*,#1746,.F.);
#2295=ORIENTED_EDGE('',*,*,#1747,.T.);
#2296=ORIENTED_EDGE('',*,*,#1748,.F.);
#2297=ORIENTED_EDGE('',*,*,#1749,.T.);
#2298=ORIENTED_EDGE('',*,*,#1750,.F.);
#2299=ORIENTED_EDGE('',*,*,#1716,.T.);
#2300=ORIENTED_EDGE('',*,*,#1714,.F.);
#2301=ORIENTED_EDGE('',*,*,#1704,.T.);
#2302=ORIENTED_EDGE('',*,*,#1702,.F.);
#2303=ORIENTED_EDGE('',*,*,#1751,.T.);
#2304=ORIENTED_EDGE('',*,*,#1752,.F.);
#2305=ORIENTED_EDGE('',*,*,#1753,.T.);
#2306=ORIENTED_EDGE('',*,*,#1754,.F.);
#2307=ORIENTED_EDGE('',*,*,#1755,.T.);
#2308=ORIENTED_EDGE('',*,*,#1756,.F.);
#2309=ORIENTED_EDGE('',*,*,#1735,.T.);
#2310=ORIENTED_EDGE('',*,*,#1757,.T.);
#2311=ORIENTED_EDGE('',*,*,#1758,.T.);
#2312=ORIENTED_EDGE('',*,*,#1759,.T.);
#2313=ORIENTED_EDGE('',*,*,#1760,.T.);
#2314=ORIENTED_EDGE('',*,*,#1761,.T.);
#2315=ORIENTED_EDGE('',*,*,#1762,.F.);
#2316=ORIENTED_EDGE('',*,*,#1763,.T.);
#2317=ORIENTED_EDGE('',*,*,#1764,.F.);
#2318=ORIENTED_EDGE('',*,*,#1765,.T.);
#2319=ORIENTED_EDGE('',*,*,#1766,.F.);
#2320=ORIENTED_EDGE('',*,*,#1767,.T.);
#2321=ORIENTED_EDGE('',*,*,#1768,.F.);
#2322=ORIENTED_EDGE('',*,*,#1769,.T.);
#2323=ORIENTED_EDGE('',*,*,#1770,.F.);
#2324=ORIENTED_EDGE('',*,*,#1771,.T.);
#2325=ORIENTED_EDGE('',*,*,#1772,.F.);
#2326=ORIENTED_EDGE('',*,*,#1773,.T.);
#2327=ORIENTED_EDGE('',*,*,#1774,.F.);
#2328=ORIENTED_EDGE('',*,*,#1775,.T.);
#2329=ORIENTED_EDGE('',*,*,#1776,.F.);
#2330=ORIENTED_EDGE('',*,*,#1777,.T.);
#2331=ORIENTED_EDGE('',*,*,#1778,.F.);
#2332=ORIENTED_EDGE('',*,*,#1779,.T.);
#2333=ORIENTED_EDGE('',*,*,#1780,.F.);
#2334=ORIENTED_EDGE('',*,*,#1781,.T.);
#2335=ORIENTED_EDGE('',*,*,#1782,.F.);
#2336=ORIENTED_EDGE('',*,*,#1783,.T.);
#2337=ORIENTED_EDGE('',*,*,#1784,.F.);
#2338=ORIENTED_EDGE('',*,*,#1620,.T.);
#2339=ORIENTED_EDGE('',*,*,#1615,.F.);
#2340=ORIENTED_EDGE('',*,*,#1663,.T.);
#2341=ORIENTED_EDGE('',*,*,#1684,.F.);
#2342=ORIENTED_EDGE('',*,*,#1657,.T.);
#2343=ORIENTED_EDGE('',*,*,#1679,.F.);
#2344=ORIENTED_EDGE('',*,*,#1633,.T.);
#2345=ORIENTED_EDGE('',*,*,#1631,.F.);
#2346=ORIENTED_EDGE('',*,*,#1595,.T.);
#2347=ORIENTED_EDGE('',*,*,#1590,.F.);
#2348=ORIENTED_EDGE('',*,*,#1670,.T.);
#2349=ORIENTED_EDGE('',*,*,#1688,.F.);
#2350=ORIENTED_EDGE('',*,*,#1587,.F.);
#2351=ORIENTED_EDGE('',*,*,#1673,.T.);
#2352=ORIENTED_EDGE('',*,*,#1690,.F.);
#2353=ORIENTED_EDGE('',*,*,#1574,.T.);
#2354=ORIENTED_EDGE('',*,*,#1608,.F.);
#2355=ORIENTED_EDGE('',*,*,#1666,.T.);
#2356=ORIENTED_EDGE('',*,*,#1686,.F.);
#2357=ORIENTED_EDGE('',*,*,#1610,.T.);
#2358=ORIENTED_EDGE('',*,*,#1675,.F.);
#2359=ORIENTED_EDGE('',*,*,#1692,.T.);
#2360=ORIENTED_EDGE('',*,*,#1640,.F.);
#2361=ORIENTED_EDGE('',*,*,#1661,.T.);
#2362=ORIENTED_EDGE('',*,*,#1654,.T.);
#2363=ORIENTED_EDGE('',*,*,#1681,.F.);
#2364=ORIENTED_EDGE('',*,*,#1626,.T.);
#2365=ORIENTED_EDGE('',*,*,#1624,.F.);
#2366=ORIENTED_EDGE('',*,*,#1604,.T.);
#2367=ORIENTED_EDGE('',*,*,#1599,.F.);
#2368=ORIENTED_EDGE('',*,*,#1668,.T.);
#2369=ORIENTED_EDGE('',*,*,#1687,.F.);
#2370=ORIENTED_EDGE('',*,*,#1651,.T.);
#2371=ORIENTED_EDGE('',*,*,#1683,.F.);
#2372=ORIENTED_EDGE('',*,*,#1646,.T.);
#2373=ORIENTED_EDGE('',*,*,#1644,.F.);
#2374=ORIENTED_EDGE('',*,*,#1677,.F.);
#2375=ORIENTED_EDGE('',*,*,#1691,.T.);
#2376=ORIENTED_EDGE('',*,*,#1637,.F.);
#2377=ORIENTED_EDGE('',*,*,#1659,.T.);
#2378=ORIENTED_EDGE('',*,*,#1785,.T.);
#2379=ORIENTED_EDGE('',*,*,#1786,.T.);
#2380=ORIENTED_EDGE('',*,*,#1787,.T.);
#2381=ORIENTED_EDGE('',*,*,#1788,.T.);
#2382=ORIENTED_EDGE('',*,*,#1786,.F.);
#2383=ORIENTED_EDGE('',*,*,#1789,.F.);
#2384=ORIENTED_EDGE('',*,*,#1790,.F.);
#2385=ORIENTED_EDGE('',*,*,#1791,.T.);
#2386=ORIENTED_EDGE('',*,*,#1785,.F.);
#2387=ORIENTED_EDGE('',*,*,#1792,.T.);
#2388=ORIENTED_EDGE('',*,*,#1793,.F.);
#2389=ORIENTED_EDGE('',*,*,#1794,.T.);
#2390=ORIENTED_EDGE('',*,*,#1795,.F.);
#2391=ORIENTED_EDGE('',*,*,#1796,.T.);
#2392=ORIENTED_EDGE('',*,*,#1797,.F.);
#2393=ORIENTED_EDGE('',*,*,#1789,.T.);
#2394=ORIENTED_EDGE('',*,*,#1798,.F.);
#2395=ORIENTED_EDGE('',*,*,#1717,.T.);
#2396=ORIENTED_EDGE('',*,*,#1750,.T.);
#2397=ORIENTED_EDGE('',*,*,#1799,.T.);
#2398=ORIENTED_EDGE('',*,*,#1799,.F.);
#2399=ORIENTED_EDGE('',*,*,#1749,.F.);
#2400=ORIENTED_EDGE('',*,*,#1800,.F.);
#2401=ORIENTED_EDGE('',*,*,#1801,.T.);
#2402=ORIENTED_EDGE('',*,*,#1802,.T.);
#2403=ORIENTED_EDGE('',*,*,#1803,.T.);
#2404=ORIENTED_EDGE('',*,*,#1804,.T.);
#2405=ORIENTED_EDGE('',*,*,#1805,.T.);
#2406=ORIENTED_EDGE('',*,*,#1803,.F.);
#2407=ORIENTED_EDGE('',*,*,#1806,.F.);
#2408=ORIENTED_EDGE('',*,*,#1807,.F.);
#2409=ORIENTED_EDGE('',*,*,#1808,.T.);
#2410=ORIENTED_EDGE('',*,*,#1802,.F.);
#2411=ORIENTED_EDGE('',*,*,#1809,.T.);
#2412=ORIENTED_EDGE('',*,*,#1810,.F.);
#2413=ORIENTED_EDGE('',*,*,#1811,.T.);
#2414=ORIENTED_EDGE('',*,*,#1812,.F.);
#2415=ORIENTED_EDGE('',*,*,#1813,.T.);
#2416=ORIENTED_EDGE('',*,*,#1814,.F.);
#2417=ORIENTED_EDGE('',*,*,#1806,.T.);
#2418=ORIENTED_EDGE('',*,*,#1797,.T.);
#2419=ORIENTED_EDGE('',*,*,#1815,.T.);
#2420=ORIENTED_EDGE('',*,*,#1816,.T.);
#2421=ORIENTED_EDGE('',*,*,#1790,.T.);
#2422=ORIENTED_EDGE('',*,*,#1815,.F.);
#2423=ORIENTED_EDGE('',*,*,#1796,.F.);
#2424=ORIENTED_EDGE('',*,*,#1817,.F.);
#2425=ORIENTED_EDGE('',*,*,#1818,.T.);
#2426=ORIENTED_EDGE('',*,*,#1795,.T.);
#2427=ORIENTED_EDGE('',*,*,#1819,.T.);
#2428=ORIENTED_EDGE('',*,*,#1820,.T.);
#2429=ORIENTED_EDGE('',*,*,#1817,.T.);
#2430=ORIENTED_EDGE('',*,*,#1819,.F.);
#2431=ORIENTED_EDGE('',*,*,#1794,.F.);
#2432=ORIENTED_EDGE('',*,*,#1821,.F.);
#2433=ORIENTED_EDGE('',*,*,#1822,.T.);
#2434=ORIENTED_EDGE('',*,*,#1793,.T.);
#2435=ORIENTED_EDGE('',*,*,#1823,.T.);
#2436=ORIENTED_EDGE('',*,*,#1824,.T.);
#2437=ORIENTED_EDGE('',*,*,#1821,.T.);
#2438=ORIENTED_EDGE('',*,*,#1825,.F.);
#2439=ORIENTED_EDGE('',*,*,#1826,.T.);
#2440=ORIENTED_EDGE('',*,*,#1752,.T.);
#2441=ORIENTED_EDGE('',*,*,#1827,.T.);
#2442=ORIENTED_EDGE('',*,*,#1701,.F.);
#2443=ORIENTED_EDGE('',*,*,#1828,.T.);
#2444=ORIENTED_EDGE('',*,*,#1827,.F.);
#2445=ORIENTED_EDGE('',*,*,#1751,.F.);
#2446=ORIENTED_EDGE('',*,*,#1754,.T.);
#2447=ORIENTED_EDGE('',*,*,#1829,.T.);
#2448=ORIENTED_EDGE('',*,*,#1830,.T.);
#2449=ORIENTED_EDGE('',*,*,#1831,.T.);
#2450=ORIENTED_EDGE('',*,*,#1831,.F.);
#2451=ORIENTED_EDGE('',*,*,#1832,.T.);
#2452=ORIENTED_EDGE('',*,*,#1833,.F.);
#2453=ORIENTED_EDGE('',*,*,#1755,.F.);
#2454=ORIENTED_EDGE('',*,*,#1756,.T.);
#2455=ORIENTED_EDGE('',*,*,#1833,.T.);
#2456=ORIENTED_EDGE('',*,*,#1834,.T.);
#2457=ORIENTED_EDGE('',*,*,#1736,.T.);
#2458=ORIENTED_EDGE('',*,*,#1814,.T.);
#2459=ORIENTED_EDGE('',*,*,#1835,.T.);
#2460=ORIENTED_EDGE('',*,*,#1836,.T.);
#2461=ORIENTED_EDGE('',*,*,#1807,.T.);
#2462=ORIENTED_EDGE('',*,*,#1835,.F.);
#2463=ORIENTED_EDGE('',*,*,#1813,.F.);
#2464=ORIENTED_EDGE('',*,*,#1837,.F.);
#2465=ORIENTED_EDGE('',*,*,#1838,.T.);
#2466=ORIENTED_EDGE('',*,*,#1812,.T.);
#2467=ORIENTED_EDGE('',*,*,#1839,.T.);
#2468=ORIENTED_EDGE('',*,*,#1840,.T.);
#2469=ORIENTED_EDGE('',*,*,#1837,.T.);
#2470=ORIENTED_EDGE('',*,*,#1839,.F.);
#2471=ORIENTED_EDGE('',*,*,#1811,.F.);
#2472=ORIENTED_EDGE('',*,*,#1841,.F.);
#2473=ORIENTED_EDGE('',*,*,#1842,.T.);
#2474=ORIENTED_EDGE('',*,*,#1731,.T.);
#2475=ORIENTED_EDGE('',*,*,#1843,.T.);
#2476=ORIENTED_EDGE('',*,*,#1844,.T.);
#2477=ORIENTED_EDGE('',*,*,#1724,.T.);
#2478=ORIENTED_EDGE('',*,*,#1843,.F.);
#2479=ORIENTED_EDGE('',*,*,#1730,.F.);
#2480=ORIENTED_EDGE('',*,*,#1845,.F.);
#2481=ORIENTED_EDGE('',*,*,#1846,.T.);
#2482=ORIENTED_EDGE('',*,*,#1729,.T.);
#2483=ORIENTED_EDGE('',*,*,#1847,.T.);
#2484=ORIENTED_EDGE('',*,*,#1848,.T.);
#2485=ORIENTED_EDGE('',*,*,#1845,.T.);
#2486=ORIENTED_EDGE('',*,*,#1847,.F.);
#2487=ORIENTED_EDGE('',*,*,#1728,.F.);
#2488=ORIENTED_EDGE('',*,*,#1849,.F.);
#2489=ORIENTED_EDGE('',*,*,#1850,.T.);
#2490=ORIENTED_EDGE('',*,*,#1727,.T.);
#2491=ORIENTED_EDGE('',*,*,#1851,.T.);
#2492=ORIENTED_EDGE('',*,*,#1852,.T.);
#2493=ORIENTED_EDGE('',*,*,#1849,.T.);
#2494=ORIENTED_EDGE('',*,*,#1853,.F.);
#2495=ORIENTED_EDGE('',*,*,#1854,.T.);
#2496=ORIENTED_EDGE('',*,*,#1744,.T.);
#2497=ORIENTED_EDGE('',*,*,#1855,.T.);
#2498=ORIENTED_EDGE('',*,*,#1694,.F.);
#2499=ORIENTED_EDGE('',*,*,#1856,.T.);
#2500=ORIENTED_EDGE('',*,*,#1855,.F.);
#2501=ORIENTED_EDGE('',*,*,#1743,.F.);
#2502=ORIENTED_EDGE('',*,*,#1810,.T.);
#2503=ORIENTED_EDGE('',*,*,#1857,.T.);
#2504=ORIENTED_EDGE('',*,*,#1858,.T.);
#2505=ORIENTED_EDGE('',*,*,#1841,.T.);
#2506=ORIENTED_EDGE('',*,*,#1746,.T.);
#2507=ORIENTED_EDGE('',*,*,#1859,.T.);
#2508=ORIENTED_EDGE('',*,*,#1860,.T.);
#2509=ORIENTED_EDGE('',*,*,#1861,.T.);
#2510=ORIENTED_EDGE('',*,*,#1861,.F.);
#2511=ORIENTED_EDGE('',*,*,#1862,.T.);
#2512=ORIENTED_EDGE('',*,*,#1863,.F.);
#2513=ORIENTED_EDGE('',*,*,#1747,.F.);
#2514=ORIENTED_EDGE('',*,*,#1864,.F.);
#2515=ORIENTED_EDGE('',*,*,#1800,.T.);
#2516=ORIENTED_EDGE('',*,*,#1748,.T.);
#2517=ORIENTED_EDGE('',*,*,#1863,.T.);
#2518=ORIENTED_EDGE('',*,*,#1788,.F.);
#2519=ORIENTED_EDGE('',*,*,#1865,.T.);
#2520=ORIENTED_EDGE('',*,*,#1823,.F.);
#2521=ORIENTED_EDGE('',*,*,#1792,.F.);
#2522=ORIENTED_EDGE('',*,*,#1722,.F.);
#2523=ORIENTED_EDGE('',*,*,#1866,.T.);
#2524=ORIENTED_EDGE('',*,*,#1851,.F.);
#2525=ORIENTED_EDGE('',*,*,#1726,.F.);
#2526=ORIENTED_EDGE('',*,*,#1805,.F.);
#2527=ORIENTED_EDGE('',*,*,#1867,.T.);
#2528=ORIENTED_EDGE('',*,*,#1857,.F.);
#2529=ORIENTED_EDGE('',*,*,#1809,.F.);
#2530=ORIENTED_EDGE('',*,*,#1854,.F.);
#2531=ORIENTED_EDGE('',*,*,#1868,.T.);
#2532=ORIENTED_EDGE('',*,*,#1859,.F.);
#2533=ORIENTED_EDGE('',*,*,#1745,.F.);
#2534=ORIENTED_EDGE('',*,*,#1826,.F.);
#2535=ORIENTED_EDGE('',*,*,#1869,.T.);
#2536=ORIENTED_EDGE('',*,*,#1829,.F.);
#2537=ORIENTED_EDGE('',*,*,#1753,.F.);
#2538=ORIENTED_EDGE('',*,*,#1693,.T.);
#2539=ORIENTED_EDGE('',*,*,#1699,.F.);
#2540=ORIENTED_EDGE('',*,*,#1707,.T.);
#2541=ORIENTED_EDGE('',*,*,#1712,.F.);
#2542=ORIENTED_EDGE('',*,*,#1734,.F.);
#2543=ORIENTED_EDGE('',*,*,#1737,.F.);
#2544=ORIENTED_EDGE('',*,*,#1834,.F.);
#2545=ORIENTED_EDGE('',*,*,#1832,.F.);
#2546=ORIENTED_EDGE('',*,*,#1830,.F.);
#2547=ORIENTED_EDGE('',*,*,#1869,.F.);
#2548=ORIENTED_EDGE('',*,*,#1825,.T.);
#2549=ORIENTED_EDGE('',*,*,#1828,.F.);
#2550=ORIENTED_EDGE('',*,*,#1700,.T.);
#2551=ORIENTED_EDGE('',*,*,#1706,.F.);
#2552=ORIENTED_EDGE('',*,*,#1713,.T.);
#2553=ORIENTED_EDGE('',*,*,#1718,.F.);
#2554=ORIENTED_EDGE('',*,*,#1798,.T.);
#2555=ORIENTED_EDGE('',*,*,#1801,.F.);
#2556=ORIENTED_EDGE('',*,*,#1864,.T.);
#2557=ORIENTED_EDGE('',*,*,#1862,.F.);
#2558=ORIENTED_EDGE('',*,*,#1860,.F.);
#2559=ORIENTED_EDGE('',*,*,#1868,.F.);
#2560=ORIENTED_EDGE('',*,*,#1853,.T.);
#2561=ORIENTED_EDGE('',*,*,#1856,.F.);
#2562=ORIENTED_EDGE('',*,*,#1838,.F.);
#2563=ORIENTED_EDGE('',*,*,#1840,.F.);
#2564=ORIENTED_EDGE('',*,*,#1842,.F.);
#2565=ORIENTED_EDGE('',*,*,#1858,.F.);
#2566=ORIENTED_EDGE('',*,*,#1867,.F.);
#2567=ORIENTED_EDGE('',*,*,#1804,.F.);
#2568=ORIENTED_EDGE('',*,*,#1808,.F.);
#2569=ORIENTED_EDGE('',*,*,#1836,.F.);
#2570=ORIENTED_EDGE('',*,*,#1846,.F.);
#2571=ORIENTED_EDGE('',*,*,#1848,.F.);
#2572=ORIENTED_EDGE('',*,*,#1850,.F.);
#2573=ORIENTED_EDGE('',*,*,#1852,.F.);
#2574=ORIENTED_EDGE('',*,*,#1866,.F.);
#2575=ORIENTED_EDGE('',*,*,#1721,.F.);
#2576=ORIENTED_EDGE('',*,*,#1725,.F.);
#2577=ORIENTED_EDGE('',*,*,#1844,.F.);
#2578=ORIENTED_EDGE('',*,*,#1818,.F.);
#2579=ORIENTED_EDGE('',*,*,#1820,.F.);
#2580=ORIENTED_EDGE('',*,*,#1822,.F.);
#2581=ORIENTED_EDGE('',*,*,#1824,.F.);
#2582=ORIENTED_EDGE('',*,*,#1865,.F.);
#2583=ORIENTED_EDGE('',*,*,#1787,.F.);
#2584=ORIENTED_EDGE('',*,*,#1791,.F.);
#2585=ORIENTED_EDGE('',*,*,#1816,.F.);
#2586=ORIENTED_EDGE('',*,*,#1870,.F.);
#2587=ORIENTED_EDGE('',*,*,#1765,.F.);
#2588=ORIENTED_EDGE('',*,*,#1871,.F.);
#2589=ORIENTED_EDGE('',*,*,#1872,.T.);
#2590=ORIENTED_EDGE('',*,*,#1873,.F.);
#2591=ORIENTED_EDGE('',*,*,#1874,.T.);
#2592=ORIENTED_EDGE('',*,*,#1766,.T.);
#2593=ORIENTED_EDGE('',*,*,#1870,.T.);
#2594=ORIENTED_EDGE('',*,*,#1875,.F.);
#2595=ORIENTED_EDGE('',*,*,#1876,.T.);
#2596=ORIENTED_EDGE('',*,*,#1772,.T.);
#2597=ORIENTED_EDGE('',*,*,#1877,.T.);
#2598=ORIENTED_EDGE('',*,*,#1876,.F.);
#2599=ORIENTED_EDGE('',*,*,#1878,.T.);
#2600=ORIENTED_EDGE('',*,*,#1879,.F.);
#2601=ORIENTED_EDGE('',*,*,#1773,.F.);
#2602=ORIENTED_EDGE('',*,*,#1880,.F.);
#2603=ORIENTED_EDGE('',*,*,#1881,.T.);
#2604=ORIENTED_EDGE('',*,*,#1770,.T.);
#2605=ORIENTED_EDGE('',*,*,#1882,.T.);
#2606=ORIENTED_EDGE('',*,*,#1875,.T.);
#2607=ORIENTED_EDGE('',*,*,#1883,.F.);
#2608=ORIENTED_EDGE('',*,*,#1880,.T.);
#2609=ORIENTED_EDGE('',*,*,#1884,.F.);
#2610=ORIENTED_EDGE('',*,*,#1885,.T.);
#2611=ORIENTED_EDGE('',*,*,#1886,.F.);
#2612=ORIENTED_EDGE('',*,*,#1887,.T.);
#2613=ORIENTED_EDGE('',*,*,#1878,.F.);
#2614=ORIENTED_EDGE('',*,*,#1882,.F.);
#2615=ORIENTED_EDGE('',*,*,#1769,.F.);
#2616=ORIENTED_EDGE('',*,*,#1888,.F.);
#2617=ORIENTED_EDGE('',*,*,#1884,.T.);
#2618=ORIENTED_EDGE('',*,*,#1885,.F.);
#2619=ORIENTED_EDGE('',*,*,#1888,.T.);
#2620=ORIENTED_EDGE('',*,*,#1776,.T.);
#2621=ORIENTED_EDGE('',*,*,#1889,.T.);
#2622=ORIENTED_EDGE('',*,*,#1889,.F.);
#2623=ORIENTED_EDGE('',*,*,#1775,.F.);
#2624=ORIENTED_EDGE('',*,*,#1890,.F.);
#2625=ORIENTED_EDGE('',*,*,#1886,.T.);
#2626=ORIENTED_EDGE('',*,*,#1887,.F.);
#2627=ORIENTED_EDGE('',*,*,#1890,.T.);
#2628=ORIENTED_EDGE('',*,*,#1774,.T.);
#2629=ORIENTED_EDGE('',*,*,#1879,.T.);
#2630=ORIENTED_EDGE('',*,*,#1891,.F.);
#2631=ORIENTED_EDGE('',*,*,#1871,.T.);
#2632=ORIENTED_EDGE('',*,*,#1768,.T.);
#2633=ORIENTED_EDGE('',*,*,#1892,.T.);
#2634=ORIENTED_EDGE('',*,*,#1874,.F.);
#2635=ORIENTED_EDGE('',*,*,#1893,.T.);
#2636=ORIENTED_EDGE('',*,*,#1892,.F.);
#2637=ORIENTED_EDGE('',*,*,#1767,.F.);
#2638=ORIENTED_EDGE('',*,*,#1894,.F.);
#2639=ORIENTED_EDGE('',*,*,#1761,.F.);
#2640=ORIENTED_EDGE('',*,*,#1895,.F.);
#2641=ORIENTED_EDGE('',*,*,#1896,.T.);
#2642=ORIENTED_EDGE('',*,*,#1897,.F.);
#2643=ORIENTED_EDGE('',*,*,#1898,.T.);
#2644=ORIENTED_EDGE('',*,*,#1784,.T.);
#2645=ORIENTED_EDGE('',*,*,#1899,.T.);
#2646=ORIENTED_EDGE('',*,*,#1898,.F.);
#2647=ORIENTED_EDGE('',*,*,#1900,.T.);
#2648=ORIENTED_EDGE('',*,*,#1901,.F.);
#2649=ORIENTED_EDGE('',*,*,#1777,.F.);
#2650=ORIENTED_EDGE('',*,*,#1902,.F.);
#2651=ORIENTED_EDGE('',*,*,#1903,.T.);
#2652=ORIENTED_EDGE('',*,*,#1782,.T.);
#2653=ORIENTED_EDGE('',*,*,#1904,.T.);
#2654=ORIENTED_EDGE('',*,*,#1897,.T.);
#2655=ORIENTED_EDGE('',*,*,#1905,.F.);
#2656=ORIENTED_EDGE('',*,*,#1902,.T.);
#2657=ORIENTED_EDGE('',*,*,#1906,.F.);
#2658=ORIENTED_EDGE('',*,*,#1907,.T.);
#2659=ORIENTED_EDGE('',*,*,#1908,.F.);
#2660=ORIENTED_EDGE('',*,*,#1909,.T.);
#2661=ORIENTED_EDGE('',*,*,#1900,.F.);
#2662=ORIENTED_EDGE('',*,*,#1904,.F.);
#2663=ORIENTED_EDGE('',*,*,#1781,.F.);
#2664=ORIENTED_EDGE('',*,*,#1910,.F.);
#2665=ORIENTED_EDGE('',*,*,#1906,.T.);
#2666=ORIENTED_EDGE('',*,*,#1911,.F.);
#2667=ORIENTED_EDGE('',*,*,#1895,.T.);
#2668=ORIENTED_EDGE('',*,*,#1764,.T.);
#2669=ORIENTED_EDGE('',*,*,#1912,.T.);
#2670=ORIENTED_EDGE('',*,*,#1912,.F.);
#2671=ORIENTED_EDGE('',*,*,#1763,.F.);
#2672=ORIENTED_EDGE('',*,*,#1913,.F.);
#2673=ORIENTED_EDGE('',*,*,#1914,.T.);
#2674=ORIENTED_EDGE('',*,*,#1915,.F.);
#2675=ORIENTED_EDGE('',*,*,#1913,.T.);
#2676=ORIENTED_EDGE('',*,*,#1762,.T.);
#2677=ORIENTED_EDGE('',*,*,#1894,.T.);
#2678=ORIENTED_EDGE('',*,*,#1907,.F.);
#2679=ORIENTED_EDGE('',*,*,#1910,.T.);
#2680=ORIENTED_EDGE('',*,*,#1780,.T.);
#2681=ORIENTED_EDGE('',*,*,#1916,.T.);
#2682=ORIENTED_EDGE('',*,*,#1909,.F.);
#2683=ORIENTED_EDGE('',*,*,#1917,.T.);
#2684=ORIENTED_EDGE('',*,*,#1778,.T.);
#2685=ORIENTED_EDGE('',*,*,#1901,.T.);
#2686=ORIENTED_EDGE('',*,*,#1899,.F.);
#2687=ORIENTED_EDGE('',*,*,#1783,.F.);
#2688=ORIENTED_EDGE('',*,*,#1903,.F.);
#2689=ORIENTED_EDGE('',*,*,#1905,.T.);
#2690=ORIENTED_EDGE('',*,*,#1916,.F.);
#2691=ORIENTED_EDGE('',*,*,#1779,.F.);
#2692=ORIENTED_EDGE('',*,*,#1917,.F.);
#2693=ORIENTED_EDGE('',*,*,#1908,.T.);
#2694=ORIENTED_EDGE('',*,*,#1877,.F.);
#2695=ORIENTED_EDGE('',*,*,#1771,.F.);
#2696=ORIENTED_EDGE('',*,*,#1881,.F.);
#2697=ORIENTED_EDGE('',*,*,#1883,.T.);
#2698=ORIENTED_EDGE('',*,*,#1873,.T.);
#2699=ORIENTED_EDGE('',*,*,#1872,.F.);
#2700=ORIENTED_EDGE('',*,*,#1891,.T.);
#2701=ORIENTED_EDGE('',*,*,#1893,.F.);
#2702=ORIENTED_EDGE('',*,*,#1915,.T.);
#2703=ORIENTED_EDGE('',*,*,#1896,.F.);
#2704=ORIENTED_EDGE('',*,*,#1911,.T.);
#2705=ORIENTED_EDGE('',*,*,#1914,.F.);
#2706=ORIENTED_EDGE('',*,*,#1918,.F.);
#2707=ORIENTED_EDGE('',*,*,#1919,.T.);
#2708=ORIENTED_EDGE('',*,*,#1570,.T.);
#2709=ORIENTED_EDGE('',*,*,#1568,.F.);
#2710=ORIENTED_EDGE('',*,*,#1920,.T.);
#2711=ORIENTED_EDGE('',*,*,#1919,.F.);
#2712=ORIENTED_EDGE('',*,*,#1921,.T.);
#2713=ORIENTED_EDGE('',*,*,#1922,.F.);
#2714=ORIENTED_EDGE('',*,*,#1571,.T.);
#2715=ORIENTED_EDGE('',*,*,#1923,.F.);
#2716=ORIENTED_EDGE('',*,*,#1562,.T.);
#2717=ORIENTED_EDGE('',*,*,#1560,.F.);
#2718=ORIENTED_EDGE('',*,*,#1572,.T.);
#2719=ORIENTED_EDGE('',*,*,#1922,.T.);
#2720=ORIENTED_EDGE('',*,*,#1924,.T.);
#2721=ORIENTED_EDGE('',*,*,#1925,.T.);
#2722=ORIENTED_EDGE('',*,*,#1739,.T.);
#2723=ORIENTED_EDGE('',*,*,#1926,.T.);
#2724=ORIENTED_EDGE('',*,*,#1925,.F.);
#2725=ORIENTED_EDGE('',*,*,#1927,.F.);
#2726=ORIENTED_EDGE('',*,*,#1928,.F.);
#2727=ORIENTED_EDGE('',*,*,#1740,.F.);
#2728=ORIENTED_EDGE('',*,*,#1924,.F.);
#2729=ORIENTED_EDGE('',*,*,#1929,.T.);
#2730=ORIENTED_EDGE('',*,*,#1549,.F.);
#2731=ORIENTED_EDGE('',*,*,#1930,.T.);
#2732=ORIENTED_EDGE('',*,*,#1561,.T.);
#2733=ORIENTED_EDGE('',*,*,#1565,.T.);
#2734=ORIENTED_EDGE('',*,*,#1931,.F.);
#2735=ORIENTED_EDGE('',*,*,#1932,.T.);
#2736=ORIENTED_EDGE('',*,*,#1933,.T.);
#2737=ORIENTED_EDGE('',*,*,#1934,.F.);
#2738=ORIENTED_EDGE('',*,*,#1935,.T.);
#2739=ORIENTED_EDGE('',*,*,#1936,.F.);
#2740=ORIENTED_EDGE('',*,*,#1937,.T.);
#2741=ORIENTED_EDGE('',*,*,#1938,.T.);
#2742=ORIENTED_EDGE('',*,*,#1939,.F.);
#2743=ORIENTED_EDGE('',*,*,#1940,.T.);
#2744=ORIENTED_EDGE('',*,*,#1567,.T.);
#2745=ORIENTED_EDGE('',*,*,#1941,.T.);
#2746=ORIENTED_EDGE('',*,*,#1556,.F.);
#2747=ORIENTED_EDGE('',*,*,#1942,.T.);
#2748=ORIENTED_EDGE('',*,*,#1943,.F.);
#2749=ORIENTED_EDGE('',*,*,#1927,.T.);
#2750=ORIENTED_EDGE('',*,*,#1944,.T.);
#2751=ORIENTED_EDGE('',*,*,#1945,.T.);
#2752=ORIENTED_EDGE('',*,*,#1946,.T.);
#2753=ORIENTED_EDGE('',*,*,#1947,.T.);
#2754=ORIENTED_EDGE('',*,*,#1741,.T.);
#2755=ORIENTED_EDGE('',*,*,#1928,.T.);
#2756=ORIENTED_EDGE('',*,*,#1943,.T.);
#2757=ORIENTED_EDGE('',*,*,#1948,.T.);
#2758=ORIENTED_EDGE('',*,*,#1543,.F.);
#2759=ORIENTED_EDGE('',*,*,#1742,.F.);
#2760=ORIENTED_EDGE('',*,*,#1948,.F.);
#2761=ORIENTED_EDGE('',*,*,#1942,.F.);
#2762=ORIENTED_EDGE('',*,*,#1555,.F.);
#2763=ORIENTED_EDGE('',*,*,#1548,.F.);
#2764=ORIENTED_EDGE('',*,*,#1554,.F.);
#2765=ORIENTED_EDGE('',*,*,#1558,.T.);
#2766=ORIENTED_EDGE('',*,*,#1930,.F.);
#2767=ORIENTED_EDGE('',*,*,#1949,.F.);
#2768=ORIENTED_EDGE('',*,*,#1950,.T.);
#2769=ORIENTED_EDGE('',*,*,#1931,.T.);
#2770=ORIENTED_EDGE('',*,*,#1564,.T.);
#2771=ORIENTED_EDGE('',*,*,#1918,.T.);
#2772=ORIENTED_EDGE('',*,*,#1951,.F.);
#2773=ORIENTED_EDGE('',*,*,#1952,.T.);
#2774=ORIENTED_EDGE('',*,*,#1953,.F.);
#2775=ORIENTED_EDGE('',*,*,#1954,.F.);
#2776=ORIENTED_EDGE('',*,*,#1955,.T.);
#2777=ORIENTED_EDGE('',*,*,#1956,.F.);
#2778=ORIENTED_EDGE('',*,*,#1957,.T.);
#2779=ORIENTED_EDGE('',*,*,#1958,.F.);
#2780=ORIENTED_EDGE('',*,*,#1959,.F.);
#2781=ORIENTED_EDGE('',*,*,#1949,.T.);
#2782=ORIENTED_EDGE('',*,*,#1563,.F.);
#2783=ORIENTED_EDGE('',*,*,#1923,.T.);
#2784=ORIENTED_EDGE('',*,*,#1921,.F.);
#2785=ORIENTED_EDGE('',*,*,#1952,.F.);
#2786=ORIENTED_EDGE('',*,*,#1960,.T.);
#2787=ORIENTED_EDGE('',*,*,#1939,.T.);
#2788=ORIENTED_EDGE('',*,*,#1961,.T.);
#2789=ORIENTED_EDGE('',*,*,#1961,.F.);
#2790=ORIENTED_EDGE('',*,*,#1938,.F.);
#2791=ORIENTED_EDGE('',*,*,#1962,.T.);
#2792=ORIENTED_EDGE('',*,*,#1953,.T.);
#2793=ORIENTED_EDGE('',*,*,#1541,.F.);
#2794=ORIENTED_EDGE('',*,*,#1550,.F.);
#2795=ORIENTED_EDGE('',*,*,#1929,.F.);
#2796=ORIENTED_EDGE('',*,*,#1926,.F.);
#2797=ORIENTED_EDGE('',*,*,#1738,.F.);
#2798=ORIENTED_EDGE('',*,*,#1920,.F.);
#2799=ORIENTED_EDGE('',*,*,#1940,.F.);
#2800=ORIENTED_EDGE('',*,*,#1960,.F.);
#2801=ORIENTED_EDGE('',*,*,#1951,.T.);
#2802=ORIENTED_EDGE('',*,*,#1757,.F.);
#2803=ORIENTED_EDGE('',*,*,#1963,.T.);
#2804=ORIENTED_EDGE('',*,*,#1964,.T.);
#2805=ORIENTED_EDGE('',*,*,#1963,.F.);
#2806=ORIENTED_EDGE('',*,*,#1964,.F.);
#2807=ORIENTED_EDGE('',*,*,#1965,.F.);
#2808=ORIENTED_EDGE('',*,*,#1758,.F.);
#2809=ORIENTED_EDGE('',*,*,#1966,.T.);
#2810=ORIENTED_EDGE('',*,*,#1967,.T.);
#2811=ORIENTED_EDGE('',*,*,#1966,.F.);
#2812=ORIENTED_EDGE('',*,*,#1967,.F.);
#2813=ORIENTED_EDGE('',*,*,#1968,.F.);
#2814=ORIENTED_EDGE('',*,*,#1759,.F.);
#2815=ORIENTED_EDGE('',*,*,#1969,.T.);
#2816=ORIENTED_EDGE('',*,*,#1970,.T.);
#2817=ORIENTED_EDGE('',*,*,#1969,.F.);
#2818=ORIENTED_EDGE('',*,*,#1970,.F.);
#2819=ORIENTED_EDGE('',*,*,#1971,.F.);
#2820=ORIENTED_EDGE('',*,*,#1760,.F.);
#2821=ORIENTED_EDGE('',*,*,#1972,.T.);
#2822=ORIENTED_EDGE('',*,*,#1973,.T.);
#2823=ORIENTED_EDGE('',*,*,#1972,.F.);
#2824=ORIENTED_EDGE('',*,*,#1973,.F.);
#2825=ORIENTED_EDGE('',*,*,#1974,.F.);
#2826=ORIENTED_EDGE('',*,*,#1965,.T.);
#2827=ORIENTED_EDGE('',*,*,#1975,.T.);
#2828=ORIENTED_EDGE('',*,*,#1944,.F.);
#2829=ORIENTED_EDGE('',*,*,#1975,.F.);
#2830=ORIENTED_EDGE('',*,*,#1968,.T.);
#2831=ORIENTED_EDGE('',*,*,#1976,.T.);
#2832=ORIENTED_EDGE('',*,*,#1945,.F.);
#2833=ORIENTED_EDGE('',*,*,#1976,.F.);
#2834=ORIENTED_EDGE('',*,*,#1971,.T.);
#2835=ORIENTED_EDGE('',*,*,#1977,.T.);
#2836=ORIENTED_EDGE('',*,*,#1947,.F.);
#2837=ORIENTED_EDGE('',*,*,#1977,.F.);
#2838=ORIENTED_EDGE('',*,*,#1974,.T.);
#2839=ORIENTED_EDGE('',*,*,#1978,.T.);
#2840=ORIENTED_EDGE('',*,*,#1946,.F.);
#2841=ORIENTED_EDGE('',*,*,#1978,.F.);
#2842=ORIENTED_EDGE('',*,*,#1955,.F.);
#2843=ORIENTED_EDGE('',*,*,#1979,.T.);
#2844=ORIENTED_EDGE('',*,*,#1936,.T.);
#2845=ORIENTED_EDGE('',*,*,#1980,.T.);
#2846=ORIENTED_EDGE('',*,*,#1980,.F.);
#2847=ORIENTED_EDGE('',*,*,#1935,.F.);
#2848=ORIENTED_EDGE('',*,*,#1981,.F.);
#2849=ORIENTED_EDGE('',*,*,#1956,.T.);
#2850=ORIENTED_EDGE('',*,*,#1957,.F.);
#2851=ORIENTED_EDGE('',*,*,#1981,.T.);
#2852=ORIENTED_EDGE('',*,*,#1934,.T.);
#2853=ORIENTED_EDGE('',*,*,#1982,.T.);
#2854=ORIENTED_EDGE('',*,*,#1982,.F.);
#2855=ORIENTED_EDGE('',*,*,#1933,.F.);
#2856=ORIENTED_EDGE('',*,*,#1983,.F.);
#2857=ORIENTED_EDGE('',*,*,#1958,.T.);
#2858=ORIENTED_EDGE('',*,*,#1979,.F.);
#2859=ORIENTED_EDGE('',*,*,#1954,.T.);
#2860=ORIENTED_EDGE('',*,*,#1962,.F.);
#2861=ORIENTED_EDGE('',*,*,#1937,.F.);
#2862=ORIENTED_EDGE('',*,*,#1950,.F.);
#2863=ORIENTED_EDGE('',*,*,#1959,.T.);
#2864=ORIENTED_EDGE('',*,*,#1983,.T.);
#2865=ORIENTED_EDGE('',*,*,#1932,.F.);
#2866=ORIENTED_EDGE('',*,*,#1557,.F.);
#2867=ORIENTED_EDGE('',*,*,#1941,.F.);
#2868=ORIENTED_EDGE('',*,*,#1566,.F.);
#2869=ORIENTED_EDGE('',*,*,#1552,.F.);
#2870=CYLINDRICAL_SURFACE('',#3134,1.);
#2871=CYLINDRICAL_SURFACE('',#3137,2.);
#2872=CYLINDRICAL_SURFACE('',#3142,2.);
#2873=CYLINDRICAL_SURFACE('',#3144,1.);
#2874=CYLINDRICAL_SURFACE('',#3147,1.);
#2875=CYLINDRICAL_SURFACE('',#3159,0.5);
#2876=CYLINDRICAL_SURFACE('',#3162,0.5);
#2877=CYLINDRICAL_SURFACE('',#3168,0.5);
#2878=CYLINDRICAL_SURFACE('',#3174,0.5);
#2879=CYLINDRICAL_SURFACE('',#3178,0.5);
#2880=CYLINDRICAL_SURFACE('',#3184,0.5);
#2881=CYLINDRICAL_SURFACE('',#3188,0.5);
#2882=CYLINDRICAL_SURFACE('',#3192,0.5);
#2883=CYLINDRICAL_SURFACE('',#3194,0.5);
#2884=CYLINDRICAL_SURFACE('',#3196,0.5);
#2885=CYLINDRICAL_SURFACE('',#3210,0.5);
#2886=CYLINDRICAL_SURFACE('',#3212,0.5);
#2887=CYLINDRICAL_SURFACE('',#3214,0.5);
#2888=CYLINDRICAL_SURFACE('',#3217,0.5);
#2889=CYLINDRICAL_SURFACE('',#3220,0.5);
#2890=CYLINDRICAL_SURFACE('',#3223,0.5);
#2891=CYLINDRICAL_SURFACE('',#3225,0.5);
#2892=CYLINDRICAL_SURFACE('',#3228,0.5);
#2893=CYLINDRICAL_SURFACE('',#3230,0.5);
#2894=CYLINDRICAL_SURFACE('',#3232,0.5);
#2895=CYLINDRICAL_SURFACE('',#3242,1.);
#2896=CYLINDRICAL_SURFACE('',#3246,1.);
#2897=CYLINDRICAL_SURFACE('',#3250,1.);
#2898=CYLINDRICAL_SURFACE('',#3254,1.);
#2899=CYLINDRICAL_SURFACE('',#3258,1.);
#2900=CYLINDRICAL_SURFACE('',#3266,1.);
#2901=CYLINDRICAL_SURFACE('',#3296,1.);
#2902=CYLINDRICAL_SURFACE('',#3304,1.);
#2903=CYLINDRICAL_SURFACE('',#3307,1.);
#2904=CYLINDRICAL_SURFACE('',#3315,1.);
#2905=CYLINDRICAL_SURFACE('',#3318,1.);
#2906=CYLINDRICAL_SURFACE('',#3321,1.);
#2907=CYLINDRICAL_SURFACE('',#3323,1.);
#2908=CYLINDRICAL_SURFACE('',#3326,1.);
#2909=CYLINDRICAL_SURFACE('',#3329,1.);
#2910=CYLINDRICAL_SURFACE('',#3331,1.);
#2911=CYLINDRICAL_SURFACE('',#3334,1.);
#2912=CYLINDRICAL_SURFACE('',#3337,1.);
#2913=CYLINDRICAL_SURFACE('',#3340,1.);
#2914=CYLINDRICAL_SURFACE('',#3343,1.);
#2915=CYLINDRICAL_SURFACE('',#3345,1.);
#2916=CYLINDRICAL_SURFACE('',#3348,1.);
#2917=CYLINDRICAL_SURFACE('',#3350,1.);
#2918=CYLINDRICAL_SURFACE('',#3353,1.);
#2919=CYLINDRICAL_SURFACE('',#3362,1.);
#2920=CYLINDRICAL_SURFACE('',#3364,1.);
#2921=CYLINDRICAL_SURFACE('',#3367,1.);
#2922=CYLINDRICAL_SURFACE('',#3373,1.);
#2923=CYLINDRICAL_SURFACE('',#3375,1.);
#2924=CYLINDRICAL_SURFACE('',#3376,1.);
#2925=CYLINDRICAL_SURFACE('',#3380,1.);
#2926=CYLINDRICAL_SURFACE('',#3383,1.);
#2927=CYLINDRICAL_SURFACE('',#3389,1.);
#2928=CYLINDRICAL_SURFACE('',#3392,1.);
#2929=CYLINDRICAL_SURFACE('',#3394,1.);
#2930=CYLINDRICAL_SURFACE('',#3395,1.);
#2931=CYLINDRICAL_SURFACE('',#3401,2.);
#2932=CYLINDRICAL_SURFACE('',#3404,2.);
#2933=CYLINDRICAL_SURFACE('',#3406,2.);
#2934=CYLINDRICAL_SURFACE('',#3419,2.);
#2935=CYLINDRICAL_SURFACE('',#3422,2.);
#2936=CYLINDRICAL_SURFACE('',#3428,2.);
#2937=CYLINDRICAL_SURFACE('',#3432,3.1);
#2938=CYLINDRICAL_SURFACE('',#3436,3.1);
#2939=CYLINDRICAL_SURFACE('',#3440,3.09999999999999);
#2940=CYLINDRICAL_SURFACE('',#3444,3.09999999999999);
#2941=CYLINDRICAL_SURFACE('',#3448,1.6);
#2942=CYLINDRICAL_SURFACE('',#3449,1.6);
#2943=CYLINDRICAL_SURFACE('',#3450,1.6);
#2944=CYLINDRICAL_SURFACE('',#3451,1.6);
#2945=CYLINDRICAL_SURFACE('',#3452,2.);
#2946=CYLINDRICAL_SURFACE('',#3454,2.);
#2947=ADVANCED_FACE('',(#147),#2870,.T.);
#2948=ADVANCED_FACE('',(#148),#2871,.T.);
#2949=ADVANCED_FACE('',(#149),#45,.T.);
#2950=ADVANCED_FACE('',(#150),#2872,.T.);
#2951=ADVANCED_FACE('',(#151),#2873,.F.);
#2952=ADVANCED_FACE('',(#152),#46,.F.);
#2953=ADVANCED_FACE('',(#153),#2874,.F.);
#2954=ADVANCED_FACE('',(#154),#47,.F.);
#2955=ADVANCED_FACE('',(#155),#48,.F.);
#2956=ADVANCED_FACE('',(#156),#49,.F.);
#2957=ADVANCED_FACE('',(#157),#50,.F.);
#2958=ADVANCED_FACE('',(#158),#2875,.F.);
#2959=ADVANCED_FACE('',(#159),#2876,.F.);
#2960=ADVANCED_FACE('',(#160),#51,.F.);
#2961=ADVANCED_FACE('',(#161),#52,.F.);
#2962=ADVANCED_FACE('',(#162),#2877,.F.);
#2963=ADVANCED_FACE('',(#163),#53,.F.);
#2964=ADVANCED_FACE('',(#164),#54,.F.);
#2965=ADVANCED_FACE('',(#165),#2878,.F.);
#2966=ADVANCED_FACE('',(#166),#55,.F.);
#2967=ADVANCED_FACE('',(#167),#2879,.F.);
#2968=ADVANCED_FACE('',(#168),#56,.F.);
#2969=ADVANCED_FACE('',(#169),#57,.F.);
#2970=ADVANCED_FACE('',(#170),#2880,.F.);
#2971=ADVANCED_FACE('',(#171),#58,.F.);
#2972=ADVANCED_FACE('',(#172),#2881,.F.);
#2973=ADVANCED_FACE('',(#173),#59,.F.);
#2974=ADVANCED_FACE('',(#174),#2882,.F.);
#2975=ADVANCED_FACE('',(#175),#2883,.F.);
#2976=ADVANCED_FACE('',(#176),#2884,.F.);
#2977=ADVANCED_FACE('',(#177),#60,.F.);
#2978=ADVANCED_FACE('',(#178),#61,.F.);
#2979=ADVANCED_FACE('',(#179),#62,.F.);
#2980=ADVANCED_FACE('',(#180),#63,.F.);
#2981=ADVANCED_FACE('',(#181),#64,.F.);
#2982=ADVANCED_FACE('',(#182),#65,.F.);
#2983=ADVANCED_FACE('',(#183),#66,.F.);
#2984=ADVANCED_FACE('',(#184),#67,.F.);
#2985=ADVANCED_FACE('',(#185),#68,.F.);
#2986=ADVANCED_FACE('',(#186),#69,.F.);
#2987=ADVANCED_FACE('',(#187),#70,.F.);
#2988=ADVANCED_FACE('',(#188),#2885,.F.);
#2989=ADVANCED_FACE('',(#189),#2886,.F.);
#2990=ADVANCED_FACE('',(#190),#2887,.F.);
#2991=ADVANCED_FACE('',(#191),#2888,.F.);
#2992=ADVANCED_FACE('',(#192),#2889,.F.);
#2993=ADVANCED_FACE('',(#193),#2890,.F.);
#2994=ADVANCED_FACE('',(#194),#2891,.F.);
#2995=ADVANCED_FACE('',(#195),#2892,.F.);
#2996=ADVANCED_FACE('',(#196),#2893,.F.);
#2997=ADVANCED_FACE('',(#197),#2894,.F.);
#2998=ADVANCED_FACE('',(#198),#71,.F.);
#2999=ADVANCED_FACE('',(#199),#72,.F.);
#3000=ADVANCED_FACE('',(#200),#73,.F.);
#3001=ADVANCED_FACE('',(#201),#74,.F.);
#3002=ADVANCED_FACE('',(#202),#75,.F.);
#3003=ADVANCED_FACE('',(#203),#76,.F.);
#3004=ADVANCED_FACE('',(#204),#77,.F.);
#3005=ADVANCED_FACE('',(#205),#2895,.F.);
#3006=ADVANCED_FACE('',(#206),#78,.F.);
#3007=ADVANCED_FACE('',(#207),#2896,.F.);
#3008=ADVANCED_FACE('',(#208),#79,.F.);
#3009=ADVANCED_FACE('',(#209),#2897,.F.);
#3010=ADVANCED_FACE('',(#210),#80,.F.);
#3011=ADVANCED_FACE('',(#211),#2898,.F.);
#3012=ADVANCED_FACE('',(#212),#81,.F.);
#3013=ADVANCED_FACE('',(#213),#2899,.T.);
#3014=ADVANCED_FACE('',(#214),#82,.F.);
#3015=ADVANCED_FACE('',(#215),#83,.F.);
#3016=ADVANCED_FACE('',(#216),#2900,.T.);
#3017=ADVANCED_FACE('',(#217),#84,.F.);
#3018=ADVANCED_FACE('',(#218,#15,#16,#17,#18,#19,#20,#21,#22,#23,#24,#25,
#26,#27,#28,#29,#30,#31,#32,#33),#85,.F.);
#3019=ADVANCED_FACE('',(#219),#2901,.T.);
#3020=ADVANCED_FACE('',(#220),#86,.F.);
#3021=ADVANCED_FACE('',(#221),#87,.F.);
#3022=ADVANCED_FACE('',(#222),#2902,.F.);
#3023=ADVANCED_FACE('',(#223),#88,.F.);
#3024=ADVANCED_FACE('',(#224),#2903,.T.);
#3025=ADVANCED_FACE('',(#225),#89,.F.);
#3026=ADVANCED_FACE('',(#226),#90,.F.);
#3027=ADVANCED_FACE('',(#227),#2904,.T.);
#3028=ADVANCED_FACE('',(#228),#91,.F.);
#3029=ADVANCED_FACE('',(#229),#2905,.T.);
#3030=ADVANCED_FACE('',(#230),#92,.F.);
#3031=ADVANCED_FACE('',(#231),#2906,.T.);
#3032=ADVANCED_FACE('',(#232),#2907,.F.);
#3033=ADVANCED_FACE('',(#233),#93,.F.);
#3034=ADVANCED_FACE('',(#234),#2908,.T.);
#3035=ADVANCED_FACE('',(#235),#94,.F.);
#3036=ADVANCED_FACE('',(#236),#2909,.T.);
#3037=ADVANCED_FACE('',(#237),#2910,.T.);
#3038=ADVANCED_FACE('',(#238),#95,.F.);
#3039=ADVANCED_FACE('',(#239),#2911,.T.);
#3040=ADVANCED_FACE('',(#240),#96,.F.);
#3041=ADVANCED_FACE('',(#241),#2912,.T.);
#3042=ADVANCED_FACE('',(#242),#97,.F.);
#3043=ADVANCED_FACE('',(#243),#2913,.T.);
#3044=ADVANCED_FACE('',(#244),#98,.F.);
#3045=ADVANCED_FACE('',(#245),#2914,.T.);
#3046=ADVANCED_FACE('',(#246),#2915,.F.);
#3047=ADVANCED_FACE('',(#247),#99,.F.);
#3048=ADVANCED_FACE('',(#248),#2916,.T.);
#3049=ADVANCED_FACE('',(#249),#2917,.T.);
#3050=ADVANCED_FACE('',(#250),#100,.F.);
#3051=ADVANCED_FACE('',(#251),#2918,.F.);
#3052=ADVANCED_FACE('',(#252),#101,.F.);
#3053=ADVANCED_FACE('',(#253),#102,.F.);
#3054=ADVANCED_FACE('',(#254),#103,.F.);
#3055=ADVANCED_FACE('',(#255),#104,.F.);
#3056=ADVANCED_FACE('',(#256),#105,.F.);
#3057=ADVANCED_FACE('',(#257,#34,#35,#36),#106,.F.);
#3058=ADVANCED_FACE('',(#258),#107,.F.);
#3059=ADVANCED_FACE('',(#259),#2919,.F.);
#3060=ADVANCED_FACE('',(#260),#2920,.F.);
#3061=ADVANCED_FACE('',(#261),#108,.F.);
#3062=ADVANCED_FACE('',(#262),#2921,.F.);
#3063=ADVANCED_FACE('',(#263),#109,.F.);
#3064=ADVANCED_FACE('',(#264),#110,.F.);
#3065=ADVANCED_FACE('',(#265),#2922,.F.);
#3066=ADVANCED_FACE('',(#266),#111,.F.);
#3067=ADVANCED_FACE('',(#267),#2923,.F.);
#3068=ADVANCED_FACE('',(#268),#2924,.F.);
#3069=ADVANCED_FACE('',(#269),#112,.F.);
#3070=ADVANCED_FACE('',(#270),#113,.F.);
#3071=ADVANCED_FACE('',(#271),#2925,.F.);
#3072=ADVANCED_FACE('',(#272),#114,.F.);
#3073=ADVANCED_FACE('',(#273),#2926,.F.);
#3074=ADVANCED_FACE('',(#274),#115,.F.);
#3075=ADVANCED_FACE('',(#275),#116,.F.);
#3076=ADVANCED_FACE('',(#276),#2927,.F.);
#3077=ADVANCED_FACE('',(#277),#117,.F.);
#3078=ADVANCED_FACE('',(#278),#2928,.F.);
#3079=ADVANCED_FACE('',(#279),#2929,.F.);
#3080=ADVANCED_FACE('',(#280),#2930,.F.);
#3081=ADVANCED_FACE('',(#281),#118,.F.);
#3082=ADVANCED_FACE('',(#282),#119,.F.);
#3083=ADVANCED_FACE('',(#283),#120,.F.);
#3084=ADVANCED_FACE('',(#284),#121,.F.);
#3085=ADVANCED_FACE('',(#285),#122,.F.);
#3086=ADVANCED_FACE('',(#286),#2931,.F.);
#3087=ADVANCED_FACE('',(#287),#123,.F.);
#3088=ADVANCED_FACE('',(#288),#2932,.F.);
#3089=ADVANCED_FACE('',(#289),#2933,.T.);
#3090=ADVANCED_FACE('',(#290),#124,.T.);
#3091=ADVANCED_FACE('',(#291,#37,#38,#39,#40),#125,.T.);
#3092=ADVANCED_FACE('',(#292),#2934,.T.);
#3093=ADVANCED_FACE('',(#293),#126,.T.);
#3094=ADVANCED_FACE('',(#294),#127,.F.);
#3095=ADVANCED_FACE('',(#295),#2935,.F.);
#3096=ADVANCED_FACE('',(#296),#128,.F.);
#3097=ADVANCED_FACE('',(#297),#2936,.F.);
#3098=ADVANCED_FACE('',(#298),#129,.F.);
#3099=ADVANCED_FACE('',(#299),#130,.T.);
#3100=ADVANCED_FACE('',(#300),#131,.F.);
#3101=ADVANCED_FACE('',(#301),#2937,.F.);
#3102=ADVANCED_FACE('',(#302,#41),#132,.T.);
#3103=ADVANCED_FACE('',(#303),#2938,.F.);
#3104=ADVANCED_FACE('',(#304,#42),#133,.T.);
#3105=ADVANCED_FACE('',(#305),#2939,.F.);
#3106=ADVANCED_FACE('',(#306,#43),#134,.T.);
#3107=ADVANCED_FACE('',(#307),#2940,.F.);
#3108=ADVANCED_FACE('',(#308,#44),#135,.T.);
#3109=ADVANCED_FACE('',(#309),#2941,.F.);
#3110=ADVANCED_FACE('',(#310),#2942,.F.);
#3111=ADVANCED_FACE('',(#311),#2943,.F.);
#3112=ADVANCED_FACE('',(#312),#2944,.F.);
#3113=ADVANCED_FACE('',(#313),#2945,.F.);
#3114=ADVANCED_FACE('',(#314),#136,.F.);
#3115=ADVANCED_FACE('',(#315),#2946,.F.);
#3116=ADVANCED_FACE('',(#316),#137,.F.);
#3117=ADVANCED_FACE('',(#317),#138,.F.);
#3118=ADVANCED_FACE('',(#318),#139,.F.);
#3119=ADVANCED_FACE('',(#319),#140,.F.);
#3120=CLOSED_SHELL('',(#2947,#2948,#2949,#2950,#2951,#2952,#2953,#2954,
#2955,#2956,#2957,#2958,#2959,#2960,#2961,#2962,#2963,#2964,#2965,#2966,
#2967,#2968,#2969,#2970,#2971,#2972,#2973,#2974,#2975,#2976,#2977,#2978,
#2979,#2980,#2981,#2982,#2983,#2984,#2985,#2986,#2987,#2988,#2989,#2990,
#2991,#2992,#2993,#2994,#2995,#2996,#2997,#2998,#2999,#3000,#3001,#3002,
#3003,#3004,#3005,#3006,#3007,#3008,#3009,#3010,#3011,#3012,#3013,#3014,
#3015,#3016,#3017,#3018,#3019,#3020,#3021,#3022,#3023,#3024,#3025,#3026,
#3027,#3028,#3029,#3030,#3031,#3032,#3033,#3034,#3035,#3036,#3037,#3038,
#3039,#3040,#3041,#3042,#3043,#3044,#3045,#3046,#3047,#3048,#3049,#3050,
#3051,#3052,#3053,#3054,#3055,#3056,#3057,#3058,#3059,#3060,#3061,#3062,
#3063,#3064,#3065,#3066,#3067,#3068,#3069,#3070,#3071,#3072,#3073,#3074,
#3075,#3076,#3077,#3078,#3079,#3080,#3081,#3082,#3083,#3084,#3085,#3086,
#3087,#3088,#3089,#3090,#3091,#3092,#3093,#3094,#3095,#3096,#3097,#3098,
#3099,#3100,#3101,#3102,#3103,#3104,#3105,#3106,#3107,#3108,#3109,#3110,
#3111,#3112,#3113,#3114,#3115,#3116,#3117,#3118,#3119));
#3121=DERIVED_UNIT_ELEMENT(#3123,1.);
#3122=DERIVED_UNIT_ELEMENT(#5344,-3.);
#3123=(
MASS_UNIT()
NAMED_UNIT(*)
SI_UNIT(.KILO.,.GRAM.)
);
#3124=DERIVED_UNIT((#3121,#3122));
#3125=MEASURE_REPRESENTATION_ITEM('density measure',
POSITIVE_RATIO_MEASURE(7850.),#3124);
#3126=PROPERTY_DEFINITION_REPRESENTATION(#3131,#3128);
#3127=PROPERTY_DEFINITION_REPRESENTATION(#3132,#3129);
#3128=REPRESENTATION('material name',(#3130),#5341);
#3129=REPRESENTATION('density',(#3125),#5341);
#3130=DESCRIPTIVE_REPRESENTATION_ITEM('\X2\AC15CCA0\X0\','\X2\AC15CCA0\X0\');
#3131=PROPERTY_DEFINITION('material property','material name',#5351);
#3132=PROPERTY_DEFINITION('material property','density of part',#5351);
#3133=AXIS2_PLACEMENT_3D('',#4398,#3459,#3460);
#3134=AXIS2_PLACEMENT_3D('',#4399,#3461,#3462);
#3135=AXIS2_PLACEMENT_3D('',#4402,#3463,#3464);
#3136=AXIS2_PLACEMENT_3D('',#4406,#3466,#3467);
#3137=AXIS2_PLACEMENT_3D('',#4424,#3469,#3470);
#3138=AXIS2_PLACEMENT_3D('',#4426,#3471,#3472);
#3139=AXIS2_PLACEMENT_3D('',#4430,#3474,#3475);
#3140=AXIS2_PLACEMENT_3D('',#4432,#3477,#3478);
#3141=AXIS2_PLACEMENT_3D('',#4434,#3479,#3480);
#3142=AXIS2_PLACEMENT_3D('',#4440,#3484,#3485);
#3143=AXIS2_PLACEMENT_3D('',#4444,#3487,#3488);
#3144=AXIS2_PLACEMENT_3D('',#4446,#3490,#3491);
#3145=AXIS2_PLACEMENT_3D('',#4448,#3492,#3493);
#3146=AXIS2_PLACEMENT_3D('',#4463,#3496,#3497);
#3147=AXIS2_PLACEMENT_3D('',#4471,#3502,#3503);
#3148=AXIS2_PLACEMENT_3D('',#4473,#3504,#3505);
#3149=AXIS2_PLACEMENT_3D('',#4488,#3508,#3509);
#3150=AXIS2_PLACEMENT_3D('',#4490,#3510,#3511);
#3151=AXIS2_PLACEMENT_3D('',#4493,#3513,#3514);
#3152=AXIS2_PLACEMENT_3D('',#4494,#3515,#3516);
#3153=AXIS2_PLACEMENT_3D('',#4503,#3521,#3522);
#3154=AXIS2_PLACEMENT_3D('',#4506,#3523,#3524);
#3155=AXIS2_PLACEMENT_3D('',#4510,#3526,#3527);
#3156=AXIS2_PLACEMENT_3D('',#4512,#3529,#3530);
#3157=AXIS2_PLACEMENT_3D('',#4515,#3531,#3532);
#3158=AXIS2_PLACEMENT_3D('',#4519,#3534,#3535);
#3159=AXIS2_PLACEMENT_3D('',#4521,#3537,#3538);
#3160=AXIS2_PLACEMENT_3D('',#4523,#3539,#3540);
#3161=AXIS2_PLACEMENT_3D('',#4526,#3542,#3543);
#3162=AXIS2_PLACEMENT_3D('',#4527,#3544,#3545);
#3163=AXIS2_PLACEMENT_3D('',#4530,#3546,#3547);
#3164=AXIS2_PLACEMENT_3D('',#4534,#3549,#3550);
#3165=AXIS2_PLACEMENT_3D('',#4536,#3552,#3553);
#3166=AXIS2_PLACEMENT_3D('',#4540,#3555,#3556);
#3167=AXIS2_PLACEMENT_3D('',#4542,#3558,#3559);
#3168=AXIS2_PLACEMENT_3D('',#4546,#3562,#3563);
#3169=AXIS2_PLACEMENT_3D('',#4549,#3564,#3565);
#3170=AXIS2_PLACEMENT_3D('',#4553,#3567,#3568);
#3171=AXIS2_PLACEMENT_3D('',#4555,#3570,#3571);
#3172=AXIS2_PLACEMENT_3D('',#4559,#3573,#3574);
#3173=AXIS2_PLACEMENT_3D('',#4561,#3576,#3577);
#3174=AXIS2_PLACEMENT_3D('',#4565,#3580,#3581);
#3175=AXIS2_PLACEMENT_3D('',#4568,#3582,#3583);
#3176=AXIS2_PLACEMENT_3D('',#4572,#3585,#3586);
#3177=AXIS2_PLACEMENT_3D('',#4574,#3588,#3589);
#3178=AXIS2_PLACEMENT_3D('',#4580,#3593,#3594);
#3179=AXIS2_PLACEMENT_3D('',#4583,#3595,#3596);
#3180=AXIS2_PLACEMENT_3D('',#4587,#3598,#3599);
#3181=AXIS2_PLACEMENT_3D('',#4589,#3601,#3602);
#3182=AXIS2_PLACEMENT_3D('',#4593,#3604,#3605);
#3183=AXIS2_PLACEMENT_3D('',#4595,#3607,#3608);
#3184=AXIS2_PLACEMENT_3D('',#4599,#3611,#3612);
#3185=AXIS2_PLACEMENT_3D('',#4602,#3613,#3614);
#3186=AXIS2_PLACEMENT_3D('',#4606,#3616,#3617);
#3187=AXIS2_PLACEMENT_3D('',#4608,#3619,#3620);
#3188=AXIS2_PLACEMENT_3D('',#4614,#3624,#3625);
#3189=AXIS2_PLACEMENT_3D('',#4617,#3626,#3627);
#3190=AXIS2_PLACEMENT_3D('',#4621,#3629,#3630);
#3191=AXIS2_PLACEMENT_3D('',#4623,#3632,#3633);
#3192=AXIS2_PLACEMENT_3D('',#4629,#3637,#3638);
#3193=AXIS2_PLACEMENT_3D('',#4633,#3640,#3641);
#3194=AXIS2_PLACEMENT_3D('',#4635,#3643,#3644);
#3195=AXIS2_PLACEMENT_3D('',#4639,#3646,#3647);
#3196=AXIS2_PLACEMENT_3D('',#4641,#3649,#3650);
#3197=AXIS2_PLACEMENT_3D('',#4644,#3651,#3652);
#3198=AXIS2_PLACEMENT_3D('',#4648,#3654,#3655);
#3199=AXIS2_PLACEMENT_3D('',#4650,#3657,#3658);
#3200=AXIS2_PLACEMENT_3D('',#4656,#3662,#3663);
#3201=AXIS2_PLACEMENT_3D('',#4662,#3667,#3668);
#3202=AXIS2_PLACEMENT_3D('',#4668,#3672,#3673);
#3203=AXIS2_PLACEMENT_3D('',#4674,#3677,#3678);
#3204=AXIS2_PLACEMENT_3D('',#4678,#3681,#3682);
#3205=AXIS2_PLACEMENT_3D('',#4682,#3685,#3686);
#3206=AXIS2_PLACEMENT_3D('',#4686,#3689,#3690);
#3207=AXIS2_PLACEMENT_3D('',#4692,#3694,#3695);
#3208=AXIS2_PLACEMENT_3D('',#4696,#3698,#3699);
#3209=AXIS2_PLACEMENT_3D('',#4700,#3702,#3703);
#3210=AXIS2_PLACEMENT_3D('',#4706,#3707,#3708);
#3211=AXIS2_PLACEMENT_3D('',#4709,#3710,#3711);
#3212=AXIS2_PLACEMENT_3D('',#4710,#3712,#3713);
#3213=AXIS2_PLACEMENT_3D('',#4713,#3715,#3716);
#3214=AXIS2_PLACEMENT_3D('',#4714,#3717,#3718);
#3215=AXIS2_PLACEMENT_3D('',#4715,#3719,#3720);
#3216=AXIS2_PLACEMENT_3D('',#4716,#3721,#3722);
#3217=AXIS2_PLACEMENT_3D('',#4717,#3723,#3724);
#3218=AXIS2_PLACEMENT_3D('',#4718,#3725,#3726);
#3219=AXIS2_PLACEMENT_3D('',#4719,#3727,#3728);
#3220=AXIS2_PLACEMENT_3D('',#4720,#3729,#3730);
#3221=AXIS2_PLACEMENT_3D('',#4721,#3731,#3732);
#3222=AXIS2_PLACEMENT_3D('',#4722,#3733,#3734);
#3223=AXIS2_PLACEMENT_3D('',#4723,#3735,#3736);
#3224=AXIS2_PLACEMENT_3D('',#4724,#3737,#3738);
#3225=AXIS2_PLACEMENT_3D('',#4725,#3739,#3740);
#3226=AXIS2_PLACEMENT_3D('',#4726,#3741,#3742);
#3227=AXIS2_PLACEMENT_3D('',#4727,#3743,#3744);
#3228=AXIS2_PLACEMENT_3D('',#4728,#3745,#3746);
#3229=AXIS2_PLACEMENT_3D('',#4729,#3747,#3748);
#3230=AXIS2_PLACEMENT_3D('',#4730,#3749,#3750);
#3231=AXIS2_PLACEMENT_3D('',#4731,#3751,#3752);
#3232=AXIS2_PLACEMENT_3D('',#4732,#3753,#3754);
#3233=AXIS2_PLACEMENT_3D('',#4733,#3755,#3756);
#3234=AXIS2_PLACEMENT_3D('',#4734,#3757,#3758);
#3235=AXIS2_PLACEMENT_3D('',#4735,#3759,#3760);
#3236=AXIS2_PLACEMENT_3D('',#4737,#3762,#3763);
#3237=AXIS2_PLACEMENT_3D('',#4738,#3764,#3765);
#3238=AXIS2_PLACEMENT_3D('',#4739,#3766,#3767);
#3239=AXIS2_PLACEMENT_3D('',#4741,#3769,#3770);
#3240=AXIS2_PLACEMENT_3D('',#4742,#3771,#3772);
#3241=AXIS2_PLACEMENT_3D('',#4743,#3773,#3774);
#3242=AXIS2_PLACEMENT_3D('',#4744,#3775,#3776);
#3243=AXIS2_PLACEMENT_3D('',#4747,#3777,#3778);
#3244=AXIS2_PLACEMENT_3D('',#4751,#3780,#3781);
#3245=AXIS2_PLACEMENT_3D('',#4753,#3783,#3784);
#3246=AXIS2_PLACEMENT_3D('',#4759,#3788,#3789);
#3247=AXIS2_PLACEMENT_3D('',#4762,#3790,#3791);
#3248=AXIS2_PLACEMENT_3D('',#4766,#3793,#3794);
#3249=AXIS2_PLACEMENT_3D('',#4768,#3796,#3797);
#3250=AXIS2_PLACEMENT_3D('',#4774,#3801,#3802);
#3251=AXIS2_PLACEMENT_3D('',#4776,#3803,#3804);
#3252=AXIS2_PLACEMENT_3D('',#4778,#3805,#3806);
#3253=AXIS2_PLACEMENT_3D('',#4780,#3808,#3809);
#3254=AXIS2_PLACEMENT_3D('',#4786,#3813,#3814);
#3255=AXIS2_PLACEMENT_3D('',#4788,#3815,#3816);
#3256=AXIS2_PLACEMENT_3D('',#4790,#3817,#3818);
#3257=AXIS2_PLACEMENT_3D('',#4792,#3820,#3821);
#3258=AXIS2_PLACEMENT_3D('',#4798,#3825,#3826);
#3259=AXIS2_PLACEMENT_3D('',#4801,#3827,#3828);
#3260=AXIS2_PLACEMENT_3D('',#4805,#3830,#3831);
#3261=AXIS2_PLACEMENT_3D('',#4807,#3833,#3834);
#3262=AXIS2_PLACEMENT_3D('',#4813,#3838,#3839);
#3263=AXIS2_PLACEMENT_3D('',#4817,#3841,#3842);
#3264=AXIS2_PLACEMENT_3D('',#4821,#3844,#3845);
#3265=AXIS2_PLACEMENT_3D('',#4824,#3847,#3848);
#3266=AXIS2_PLACEMENT_3D('',#4825,#3849,#3850);
#3267=AXIS2_PLACEMENT_3D('',#4827,#3851,#3852);
#3268=AXIS2_PLACEMENT_3D('',#4830,#3854,#3855);
#3269=AXIS2_PLACEMENT_3D('',#4831,#3856,#3857);
#3270=AXIS2_PLACEMENT_3D('',#4837,#3861,#3862);
#3271=AXIS2_PLACEMENT_3D('',#4841,#3864,#3865);
#3272=AXIS2_PLACEMENT_3D('',#4845,#3867,#3868);
#3273=AXIS2_PLACEMENT_3D('',#4850,#3871,#3872);
#3274=AXIS2_PLACEMENT_3D('',#4854,#3874,#3875);
#3275=AXIS2_PLACEMENT_3D('',#4858,#3877,#3878);
#3276=AXIS2_PLACEMENT_3D('',#4861,#3880,#3881);
#3277=AXIS2_PLACEMENT_3D('',#4865,#3883,#3884);
#3278=AXIS2_PLACEMENT_3D('',#4869,#3886,#3887);
#3279=AXIS2_PLACEMENT_3D('',#4872,#3889,#3890);
#3280=AXIS2_PLACEMENT_3D('',#4874,#3891,#3892);
#3281=AXIS2_PLACEMENT_3D('',#4876,#3893,#3894);
#3282=AXIS2_PLACEMENT_3D('',#4878,#3895,#3896);
#3283=AXIS2_PLACEMENT_3D('',#4880,#3897,#3898);
#3284=AXIS2_PLACEMENT_3D('',#4885,#3900,#3901);
#3285=AXIS2_PLACEMENT_3D('',#4888,#3903,#3904);
#3286=AXIS2_PLACEMENT_3D('',#4893,#3906,#3907);
#3287=AXIS2_PLACEMENT_3D('',#4896,#3909,#3910);
#3288=AXIS2_PLACEMENT_3D('',#4901,#3912,#3913);
#3289=AXIS2_PLACEMENT_3D('',#4905,#3915,#3916);
#3290=AXIS2_PLACEMENT_3D('',#4909,#3918,#3919);
#3291=AXIS2_PLACEMENT_3D('',#4912,#3921,#3922);
#3292=AXIS2_PLACEMENT_3D('',#4917,#3924,#3925);
#3293=AXIS2_PLACEMENT_3D('',#4921,#3927,#3928);
#3294=AXIS2_PLACEMENT_3D('',#4925,#3930,#3931);
#3295=AXIS2_PLACEMENT_3D('',#4928,#3933,#3934);
#3296=AXIS2_PLACEMENT_3D('',#4929,#3935,#3936);
#3297=AXIS2_PLACEMENT_3D('',#4932,#3937,#3938);
#3298=AXIS2_PLACEMENT_3D('',#4936,#3940,#3941);
#3299=AXIS2_PLACEMENT_3D('',#4938,#3943,#3944);
#3300=AXIS2_PLACEMENT_3D('',#4944,#3948,#3949);
#3301=AXIS2_PLACEMENT_3D('',#4948,#3951,#3952);
#3302=AXIS2_PLACEMENT_3D('',#4952,#3954,#3955);
#3303=AXIS2_PLACEMENT_3D('',#4955,#3957,#3958);
#3304=AXIS2_PLACEMENT_3D('',#4956,#3959,#3960);
#3305=AXIS2_PLACEMENT_3D('',#4958,#3961,#3962);
#3306=AXIS2_PLACEMENT_3D('',#4960,#3964,#3965);
#3307=AXIS2_PLACEMENT_3D('',#4964,#3968,#3969);
#3308=AXIS2_PLACEMENT_3D('',#4967,#3970,#3971);
#3309=AXIS2_PLACEMENT_3D('',#4971,#3973,#3974);
#3310=AXIS2_PLACEMENT_3D('',#4973,#3976,#3977);
#3311=AXIS2_PLACEMENT_3D('',#4979,#3981,#3982);
#3312=AXIS2_PLACEMENT_3D('',#4983,#3984,#3985);
#3313=AXIS2_PLACEMENT_3D('',#4987,#3987,#3988);
#3314=AXIS2_PLACEMENT_3D('',#4990,#3990,#3991);
#3315=AXIS2_PLACEMENT_3D('',#4991,#3992,#3993);
#3316=AXIS2_PLACEMENT_3D('',#4994,#3995,#3996);
#3317=AXIS2_PLACEMENT_3D('',#4995,#3997,#3998);
#3318=AXIS2_PLACEMENT_3D('',#4999,#4001,#4002);
#3319=AXIS2_PLACEMENT_3D('',#5002,#4004,#4005);
#3320=AXIS2_PLACEMENT_3D('',#5003,#4006,#4007);
#3321=AXIS2_PLACEMENT_3D('',#5007,#4010,#4011);
#3322=AXIS2_PLACEMENT_3D('',#5010,#4013,#4014);
#3323=AXIS2_PLACEMENT_3D('',#5011,#4015,#4016);
#3324=AXIS2_PLACEMENT_3D('',#5014,#4017,#4018);
#3325=AXIS2_PLACEMENT_3D('',#5017,#4021,#4022);
#3326=AXIS2_PLACEMENT_3D('',#5019,#4024,#4025);
#3327=AXIS2_PLACEMENT_3D('',#5023,#4027,#4028);
#3328=AXIS2_PLACEMENT_3D('',#5025,#4030,#4031);
#3329=AXIS2_PLACEMENT_3D('',#5029,#4034,#4035);
#3330=AXIS2_PLACEMENT_3D('',#5030,#4036,#4037);
#3331=AXIS2_PLACEMENT_3D('',#5031,#4038,#4039);
#3332=AXIS2_PLACEMENT_3D('',#5034,#4041,#4042);
#3333=AXIS2_PLACEMENT_3D('',#5035,#4043,#4044);
#3334=AXIS2_PLACEMENT_3D('',#5039,#4047,#4048);
#3335=AXIS2_PLACEMENT_3D('',#5042,#4050,#4051);
#3336=AXIS2_PLACEMENT_3D('',#5043,#4052,#4053);
#3337=AXIS2_PLACEMENT_3D('',#5047,#4056,#4057);
#3338=AXIS2_PLACEMENT_3D('',#5050,#4059,#4060);
#3339=AXIS2_PLACEMENT_3D('',#5051,#4061,#4062);
#3340=AXIS2_PLACEMENT_3D('',#5055,#4065,#4066);
#3341=AXIS2_PLACEMENT_3D('',#5058,#4068,#4069);
#3342=AXIS2_PLACEMENT_3D('',#5059,#4070,#4071);
#3343=AXIS2_PLACEMENT_3D('',#5063,#4074,#4075);
#3344=AXIS2_PLACEMENT_3D('',#5066,#4077,#4078);
#3345=AXIS2_PLACEMENT_3D('',#5067,#4079,#4080);
#3346=AXIS2_PLACEMENT_3D('',#5070,#4081,#4082);
#3347=AXIS2_PLACEMENT_3D('',#5073,#4085,#4086);
#3348=AXIS2_PLACEMENT_3D('',#5075,#4088,#4089);
#3349=AXIS2_PLACEMENT_3D('',#5078,#4091,#4092);
#3350=AXIS2_PLACEMENT_3D('',#5079,#4093,#4094);
#3351=AXIS2_PLACEMENT_3D('',#5083,#4096,#4097);
#3352=AXIS2_PLACEMENT_3D('',#5085,#4099,#4100);
#3353=AXIS2_PLACEMENT_3D('',#5089,#4103,#4104);
#3354=AXIS2_PLACEMENT_3D('',#5090,#4105,#4106);
#3355=AXIS2_PLACEMENT_3D('',#5091,#4107,#4108);
#3356=AXIS2_PLACEMENT_3D('',#5093,#4110,#4111);
#3357=AXIS2_PLACEMENT_3D('',#5095,#4113,#4114);
#3358=AXIS2_PLACEMENT_3D('',#5097,#4116,#4117);
#3359=AXIS2_PLACEMENT_3D('',#5099,#4119,#4120);
#3360=AXIS2_PLACEMENT_3D('',#5101,#4122,#4123);
#3361=AXIS2_PLACEMENT_3D('',#5102,#4124,#4125);
#3362=AXIS2_PLACEMENT_3D('',#5108,#4129,#4130);
#3363=AXIS2_PLACEMENT_3D('',#5110,#4131,#4132);
#3364=AXIS2_PLACEMENT_3D('',#5112,#4134,#4135);
#3365=AXIS2_PLACEMENT_3D('',#5115,#4136,#4137);
#3366=AXIS2_PLACEMENT_3D('',#5118,#4140,#4141);
#3367=AXIS2_PLACEMENT_3D('',#5122,#4144,#4145);
#3368=AXIS2_PLACEMENT_3D('',#5125,#4146,#4147);
#3369=AXIS2_PLACEMENT_3D('',#5128,#4150,#4151);
#3370=AXIS2_PLACEMENT_3D('',#5133,#4154,#4155);
#3371=AXIS2_PLACEMENT_3D('',#5136,#4157,#4158);
#3372=AXIS2_PLACEMENT_3D('',#5137,#4159,#4160);
#3373=AXIS2_PLACEMENT_3D('',#5139,#4162,#4163);
#3374=AXIS2_PLACEMENT_3D('',#5141,#4165,#4166);
#3375=AXIS2_PLACEMENT_3D('',#5143,#4168,#4169);
#3376=AXIS2_PLACEMENT_3D('',#5144,#4170,#4171);
#3377=AXIS2_PLACEMENT_3D('',#5146,#4172,#4173);
#3378=AXIS2_PLACEMENT_3D('',#5148,#4175,#4176);
#3379=AXIS2_PLACEMENT_3D('',#5150,#4178,#4179);
#3380=AXIS2_PLACEMENT_3D('',#5156,#4183,#4184);
#3381=AXIS2_PLACEMENT_3D('',#5159,#4185,#4186);
#3382=AXIS2_PLACEMENT_3D('',#5162,#4189,#4190);
#3383=AXIS2_PLACEMENT_3D('',#5166,#4193,#4194);
#3384=AXIS2_PLACEMENT_3D('',#5169,#4195,#4196);
#3385=AXIS2_PLACEMENT_3D('',#5172,#4199,#4200);
#3386=AXIS2_PLACEMENT_3D('',#5177,#4203,#4204);
#3387=AXIS2_PLACEMENT_3D('',#5180,#4206,#4207);
#3388=AXIS2_PLACEMENT_3D('',#5181,#4208,#4209);
#3389=AXIS2_PLACEMENT_3D('',#5183,#4211,#4212);
#3390=AXIS2_PLACEMENT_3D('',#5185,#4213,#4214);
#3391=AXIS2_PLACEMENT_3D('',#5187,#4216,#4217);
#3392=AXIS2_PLACEMENT_3D('',#5191,#4220,#4221);
#3393=AXIS2_PLACEMENT_3D('',#5192,#4222,#4223);
#3394=AXIS2_PLACEMENT_3D('',#5193,#4224,#4225);
#3395=AXIS2_PLACEMENT_3D('',#5195,#4227,#4228);
#3396=AXIS2_PLACEMENT_3D('',#5197,#4230,#4231);
#3397=AXIS2_PLACEMENT_3D('',#5198,#4232,#4233);
#3398=AXIS2_PLACEMENT_3D('',#5199,#4234,#4235);
#3399=AXIS2_PLACEMENT_3D('',#5200,#4236,#4237);
#3400=AXIS2_PLACEMENT_3D('',#5201,#4238,#4239);
#3401=AXIS2_PLACEMENT_3D('',#5202,#4240,#4241);
#3402=AXIS2_PLACEMENT_3D('',#5205,#4242,#4243);
#3403=AXIS2_PLACEMENT_3D('',#5208,#4246,#4247);
#3404=AXIS2_PLACEMENT_3D('',#5212,#4250,#4251);
#3405=AXIS2_PLACEMENT_3D('',#5213,#4252,#4253);
#3406=AXIS2_PLACEMENT_3D('',#5214,#4254,#4255);
#3407=AXIS2_PLACEMENT_3D('',#5217,#4256,#4257);
#3408=AXIS2_PLACEMENT_3D('',#5220,#4260,#4261);
#3409=AXIS2_PLACEMENT_3D('',#5224,#4264,#4265);
#3410=AXIS2_PLACEMENT_3D('',#5228,#4268,#4269);
#3411=AXIS2_PLACEMENT_3D('',#5234,#4272,#4273);
#3412=AXIS2_PLACEMENT_3D('',#5238,#4275,#4276);
#3413=AXIS2_PLACEMENT_3D('',#5244,#4279,#4280);
#3414=AXIS2_PLACEMENT_3D('',#5249,#4284,#4285);
#3415=AXIS2_PLACEMENT_3D('',#5251,#4286,#4287);
#3416=AXIS2_PLACEMENT_3D('',#5253,#4288,#4289);
#3417=AXIS2_PLACEMENT_3D('',#5255,#4290,#4291);
#3418=AXIS2_PLACEMENT_3D('',#5257,#4292,#4293);
#3419=AXIS2_PLACEMENT_3D('',#5258,#4294,#4295);
#3420=AXIS2_PLACEMENT_3D('',#5260,#4297,#4298);
#3421=AXIS2_PLACEMENT_3D('',#5261,#4299,#4300);
#3422=AXIS2_PLACEMENT_3D('',#5262,#4301,#4302);
#3423=AXIS2_PLACEMENT_3D('',#5264,#4303,#4304);
#3424=AXIS2_PLACEMENT_3D('',#5266,#4306,#4307);
#3425=AXIS2_PLACEMENT_3D('',#5270,#4309,#4310);
#3426=AXIS2_PLACEMENT_3D('',#5276,#4313,#4314);
#3427=AXIS2_PLACEMENT_3D('',#5280,#4316,#4317);
#3428=AXIS2_PLACEMENT_3D('',#5284,#4320,#4321);
#3429=AXIS2_PLACEMENT_3D('',#5287,#4324,#4325);
#3430=AXIS2_PLACEMENT_3D('',#5289,#4327,#4328);
#3431=AXIS2_PLACEMENT_3D('',#5290,#4329,#4330);
#3432=AXIS2_PLACEMENT_3D('',#5291,#4331,#4332);
#3433=AXIS2_PLACEMENT_3D('',#5294,#4334,#4335);
#3434=AXIS2_PLACEMENT_3D('',#5295,#4336,#4337);
#3435=AXIS2_PLACEMENT_3D('',#5297,#4338,#4339);
#3436=AXIS2_PLACEMENT_3D('',#5298,#4340,#4341);
#3437=AXIS2_PLACEMENT_3D('',#5301,#4343,#4344);
#3438=AXIS2_PLACEMENT_3D('',#5302,#4345,#4346);
#3439=AXIS2_PLACEMENT_3D('',#5304,#4347,#4348);
#3440=AXIS2_PLACEMENT_3D('',#5305,#4349,#4350);
#3441=AXIS2_PLACEMENT_3D('',#5308,#4352,#4353);
#3442=AXIS2_PLACEMENT_3D('',#5309,#4354,#4355);
#3443=AXIS2_PLACEMENT_3D('',#5311,#4356,#4357);
#3444=AXIS2_PLACEMENT_3D('',#5312,#4358,#4359);
#3445=AXIS2_PLACEMENT_3D('',#5315,#4361,#4362);
#3446=AXIS2_PLACEMENT_3D('',#5316,#4363,#4364);
#3447=AXIS2_PLACEMENT_3D('',#5318,#4365,#4366);
#3448=AXIS2_PLACEMENT_3D('',#5319,#4367,#4368);
#3449=AXIS2_PLACEMENT_3D('',#5321,#4370,#4371);
#3450=AXIS2_PLACEMENT_3D('',#5323,#4373,#4374);
#3451=AXIS2_PLACEMENT_3D('',#5325,#4376,#4377);
#3452=AXIS2_PLACEMENT_3D('',#5327,#4379,#4380);
#3453=AXIS2_PLACEMENT_3D('',#5330,#4383,#4384);
#3454=AXIS2_PLACEMENT_3D('',#5332,#4386,#4387);
#3455=AXIS2_PLACEMENT_3D('',#5334,#4389,#4390);
#3456=AXIS2_PLACEMENT_3D('',#5336,#4392,#4393);
#3457=AXIS2_PLACEMENT_3D('',#5337,#4394,#4395);
#3458=AXIS2_PLACEMENT_3D('',#5338,#4396,#4397);
#3459=DIRECTION('axis',(0.,0.,1.));
#3460=DIRECTION('refdir',(1.,0.,0.));
#3461=DIRECTION('center_axis',(1.,6.17532647498913E-34,0.));
#3462=DIRECTION('ref_axis',(0.,0.707106781186548,-0.707106781186547));
#3463=DIRECTION('center_axis',(-1.,0.,0.));
#3464=DIRECTION('ref_axis',(0.,0.707106781186548,-0.707106781186547));
#3465=DIRECTION('',(-1.,-6.17532647498913E-34,0.));
#3466=DIRECTION('center_axis',(1.,0.,0.));
#3467=DIRECTION('ref_axis',(0.,0.707106781186548,-0.707106781186547));
#3468=DIRECTION('',(1.,6.17532647498913E-34,0.));
#3469=DIRECTION('center_axis',(0.,-0.707106781186548,0.707106781186548));
#3470=DIRECTION('ref_axis',(0.707106781186553,0.499999999999997,0.499999999999996));
#3471=DIRECTION('center_axis',(6.17532647498913E-34,-1.,0.));
#3472=DIRECTION('ref_axis',(-1.47196168001604E-16,0.,1.));
#3473=DIRECTION('',(0.,-0.707106781186548,0.707106781186548));
#3474=DIRECTION('center_axis',(0.,0.,-1.));
#3475=DIRECTION('ref_axis',(-1.47196168001604E-16,1.,0.));
#3476=DIRECTION('',(0.,0.707106781186548,-0.707106781186548));
#3477=DIRECTION('center_axis',(-6.17532647498913E-34,1.,0.));
#3478=DIRECTION('ref_axis',(-1.,-6.17532647498913E-34,0.));
#3479=DIRECTION('center_axis',(6.17532647498913E-34,-1.,0.));
#3480=DIRECTION('ref_axis',(1.96261557335472E-16,0.,1.));
#3481=DIRECTION('',(1.,6.17532647498913E-34,-6.17532647498913E-34));
#3482=DIRECTION('',(1.,6.17532647498913E-34,-6.17532647498913E-34));
#3483=DIRECTION('',(1.,6.17532647498913E-34,0.));
#3484=DIRECTION('center_axis',(0.,0.707106781186548,-0.707106781186548));
#3485=DIRECTION('ref_axis',(-0.707106781186548,0.5,0.499999999999999));
#3486=DIRECTION('',(0.,-0.707106781186548,0.707106781186548));
#3487=DIRECTION('center_axis',(0.,0.,-1.));
#3488=DIRECTION('ref_axis',(1.96261557335472E-16,1.,0.));
#3489=DIRECTION('',(0.,0.707106781186548,-0.707106781186548));
#3490=DIRECTION('center_axis',(0.,1.,0.));
#3491=DIRECTION('ref_axis',(0.707106781186553,0.,-0.707106781186542));
#3492=DIRECTION('center_axis',(0.,0.707106781186548,0.707106781186548));
#3493=DIRECTION('ref_axis',(0.,0.707106781186547,-0.707106781186547));
#3494=DIRECTION('',(0.,-1.,0.));
#3495=DIRECTION('',(0.,-1.,0.));
#3496=DIRECTION('center_axis',(1.,0.,0.));
#3497=DIRECTION('ref_axis',(0.,-1.,0.));
#3498=DIRECTION('',(0.,0.,1.));
#3499=DIRECTION('',(0.,1.,0.));
#3500=DIRECTION('',(0.,0.,-1.));
#3501=DIRECTION('',(0.,-1.,0.));
#3502=DIRECTION('center_axis',(0.,1.,0.));
#3503=DIRECTION('ref_axis',(-0.707106781186553,0.,-0.707106781186542));
#3504=DIRECTION('center_axis',(0.,0.707106781186548,0.707106781186548));
#3505=DIRECTION('ref_axis',(0.,0.707106781186547,-0.707106781186547));
#3506=DIRECTION('',(0.,1.,0.));
#3507=DIRECTION('',(0.,1.,0.));
#3508=DIRECTION('center_axis',(0.,0.,-1.));
#3509=DIRECTION('ref_axis',(-1.,0.,0.));
#3510=DIRECTION('center_axis',(0.,0.,1.));
#3511=DIRECTION('ref_axis',(-0.707106781186546,0.707106781186549,0.));
#3512=DIRECTION('',(-1.,0.,0.));
#3513=DIRECTION('center_axis',(0.,0.,1.));
#3514=DIRECTION('ref_axis',(0.707106781186553,0.707106781186543,0.));
#3515=DIRECTION('center_axis',(0.,1.,0.));
#3516=DIRECTION('ref_axis',(-1.,0.,0.));
#3517=DIRECTION('',(0.,0.,1.));
#3518=DIRECTION('',(-1.,0.,0.));
#3519=DIRECTION('',(0.,0.,-1.));
#3520=DIRECTION('',(-1.,0.,0.));
#3521=DIRECTION('center_axis',(0.,0.,1.));
#3522=DIRECTION('ref_axis',(1.,0.,0.));
#3523=DIRECTION('center_axis',(0.,0.,-1.));
#3524=DIRECTION('ref_axis',(-0.707106781186566,-0.707106781186529,0.));
#3525=DIRECTION('',(-1.,0.,0.));
#3526=DIRECTION('center_axis',(0.,0.,-1.));
#3527=DIRECTION('ref_axis',(0.707106781186554,0.707106781186541,0.));
#3528=DIRECTION('',(1.,-4.44089209850062E-16,0.));
#3529=DIRECTION('center_axis',(0.,0.,1.));
#3530=DIRECTION('ref_axis',(1.,0.,0.));
#3531=DIRECTION('center_axis',(0.,0.,-1.));
#3532=DIRECTION('ref_axis',(-0.707106781186554,-0.707106781186541,0.));
#3533=DIRECTION('',(-1.,0.,0.));
#3534=DIRECTION('center_axis',(0.,0.,-1.));
#3535=DIRECTION('ref_axis',(0.707106781186548,0.707106781186548,0.));
#3536=DIRECTION('',(1.,3.60072332310862E-16,0.));
#3537=DIRECTION('center_axis',(0.,0.,1.));
#3538=DIRECTION('ref_axis',(-0.707106781186554,-0.707106781186541,0.));
#3539=DIRECTION('center_axis',(0.,0.,-1.));
#3540=DIRECTION('ref_axis',(-0.707106781186554,-0.707106781186541,0.));
#3541=DIRECTION('',(0.,0.,-1.));
#3542=DIRECTION('center_axis',(0.,0.,-1.));
#3543=DIRECTION('ref_axis',(-0.707106781186554,-0.707106781186541,0.));
#3544=DIRECTION('center_axis',(0.,0.,1.));
#3545=DIRECTION('ref_axis',(-0.707106781186554,0.707106781186541,0.));
#3546=DIRECTION('center_axis',(0.,0.,-1.));
#3547=DIRECTION('ref_axis',(-0.707106781186554,-0.707106781186541,0.));
#3548=DIRECTION('',(0.,0.,-1.));
#3549=DIRECTION('center_axis',(0.,0.,-1.));
#3550=DIRECTION('ref_axis',(-0.707106781186554,-0.707106781186541,0.));
#3551=DIRECTION('',(0.,0.,1.));
#3552=DIRECTION('center_axis',(0.,0.,1.));
#3553=DIRECTION('ref_axis',(1.,0.,0.));
#3554=DIRECTION('',(-1.,0.,0.));
#3555=DIRECTION('center_axis',(0.,0.,-1.));
#3556=DIRECTION('ref_axis',(0.70710678118656,0.707106781186535,0.));
#3557=DIRECTION('',(1.,0.,0.));
#3558=DIRECTION('center_axis',(0.,1.,0.));
#3559=DIRECTION('ref_axis',(-1.,0.,0.));
#3560=DIRECTION('',(-1.,0.,0.));
#3561=DIRECTION('',(0.,0.,-1.));
#3562=DIRECTION('center_axis',(0.,0.,1.));
#3563=DIRECTION('ref_axis',(-0.707106781186554,0.707106781186541,0.));
#3564=DIRECTION('center_axis',(0.,0.,-1.));
#3565=DIRECTION('ref_axis',(-0.707106781186554,-0.707106781186541,0.));
#3566=DIRECTION('',(0.,0.,-1.));
#3567=DIRECTION('center_axis',(0.,0.,-1.));
#3568=DIRECTION('ref_axis',(-0.707106781186554,-0.707106781186541,0.));
#3569=DIRECTION('',(0.,0.,1.));
#3570=DIRECTION('center_axis',(0.,0.,1.));
#3571=DIRECTION('ref_axis',(1.,0.,0.));
#3572=DIRECTION('',(-1.,0.,0.));
#3573=DIRECTION('center_axis',(0.,0.,-1.));
#3574=DIRECTION('ref_axis',(0.70710678118656,0.707106781186535,0.));
#3575=DIRECTION('',(1.,2.06553120860494E-16,0.));
#3576=DIRECTION('center_axis',(0.,1.,0.));
#3577=DIRECTION('ref_axis',(-1.,0.,0.));
#3578=DIRECTION('',(-1.,0.,0.));
#3579=DIRECTION('',(0.,0.,-1.));
#3580=DIRECTION('center_axis',(0.,0.,1.));
#3581=DIRECTION('ref_axis',(-0.707106781186529,0.707106781186566,0.));
#3582=DIRECTION('center_axis',(0.,0.,-1.));
#3583=DIRECTION('ref_axis',(-0.707106781186554,-0.707106781186541,0.));
#3584=DIRECTION('',(0.,0.,-1.));
#3585=DIRECTION('center_axis',(0.,0.,-1.));
#3586=DIRECTION('ref_axis',(-0.707106781186554,-0.707106781186541,0.));
#3587=DIRECTION('',(0.,0.,1.));
#3588=DIRECTION('center_axis',(0.,1.,0.));
#3589=DIRECTION('ref_axis',(-1.,0.,0.));
#3590=DIRECTION('',(-1.,0.,0.));
#3591=DIRECTION('',(0.,0.,-1.));
#3592=DIRECTION('',(-1.,0.,0.));
#3593=DIRECTION('center_axis',(0.,0.,1.));
#3594=DIRECTION('ref_axis',(-0.707106781186554,0.707106781186541,0.));
#3595=DIRECTION('center_axis',(0.,0.,-1.));
#3596=DIRECTION('ref_axis',(-0.707106781186554,-0.707106781186541,0.));
#3597=DIRECTION('',(0.,0.,-1.));
#3598=DIRECTION('center_axis',(0.,0.,-1.));
#3599=DIRECTION('ref_axis',(-0.707106781186554,-0.707106781186541,0.));
#3600=DIRECTION('',(0.,0.,1.));
#3601=DIRECTION('center_axis',(0.,0.,1.));
#3602=DIRECTION('ref_axis',(1.,0.,0.));
#3603=DIRECTION('',(-1.,0.,0.));
#3604=DIRECTION('center_axis',(0.,0.,-1.));
#3605=DIRECTION('ref_axis',(0.70710678118656,0.707106781186535,0.));
#3606=DIRECTION('',(1.,3.60072332310862E-16,0.));
#3607=DIRECTION('center_axis',(0.,1.,0.));
#3608=DIRECTION('ref_axis',(-1.,0.,0.));
#3609=DIRECTION('',(-1.,0.,0.));
#3610=DIRECTION('',(0.,0.,-1.));
#3611=DIRECTION('center_axis',(0.,0.,1.));
#3612=DIRECTION('ref_axis',(-0.707106781186554,0.707106781186541,0.));
#3613=DIRECTION('center_axis',(0.,0.,-1.));
#3614=DIRECTION('ref_axis',(-0.707106781186554,-0.707106781186541,0.));
#3615=DIRECTION('',(0.,0.,-1.));
#3616=DIRECTION('center_axis',(0.,0.,-1.));
#3617=DIRECTION('ref_axis',(-0.707106781186554,-0.707106781186541,0.));
#3618=DIRECTION('',(0.,0.,1.));
#3619=DIRECTION('center_axis',(0.,1.,0.));
#3620=DIRECTION('ref_axis',(-1.,0.,0.));
#3621=DIRECTION('',(-1.,0.,0.));
#3622=DIRECTION('',(0.,0.,-1.));
#3623=DIRECTION('',(-1.,0.,0.));
#3624=DIRECTION('center_axis',(0.,0.,1.));
#3625=DIRECTION('ref_axis',(-0.707106781186541,0.707106781186554,0.));
#3626=DIRECTION('center_axis',(0.,0.,-1.));
#3627=DIRECTION('ref_axis',(-0.707106781186541,-0.707106781186554,0.));
#3628=DIRECTION('',(0.,0.,-1.));
#3629=DIRECTION('center_axis',(0.,0.,-1.));
#3630=DIRECTION('ref_axis',(-0.707106781186541,-0.707106781186554,0.));
#3631=DIRECTION('',(0.,0.,1.));
#3632=DIRECTION('center_axis',(0.,1.,0.));
#3633=DIRECTION('ref_axis',(-1.,0.,0.));
#3634=DIRECTION('',(-1.,0.,0.));
#3635=DIRECTION('',(0.,0.,-1.));
#3636=DIRECTION('',(-1.,0.,0.));
#3637=DIRECTION('center_axis',(0.,0.,1.));
#3638=DIRECTION('ref_axis',(-0.707106781186548,0.707106781186548,0.));
#3639=DIRECTION('',(0.,0.,-1.));
#3640=DIRECTION('center_axis',(0.,0.,-1.));
#3641=DIRECTION('ref_axis',(-0.707106781186566,-0.707106781186529,0.));
#3642=DIRECTION('',(0.,0.,1.));
#3643=DIRECTION('center_axis',(0.,0.,1.));
#3644=DIRECTION('ref_axis',(-0.707106781186554,0.707106781186541,0.));
#3645=DIRECTION('',(0.,0.,-1.));
#3646=DIRECTION('center_axis',(0.,0.,-1.));
#3647=DIRECTION('ref_axis',(-0.707106781186554,-0.707106781186541,0.));
#3648=DIRECTION('',(0.,0.,1.));
#3649=DIRECTION('center_axis',(0.,0.,1.));
#3650=DIRECTION('ref_axis',(-0.707106781186579,0.707106781186516,0.));
#3651=DIRECTION('center_axis',(0.,0.,-1.));
#3652=DIRECTION('ref_axis',(-0.707106781186554,-0.707106781186541,0.));
#3653=DIRECTION('',(0.,0.,-1.));
#3654=DIRECTION('center_axis',(0.,0.,-1.));
#3655=DIRECTION('ref_axis',(-0.707106781186554,-0.707106781186541,0.));
#3656=DIRECTION('',(0.,0.,1.));
#3657=DIRECTION('center_axis',(0.,1.,0.));
#3658=DIRECTION('ref_axis',(-1.,0.,0.));
#3659=DIRECTION('',(-1.,0.,0.));
#3660=DIRECTION('',(0.,0.,-1.));
#3661=DIRECTION('',(-1.,0.,0.));
#3662=DIRECTION('center_axis',(0.,-1.,0.));
#3663=DIRECTION('ref_axis',(1.,0.,0.));
#3664=DIRECTION('',(1.,0.,0.));
#3665=DIRECTION('',(0.,0.,1.));
#3666=DIRECTION('',(1.,0.,0.));
#3667=DIRECTION('center_axis',(0.,-1.,0.));
#3668=DIRECTION('ref_axis',(1.,0.,0.));
#3669=DIRECTION('',(1.,0.,0.));
#3670=DIRECTION('',(0.,0.,1.));
#3671=DIRECTION('',(1.,0.,0.));
#3672=DIRECTION('center_axis',(2.06553120860494E-16,-1.,0.));
#3673=DIRECTION('ref_axis',(1.,2.06553120860494E-16,0.));
#3674=DIRECTION('',(1.,2.06553120860494E-16,0.));
#3675=DIRECTION('',(0.,0.,1.));
#3676=DIRECTION('',(1.,2.06553120860494E-16,0.));
#3677=DIRECTION('center_axis',(-4.44089209850062E-16,-1.,0.));
#3678=DIRECTION('ref_axis',(1.,-4.44089209850062E-16,0.));
#3679=DIRECTION('',(0.,0.,1.));
#3680=DIRECTION('',(1.,-4.44089209850062E-16,0.));
#3681=DIRECTION('center_axis',(3.60072332310862E-16,-1.,0.));
#3682=DIRECTION('ref_axis',(1.,3.60072332310862E-16,0.));
#3683=DIRECTION('',(0.,0.,1.));
#3684=DIRECTION('',(1.,3.60072332310862E-16,0.));
#3685=DIRECTION('center_axis',(3.60072332310862E-16,-1.,0.));
#3686=DIRECTION('ref_axis',(1.,3.60072332310862E-16,0.));
#3687=DIRECTION('',(0.,0.,1.));
#3688=DIRECTION('',(1.,3.60072332310862E-16,0.));
#3689=DIRECTION('center_axis',(-4.44089209850062E-16,-1.,0.));
#3690=DIRECTION('ref_axis',(1.,-4.44089209850062E-16,0.));
#3691=DIRECTION('',(1.,-4.44089209850062E-16,0.));
#3692=DIRECTION('',(0.,0.,1.));
#3693=DIRECTION('',(1.,-4.44089209850062E-16,0.));
#3694=DIRECTION('center_axis',(2.06553120860494E-16,-1.,0.));
#3695=DIRECTION('ref_axis',(1.,2.06553120860494E-16,0.));
#3696=DIRECTION('',(0.,0.,1.));
#3697=DIRECTION('',(1.,2.06553120860494E-16,0.));
#3698=DIRECTION('center_axis',(0.,-1.,0.));
#3699=DIRECTION('ref_axis',(1.,0.,0.));
#3700=DIRECTION('',(0.,0.,1.));
#3701=DIRECTION('',(1.,0.,0.));
#3702=DIRECTION('center_axis',(0.,-1.,0.));
#3703=DIRECTION('ref_axis',(1.,0.,0.));
#3704=DIRECTION('',(1.,0.,0.));
#3705=DIRECTION('',(0.,0.,1.));
#3706=DIRECTION('',(1.,0.,0.));
#3707=DIRECTION('center_axis',(0.,0.,1.));
#3708=DIRECTION('ref_axis',(0.707106781186548,0.707106781186548,0.));
#3709=DIRECTION('',(0.,0.,-1.));
#3710=DIRECTION('center_axis',(0.,0.,-1.));
#3711=DIRECTION('ref_axis',(0.707106781186548,0.707106781186548,0.));
#3712=DIRECTION('center_axis',(0.,0.,1.));
#3713=DIRECTION('ref_axis',(0.707106781186554,0.707106781186541,0.));
#3714=DIRECTION('',(0.,0.,-1.));
#3715=DIRECTION('center_axis',(0.,0.,-1.));
#3716=DIRECTION('ref_axis',(0.707106781186554,0.707106781186541,0.));
#3717=DIRECTION('center_axis',(0.,0.,1.));
#3718=DIRECTION('ref_axis',(0.707106781186548,0.707106781186548,0.));
#3719=DIRECTION('center_axis',(0.,0.,-1.));
#3720=DIRECTION('ref_axis',(0.707106781186548,0.707106781186548,0.));
#3721=DIRECTION('center_axis',(0.,0.,-1.));
#3722=DIRECTION('ref_axis',(0.707106781186548,0.707106781186548,0.));
#3723=DIRECTION('center_axis',(0.,0.,1.));
#3724=DIRECTION('ref_axis',(0.70710678118656,0.707106781186535,0.));
#3725=DIRECTION('center_axis',(0.,0.,-1.));
#3726=DIRECTION('ref_axis',(0.70710678118656,0.707106781186535,0.));
#3727=DIRECTION('center_axis',(0.,0.,-1.));
#3728=DIRECTION('ref_axis',(0.70710678118656,0.707106781186535,0.));
#3729=DIRECTION('center_axis',(0.,0.,1.));
#3730=DIRECTION('ref_axis',(0.707106781186554,0.707106781186541,0.));
#3731=DIRECTION('center_axis',(0.,0.,-1.));
#3732=DIRECTION('ref_axis',(0.707106781186554,0.707106781186541,0.));
#3733=DIRECTION('center_axis',(0.,0.,-1.));
#3734=DIRECTION('ref_axis',(0.707106781186554,0.707106781186541,0.));
#3735=DIRECTION('center_axis',(0.,0.,1.));
#3736=DIRECTION('ref_axis',(0.70710678118656,0.707106781186535,0.));
#3737=DIRECTION('center_axis',(0.,0.,-1.));
#3738=DIRECTION('ref_axis',(0.70710678118656,0.707106781186535,0.));
#3739=DIRECTION('center_axis',(0.,0.,1.));
#3740=DIRECTION('ref_axis',(0.70710678118656,0.707106781186535,0.));
#3741=DIRECTION('center_axis',(0.,0.,-1.));
#3742=DIRECTION('ref_axis',(0.70710678118656,0.707106781186535,0.));
#3743=DIRECTION('center_axis',(0.,0.,-1.));
#3744=DIRECTION('ref_axis',(0.70710678118656,0.707106781186535,0.));
#3745=DIRECTION('center_axis',(0.,0.,1.));
#3746=DIRECTION('ref_axis',(0.70710678118656,0.707106781186535,0.));
#3747=DIRECTION('center_axis',(0.,0.,-1.));
#3748=DIRECTION('ref_axis',(0.70710678118656,0.707106781186535,0.));
#3749=DIRECTION('center_axis',(0.,0.,1.));
#3750=DIRECTION('ref_axis',(0.70710678118656,0.707106781186535,0.));
#3751=DIRECTION('center_axis',(0.,0.,-1.));
#3752=DIRECTION('ref_axis',(0.70710678118656,0.707106781186535,0.));
#3753=DIRECTION('center_axis',(0.,0.,1.));
#3754=DIRECTION('ref_axis',(0.707106781186554,0.707106781186541,0.));
#3755=DIRECTION('center_axis',(0.,0.,-1.));
#3756=DIRECTION('ref_axis',(0.707106781186554,0.707106781186541,0.));
#3757=DIRECTION('center_axis',(0.,0.,-1.));
#3758=DIRECTION('ref_axis',(0.707106781186554,0.707106781186541,0.));
#3759=DIRECTION('center_axis',(0.,1.,0.));
#3760=DIRECTION('ref_axis',(-1.,0.,0.));
#3761=DIRECTION('',(-1.,0.,0.));
#3762=DIRECTION('center_axis',(0.,0.,1.));
#3763=DIRECTION('ref_axis',(1.,0.,0.));
#3764=DIRECTION('center_axis',(0.,0.,1.));
#3765=DIRECTION('ref_axis',(1.,0.,0.));
#3766=DIRECTION('center_axis',(0.,1.,0.));
#3767=DIRECTION('ref_axis',(-1.,0.,0.));
#3768=DIRECTION('',(-1.,0.,0.));
#3769=DIRECTION('center_axis',(0.,0.,1.));
#3770=DIRECTION('ref_axis',(1.,0.,0.));
#3771=DIRECTION('center_axis',(0.,0.,1.));
#3772=DIRECTION('ref_axis',(1.,0.,0.));
#3773=DIRECTION('center_axis',(0.,0.,1.));
#3774=DIRECTION('ref_axis',(1.,0.,0.));
#3775=DIRECTION('center_axis',(0.,0.,1.));
#3776=DIRECTION('ref_axis',(0.608761429008723,-0.793353340291233,0.));
#3777=DIRECTION('center_axis',(0.,0.,-1.));
#3778=DIRECTION('ref_axis',(0.608761429008723,-0.793353340291233,0.));
#3779=DIRECTION('',(0.,0.,-1.));
#3780=DIRECTION('center_axis',(0.,0.,-1.));
#3781=DIRECTION('ref_axis',(0.608761429008723,-0.793353340291233,0.));
#3782=DIRECTION('',(0.,0.,1.));
#3783=DIRECTION('center_axis',(-0.258819045102524,-0.965925826289068,0.));
#3784=DIRECTION('ref_axis',(0.965925826289067,-0.258819045102524,0.));
#3785=DIRECTION('',(0.965925826289067,-0.258819045102524,0.));
#3786=DIRECTION('',(0.,0.,-1.));
#3787=DIRECTION('',(0.965925826289067,-0.258819045102524,0.));
#3788=DIRECTION('center_axis',(0.,0.,1.));
#3789=DIRECTION('ref_axis',(0.60876142900872,-0.793353340291236,0.));
#3790=DIRECTION('center_axis',(0.,0.,-1.));
#3791=DIRECTION('ref_axis',(0.60876142900872,-0.793353340291236,0.));
#3792=DIRECTION('',(0.,0.,-1.));
#3793=DIRECTION('center_axis',(0.,0.,-1.));
#3794=DIRECTION('ref_axis',(0.60876142900872,-0.793353340291236,0.));
#3795=DIRECTION('',(0.,0.,1.));
#3796=DIRECTION('center_axis',(-0.258819045102523,-0.965925826289068,0.));
#3797=DIRECTION('ref_axis',(0.965925826289068,-0.258819045102523,0.));
#3798=DIRECTION('',(0.965925826289068,-0.258819045102523,0.));
#3799=DIRECTION('',(0.,0.,-1.));
#3800=DIRECTION('',(0.965925826289068,-0.258819045102523,0.));
#3801=DIRECTION('center_axis',(0.,0.,1.));
#3802=DIRECTION('ref_axis',(-0.793353340291235,-0.608761429008721,0.));
#3803=DIRECTION('center_axis',(0.,0.,-1.));
#3804=DIRECTION('ref_axis',(-0.793353340291235,-0.608761429008721,0.));
#3805=DIRECTION('center_axis',(0.,0.,-1.));
#3806=DIRECTION('ref_axis',(-0.793353340291235,-0.608761429008721,0.));
#3807=DIRECTION('',(0.,0.,1.));
#3808=DIRECTION('center_axis',(-1.,0.,0.));
#3809=DIRECTION('ref_axis',(0.,-1.,0.));
#3810=DIRECTION('',(0.,-1.,0.));
#3811=DIRECTION('',(0.,0.,-1.));
#3812=DIRECTION('',(0.,-1.,0.));
#3813=DIRECTION('center_axis',(0.,0.,1.));
#3814=DIRECTION('ref_axis',(-0.793353340291235,-0.608761429008721,0.));
#3815=DIRECTION('center_axis',(0.,0.,-1.));
#3816=DIRECTION('ref_axis',(-0.793353340291235,-0.608761429008721,0.));
#3817=DIRECTION('center_axis',(0.,0.,-1.));
#3818=DIRECTION('ref_axis',(-0.793353340291235,-0.608761429008721,0.));
#3819=DIRECTION('',(0.,0.,1.));
#3820=DIRECTION('center_axis',(-1.,0.,0.));
#3821=DIRECTION('ref_axis',(0.,-1.,0.));
#3822=DIRECTION('',(0.,-1.,0.));
#3823=DIRECTION('',(0.,0.,-1.));
#3824=DIRECTION('',(0.,-1.,0.));
#3825=DIRECTION('center_axis',(0.,0.,1.));
#3826=DIRECTION('ref_axis',(0.793353340291233,0.608761429008724,0.));
#3827=DIRECTION('center_axis',(0.,0.,1.));
#3828=DIRECTION('ref_axis',(0.793353340291233,0.608761429008724,0.));
#3829=DIRECTION('',(0.,0.,1.));
#3830=DIRECTION('center_axis',(0.,0.,1.));
#3831=DIRECTION('ref_axis',(0.793353340291233,0.608761429008724,0.));
#3832=DIRECTION('',(0.,0.,-1.));
#3833=DIRECTION('center_axis',(-0.258819045102521,-0.965925826289068,0.));
#3834=DIRECTION('ref_axis',(0.965925826289068,-0.258819045102521,0.));
#3835=DIRECTION('',(0.965925826289068,-0.258819045102521,0.));
#3836=DIRECTION('',(0.,0.,-1.));
#3837=DIRECTION('',(0.965925826289068,-0.258819045102521,0.));
#3838=DIRECTION('center_axis',(0.,0.,1.));
#3839=DIRECTION('ref_axis',(1.,0.,0.));
#3840=DIRECTION('',(0.,-1.,0.));
#3841=DIRECTION('center_axis',(0.,0.,1.));
#3842=DIRECTION('ref_axis',(0.60876142900872,-0.793353340291236,0.));
#3843=DIRECTION('',(-0.965925826289065,0.258819045102535,0.));
#3844=DIRECTION('center_axis',(0.,0.,1.));
#3845=DIRECTION('ref_axis',(-0.793353340291241,-0.608761429008713,0.));
#3846=DIRECTION('',(-4.28957236970489E-15,1.,0.));
#3847=DIRECTION('center_axis',(0.,0.,1.));
#3848=DIRECTION('ref_axis',(-0.608761429008723,0.793353340291233,0.));
#3849=DIRECTION('center_axis',(0.,0.,1.));
#3850=DIRECTION('ref_axis',(0.793353340291241,0.608761429008713,0.));
#3851=DIRECTION('center_axis',(0.,0.,1.));
#3852=DIRECTION('ref_axis',(0.793353340291241,0.608761429008713,0.));
#3853=DIRECTION('',(0.,0.,1.));
#3854=DIRECTION('center_axis',(0.,0.,1.));
#3855=DIRECTION('ref_axis',(0.793353340291241,0.608761429008713,0.));
#3856=DIRECTION('center_axis',(-0.258819045102526,-0.965925826289067,0.));
#3857=DIRECTION('ref_axis',(0.965925826289067,-0.258819045102526,0.));
#3858=DIRECTION('',(0.965925826289067,-0.258819045102526,0.));
#3859=DIRECTION('',(0.,0.,-1.));
#3860=DIRECTION('',(0.965925826289067,-0.258819045102526,0.));
#3861=DIRECTION('center_axis',(0.,0.,1.));
#3862=DIRECTION('ref_axis',(1.,0.,0.));
#3863=DIRECTION('',(0.,-1.,0.));
#3864=DIRECTION('center_axis',(0.,0.,1.));
#3865=DIRECTION('ref_axis',(0.707106781186541,-0.707106781186554,0.));
#3866=DIRECTION('',(-1.,0.,0.));
#3867=DIRECTION('center_axis',(0.,0.,1.));
#3868=DIRECTION('ref_axis',(-0.707106781186549,-0.707106781186546,0.));
#3869=DIRECTION('',(0.,1.,0.));
#3870=DIRECTION('',(0.,1.,0.));
#3871=DIRECTION('center_axis',(0.,0.,-1.));
#3872=DIRECTION('ref_axis',(0.793353340291233,0.608761429008724,0.));
#3873=DIRECTION('',(-0.965925826289069,0.258819045102517,0.));
#3874=DIRECTION('center_axis',(0.,0.,1.));
#3875=DIRECTION('ref_axis',(-0.793353340291233,-0.608761429008724,0.));
#3876=DIRECTION('',(0.,1.,0.));
#3877=DIRECTION('center_axis',(0.,0.,-1.));
#3878=DIRECTION('ref_axis',(0.793353340291235,0.608761429008721,0.));
#3879=DIRECTION('',(-0.965925826289067,0.258819045102525,0.));
#3880=DIRECTION('center_axis',(0.,0.,-1.));
#3881=DIRECTION('ref_axis',(-0.608761429008723,0.793353340291233,0.));
#3882=DIRECTION('',(-2.1447861848524E-15,1.,0.));
#3883=DIRECTION('center_axis',(0.,0.,-1.));
#3884=DIRECTION('ref_axis',(0.793353340291233,0.608761429008724,0.));
#3885=DIRECTION('',(-0.965925826289068,0.258819045102521,0.));
#3886=DIRECTION('center_axis',(0.,0.,1.));
#3887=DIRECTION('ref_axis',(-0.793353340291233,-0.608761429008724,0.));
#3888=DIRECTION('',(0.,1.,0.));
#3889=DIRECTION('center_axis',(0.,0.,1.));
#3890=DIRECTION('ref_axis',(-0.608761429008722,0.793353340291234,0.));
#3891=DIRECTION('center_axis',(0.,0.,1.));
#3892=DIRECTION('ref_axis',(1.,0.,0.));
#3893=DIRECTION('center_axis',(0.,0.,1.));
#3894=DIRECTION('ref_axis',(1.,0.,0.));
#3895=DIRECTION('center_axis',(0.,0.,1.));
#3896=DIRECTION('ref_axis',(1.,0.,0.));
#3897=DIRECTION('center_axis',(0.,0.,1.));
#3898=DIRECTION('ref_axis',(1.,0.,0.));
#3899=DIRECTION('',(0.,1.,0.));
#3900=DIRECTION('center_axis',(0.,0.,-1.));
#3901=DIRECTION('ref_axis',(-0.707106781186578,0.707106781186517,0.));
#3902=DIRECTION('',(8.9152162579688E-16,-1.,0.));
#3903=DIRECTION('center_axis',(0.,0.,-1.));
#3904=DIRECTION('ref_axis',(0.707106781186554,-0.707106781186541,0.));
#3905=DIRECTION('',(0.,-1.,0.));
#3906=DIRECTION('center_axis',(0.,0.,-1.));
#3907=DIRECTION('ref_axis',(0.707106781186551,-0.707106781186544,0.));
#3908=DIRECTION('',(0.,1.,0.));
#3909=DIRECTION('center_axis',(0.,0.,-1.));
#3910=DIRECTION('ref_axis',(-0.707106781186548,0.707106781186548,0.));
#3911=DIRECTION('',(0.,-1.,0.));
#3912=DIRECTION('center_axis',(0.,0.,-1.));
#3913=DIRECTION('ref_axis',(-0.707106781186549,-0.707106781186546,0.));
#3914=DIRECTION('',(1.,-1.48029736616687E-15,0.));
#3915=DIRECTION('center_axis',(0.,0.,-1.));
#3916=DIRECTION('ref_axis',(0.707106781186548,-0.707106781186547,0.));
#3917=DIRECTION('',(-2.78600508061528E-17,1.,0.));
#3918=DIRECTION('center_axis',(0.,0.,-1.));
#3919=DIRECTION('ref_axis',(0.707106781186544,0.707106781186551,0.));
#3920=DIRECTION('',(-1.,-1.19348975147204E-14,0.));
#3921=DIRECTION('center_axis',(0.,0.,-1.));
#3922=DIRECTION('ref_axis',(-0.707106781186552,0.707106781186543,0.));
#3923=DIRECTION('',(0.,1.,0.));
#3924=DIRECTION('center_axis',(0.,0.,-1.));
#3925=DIRECTION('ref_axis',(0.707106781186552,0.707106781186543,0.));
#3926=DIRECTION('',(-1.,-4.44089209850062E-15,0.));
#3927=DIRECTION('center_axis',(0.,0.,-1.));
#3928=DIRECTION('ref_axis',(-0.707106781186552,0.707106781186543,0.));
#3929=DIRECTION('',(0.,-1.,0.));
#3930=DIRECTION('center_axis',(0.,0.,-1.));
#3931=DIRECTION('ref_axis',(-0.707106781186554,-0.707106781186541,0.));
#3932=DIRECTION('',(1.,1.03620815631681E-14,0.));
#3933=DIRECTION('center_axis',(0.,0.,-1.));
#3934=DIRECTION('ref_axis',(0.707106781186554,-0.707106781186541,0.));
#3935=DIRECTION('center_axis',(0.,0.,1.));
#3936=DIRECTION('ref_axis',(0.793353340291233,0.608761429008724,0.));
#3937=DIRECTION('center_axis',(0.,0.,1.));
#3938=DIRECTION('ref_axis',(0.793353340291233,0.608761429008724,0.));
#3939=DIRECTION('',(0.,0.,1.));
#3940=DIRECTION('center_axis',(0.,0.,1.));
#3941=DIRECTION('ref_axis',(0.793353340291233,0.608761429008724,0.));
#3942=DIRECTION('',(0.,0.,-1.));
#3943=DIRECTION('center_axis',(-0.258819045102518,-0.965925826289069,0.));
#3944=DIRECTION('ref_axis',(0.965925826289069,-0.258819045102518,0.));
#3945=DIRECTION('',(0.965925826289069,-0.258819045102518,0.));
#3946=DIRECTION('',(0.,0.,-1.));
#3947=DIRECTION('',(0.965925826289069,-0.258819045102518,0.));
#3948=DIRECTION('center_axis',(0.,0.,1.));
#3949=DIRECTION('ref_axis',(1.,0.,0.));
#3950=DIRECTION('',(4.28957236970479E-15,-1.,0.));
#3951=DIRECTION('center_axis',(0.,0.,1.));
#3952=DIRECTION('ref_axis',(0.608761429008705,-0.793353340291247,0.));
#3953=DIRECTION('',(-0.965925826289065,0.258819045102533,0.));
#3954=DIRECTION('center_axis',(0.,0.,1.));
#3955=DIRECTION('ref_axis',(-0.793353340291241,-0.608761429008713,0.));
#3956=DIRECTION('',(0.,1.,0.));
#3957=DIRECTION('center_axis',(0.,0.,1.));
#3958=DIRECTION('ref_axis',(-0.608761429008723,0.793353340291233,0.));
#3959=DIRECTION('center_axis',(0.,0.,1.));
#3960=DIRECTION('ref_axis',(-0.608761429008723,0.793353340291233,0.));
#3961=DIRECTION('center_axis',(0.,0.,-1.));
#3962=DIRECTION('ref_axis',(-0.608761429008723,0.793353340291233,0.));
#3963=DIRECTION('',(0.,0.,1.));
#3964=DIRECTION('center_axis',(0.258819045102525,0.965925826289067,0.));
#3965=DIRECTION('ref_axis',(-0.965925826289067,0.258819045102525,0.));
#3966=DIRECTION('',(0.,0.,-1.));
#3967=DIRECTION('',(-0.965925826289067,0.258819045102525,0.));
#3968=DIRECTION('center_axis',(0.,0.,1.));
#3969=DIRECTION('ref_axis',(0.793353340291234,0.608761429008723,0.));
#3970=DIRECTION('center_axis',(0.,0.,1.));
#3971=DIRECTION('ref_axis',(0.793353340291234,0.608761429008723,0.));
#3972=DIRECTION('',(0.,0.,1.));
#3973=DIRECTION('center_axis',(0.,0.,1.));
#3974=DIRECTION('ref_axis',(0.793353340291234,0.608761429008723,0.));
#3975=DIRECTION('',(0.,0.,-1.));
#3976=DIRECTION('center_axis',(-0.25881904510252,-0.965925826289068,0.));
#3977=DIRECTION('ref_axis',(0.965925826289068,-0.25881904510252,0.));
#3978=DIRECTION('',(0.965925826289068,-0.25881904510252,0.));
#3979=DIRECTION('',(0.,0.,-1.));
#3980=DIRECTION('',(0.965925826289068,-0.25881904510252,0.));
#3981=DIRECTION('center_axis',(0.,0.,1.));
#3982=DIRECTION('ref_axis',(1.,0.,0.));
#3983=DIRECTION('',(0.,-1.,0.));
#3984=DIRECTION('center_axis',(0.,0.,1.));
#3985=DIRECTION('ref_axis',(0.608761429008722,-0.793353340291234,0.));
#3986=DIRECTION('',(-0.965925826289068,0.258819045102521,0.));
#3987=DIRECTION('center_axis',(0.,0.,1.));
#3988=DIRECTION('ref_axis',(-0.793353340291234,-0.608761429008723,0.));
#3989=DIRECTION('',(0.,1.,0.));
#3990=DIRECTION('center_axis',(0.,0.,1.));
#3991=DIRECTION('ref_axis',(-0.608761429008722,0.793353340291234,0.));
#3992=DIRECTION('center_axis',(0.,0.,1.));
#3993=DIRECTION('ref_axis',(-0.608761429008723,0.793353340291233,0.));
#3994=DIRECTION('',(0.,0.,1.));
#3995=DIRECTION('center_axis',(0.,0.,1.));
#3996=DIRECTION('ref_axis',(-0.608761429008723,0.793353340291233,0.));
#3997=DIRECTION('center_axis',(1.,0.,0.));
#3998=DIRECTION('ref_axis',(0.,1.,0.));
#3999=DIRECTION('',(0.,0.,-1.));
#4000=DIRECTION('',(0.,1.,0.));
#4001=DIRECTION('center_axis',(0.,0.,1.));
#4002=DIRECTION('ref_axis',(-0.793353340291241,-0.608761429008713,0.));
#4003=DIRECTION('',(0.,0.,1.));
#4004=DIRECTION('center_axis',(0.,0.,1.));
#4005=DIRECTION('ref_axis',(-0.793353340291241,-0.608761429008713,0.));
#4006=DIRECTION('center_axis',(0.258819045102533,0.965925826289065,0.));
#4007=DIRECTION('ref_axis',(-0.965925826289065,0.258819045102533,0.));
#4008=DIRECTION('',(0.,0.,-1.));
#4009=DIRECTION('',(-0.965925826289065,0.258819045102533,0.));
#4010=DIRECTION('center_axis',(0.,0.,1.));
#4011=DIRECTION('ref_axis',(0.608761429008705,-0.793353340291247,0.));
#4012=DIRECTION('',(0.,0.,1.));
#4013=DIRECTION('center_axis',(0.,0.,1.));
#4014=DIRECTION('ref_axis',(0.608761429008705,-0.793353340291247,0.));
#4015=DIRECTION('center_axis',(0.,0.,1.));
#4016=DIRECTION('ref_axis',(0.793353340291233,0.608761429008724,0.));
#4017=DIRECTION('center_axis',(0.,0.,-1.));
#4018=DIRECTION('ref_axis',(0.793353340291233,0.608761429008724,0.));
#4019=DIRECTION('',(0.,0.,-1.));
#4020=DIRECTION('',(0.,0.,1.));
#4021=DIRECTION('center_axis',(1.,2.1447861848524E-15,0.));
#4022=DIRECTION('ref_axis',(-2.1447861848524E-15,1.,0.));
#4023=DIRECTION('',(-2.1447861848524E-15,1.,0.));
#4024=DIRECTION('center_axis',(0.,0.,1.));
#4025=DIRECTION('ref_axis',(-0.793353340291233,-0.608761429008724,0.));
#4026=DIRECTION('',(0.,0.,1.));
#4027=DIRECTION('center_axis',(0.,0.,1.));
#4028=DIRECTION('ref_axis',(-0.793353340291233,-0.608761429008724,0.));
#4029=DIRECTION('',(0.,0.,-1.));
#4030=DIRECTION('center_axis',(1.,0.,0.));
#4031=DIRECTION('ref_axis',(0.,1.,0.));
#4032=DIRECTION('',(0.,1.,0.));
#4033=DIRECTION('',(0.,0.,1.));
#4034=DIRECTION('center_axis',(0.,0.,1.));
#4035=DIRECTION('ref_axis',(-0.608761429008722,0.793353340291234,0.));
#4036=DIRECTION('center_axis',(0.,0.,1.));
#4037=DIRECTION('ref_axis',(-0.608761429008722,0.793353340291234,0.));
#4038=DIRECTION('center_axis',(0.,0.,1.));
#4039=DIRECTION('ref_axis',(-0.608761429008722,0.793353340291234,0.));
#4040=DIRECTION('',(0.,0.,1.));
#4041=DIRECTION('center_axis',(0.,0.,1.));
#4042=DIRECTION('ref_axis',(-0.608761429008722,0.793353340291234,0.));
#4043=DIRECTION('center_axis',(1.,0.,0.));
#4044=DIRECTION('ref_axis',(0.,1.,0.));
#4045=DIRECTION('',(0.,0.,-1.));
#4046=DIRECTION('',(0.,1.,0.));
#4047=DIRECTION('center_axis',(0.,0.,1.));
#4048=DIRECTION('ref_axis',(-0.793353340291234,-0.608761429008723,0.));
#4049=DIRECTION('',(0.,0.,1.));
#4050=DIRECTION('center_axis',(0.,0.,1.));
#4051=DIRECTION('ref_axis',(-0.793353340291234,-0.608761429008723,0.));
#4052=DIRECTION('center_axis',(0.258819045102521,0.965925826289068,0.));
#4053=DIRECTION('ref_axis',(-0.965925826289068,0.258819045102521,0.));
#4054=DIRECTION('',(0.,0.,-1.));
#4055=DIRECTION('',(-0.965925826289068,0.258819045102521,0.));
#4056=DIRECTION('center_axis',(0.,0.,1.));
#4057=DIRECTION('ref_axis',(-0.608761429008723,0.793353340291233,0.));
#4058=DIRECTION('',(0.,0.,1.));
#4059=DIRECTION('center_axis',(0.,0.,1.));
#4060=DIRECTION('ref_axis',(-0.608761429008723,0.793353340291233,0.));
#4061=DIRECTION('center_axis',(1.,4.28957236970489E-15,0.));
#4062=DIRECTION('ref_axis',(-4.28957236970489E-15,1.,0.));
#4063=DIRECTION('',(0.,0.,-1.));
#4064=DIRECTION('',(-4.28957236970489E-15,1.,0.));
#4065=DIRECTION('center_axis',(0.,0.,1.));
#4066=DIRECTION('ref_axis',(-0.793353340291241,-0.608761429008713,0.));
#4067=DIRECTION('',(0.,0.,1.));
#4068=DIRECTION('center_axis',(0.,0.,1.));
#4069=DIRECTION('ref_axis',(-0.793353340291241,-0.608761429008713,0.));
#4070=DIRECTION('center_axis',(0.258819045102535,0.965925826289065,0.));
#4071=DIRECTION('ref_axis',(-0.965925826289065,0.258819045102535,0.));
#4072=DIRECTION('',(0.,0.,-1.));
#4073=DIRECTION('',(-0.965925826289065,0.258819045102535,0.));
#4074=DIRECTION('center_axis',(0.,0.,1.));
#4075=DIRECTION('ref_axis',(0.60876142900872,-0.793353340291236,0.));
#4076=DIRECTION('',(0.,0.,1.));
#4077=DIRECTION('center_axis',(0.,0.,1.));
#4078=DIRECTION('ref_axis',(0.60876142900872,-0.793353340291236,0.));
#4079=DIRECTION('center_axis',(0.,0.,1.));
#4080=DIRECTION('ref_axis',(0.793353340291233,0.608761429008724,0.));
#4081=DIRECTION('center_axis',(0.,0.,-1.));
#4082=DIRECTION('ref_axis',(0.793353340291233,0.608761429008724,0.));
#4083=DIRECTION('',(0.,0.,-1.));
#4084=DIRECTION('',(0.,0.,1.));
#4085=DIRECTION('center_axis',(1.,0.,0.));
#4086=DIRECTION('ref_axis',(0.,1.,0.));
#4087=DIRECTION('',(0.,1.,0.));
#4088=DIRECTION('center_axis',(0.,0.,1.));
#4089=DIRECTION('ref_axis',(0.608761429008722,-0.793353340291234,0.));
#4090=DIRECTION('',(0.,0.,1.));
#4091=DIRECTION('center_axis',(0.,0.,1.));
#4092=DIRECTION('ref_axis',(0.608761429008722,-0.793353340291234,0.));
#4093=DIRECTION('center_axis',(0.,0.,1.));
#4094=DIRECTION('ref_axis',(-0.793353340291233,-0.608761429008724,0.));
#4095=DIRECTION('',(0.,0.,1.));
#4096=DIRECTION('center_axis',(0.,0.,1.));
#4097=DIRECTION('ref_axis',(-0.793353340291233,-0.608761429008724,0.));
#4098=DIRECTION('',(0.,0.,-1.));
#4099=DIRECTION('center_axis',(1.,0.,0.));
#4100=DIRECTION('ref_axis',(0.,1.,0.));
#4101=DIRECTION('',(0.,1.,0.));
#4102=DIRECTION('',(0.,0.,1.));
#4103=DIRECTION('center_axis',(0.,0.,1.));
#4104=DIRECTION('ref_axis',(0.793353340291235,0.608761429008721,0.));
#4105=DIRECTION('center_axis',(0.,0.,-1.));
#4106=DIRECTION('ref_axis',(0.793353340291235,0.608761429008721,0.));
#4107=DIRECTION('center_axis',(-1.,-4.28957236970479E-15,0.));
#4108=DIRECTION('ref_axis',(4.28957236970479E-15,-1.,0.));
#4109=DIRECTION('',(4.28957236970479E-15,-1.,0.));
#4110=DIRECTION('center_axis',(-1.,0.,0.));
#4111=DIRECTION('ref_axis',(0.,-1.,0.));
#4112=DIRECTION('',(0.,-1.,0.));
#4113=DIRECTION('center_axis',(-1.,0.,0.));
#4114=DIRECTION('ref_axis',(0.,-1.,0.));
#4115=DIRECTION('',(0.,-1.,0.));
#4116=DIRECTION('center_axis',(0.258819045102517,0.965925826289069,0.));
#4117=DIRECTION('ref_axis',(-0.965925826289069,0.258819045102517,0.));
#4118=DIRECTION('',(-0.965925826289069,0.258819045102517,0.));
#4119=DIRECTION('center_axis',(0.258819045102521,0.965925826289068,0.));
#4120=DIRECTION('ref_axis',(-0.965925826289068,0.258819045102521,0.));
#4121=DIRECTION('',(-0.965925826289068,0.258819045102521,0.));
#4122=DIRECTION('center_axis',(0.,0.,1.));
#4123=DIRECTION('ref_axis',(1.,0.,0.));
#4124=DIRECTION('center_axis',(-1.,0.,0.));
#4125=DIRECTION('ref_axis',(0.,-1.,0.));
#4126=DIRECTION('',(0.,0.,1.));
#4127=DIRECTION('',(0.,0.,-1.));
#4128=DIRECTION('',(0.,-1.,0.));
#4129=DIRECTION('center_axis',(0.,0.,1.));
#4130=DIRECTION('ref_axis',(0.707106781186551,-0.707106781186544,0.));
#4131=DIRECTION('center_axis',(0.,0.,-1.));
#4132=DIRECTION('ref_axis',(0.707106781186551,-0.707106781186544,0.));
#4133=DIRECTION('',(0.,0.,-1.));
#4134=DIRECTION('center_axis',(0.,0.,1.));
#4135=DIRECTION('ref_axis',(0.707106781186548,-0.707106781186547,0.));
#4136=DIRECTION('center_axis',(0.,0.,-1.));
#4137=DIRECTION('ref_axis',(0.707106781186548,-0.707106781186547,0.));
#4138=DIRECTION('',(0.,0.,-1.));
#4139=DIRECTION('',(0.,0.,1.));
#4140=DIRECTION('center_axis',(1.,2.78600508061528E-17,0.));
#4141=DIRECTION('ref_axis',(-2.78600508061528E-17,1.,0.));
#4142=DIRECTION('',(-2.78600508061528E-17,1.,0.));
#4143=DIRECTION('',(0.,0.,1.));
#4144=DIRECTION('center_axis',(0.,0.,1.));
#4145=DIRECTION('ref_axis',(-0.707106781186549,-0.707106781186546,0.));
#4146=DIRECTION('center_axis',(0.,0.,-1.));
#4147=DIRECTION('ref_axis',(-0.707106781186549,-0.707106781186546,0.));
#4148=DIRECTION('',(0.,0.,-1.));
#4149=DIRECTION('',(0.,0.,1.));
#4150=DIRECTION('center_axis',(0.,0.,1.));
#4151=DIRECTION('ref_axis',(1.,0.,0.));
#4152=DIRECTION('',(1.,-1.48029736616687E-15,0.));
#4153=DIRECTION('',(0.,-1.,0.));
#4154=DIRECTION('center_axis',(0.,0.,-1.));
#4155=DIRECTION('ref_axis',(-0.707106781186552,0.707106781186543,0.));
#4156=DIRECTION('',(-1.,-1.19348975147204E-14,0.));
#4157=DIRECTION('center_axis',(0.,0.,-1.));
#4158=DIRECTION('ref_axis',(0.707106781186544,0.707106781186551,0.));
#4159=DIRECTION('center_axis',(-1.,0.,0.));
#4160=DIRECTION('ref_axis',(0.,-1.,0.));
#4161=DIRECTION('',(0.,0.,-1.));
#4162=DIRECTION('center_axis',(0.,0.,1.));
#4163=DIRECTION('ref_axis',(-0.707106781186552,0.707106781186543,0.));
#4164=DIRECTION('',(0.,0.,1.));
#4165=DIRECTION('center_axis',(-1.19348975147204E-14,1.,0.));
#4166=DIRECTION('ref_axis',(-1.,-1.19348975147204E-14,0.));
#4167=DIRECTION('',(0.,0.,-1.));
#4168=DIRECTION('center_axis',(0.,0.,1.));
#4169=DIRECTION('ref_axis',(0.707106781186544,0.707106781186551,0.));
#4170=DIRECTION('center_axis',(0.,0.,1.));
#4171=DIRECTION('ref_axis',(0.707106781186548,0.707106781186547,0.));
#4172=DIRECTION('center_axis',(0.,0.,-1.));
#4173=DIRECTION('ref_axis',(-0.707106781186548,0.707106781186548,0.));
#4174=DIRECTION('',(0.,0.,1.));
#4175=DIRECTION('center_axis',(1.,0.,0.));
#4176=DIRECTION('ref_axis',(0.,1.,0.));
#4177=DIRECTION('',(0.,1.,0.));
#4178=DIRECTION('center_axis',(1.,0.,0.));
#4179=DIRECTION('ref_axis',(0.,1.,0.));
#4180=DIRECTION('',(0.,0.,1.));
#4181=DIRECTION('',(0.,0.,-1.));
#4182=DIRECTION('',(0.,1.,0.));
#4183=DIRECTION('center_axis',(0.,0.,1.));
#4184=DIRECTION('ref_axis',(0.707106781186554,-0.707106781186541,0.));
#4185=DIRECTION('center_axis',(0.,0.,-1.));
#4186=DIRECTION('ref_axis',(0.707106781186554,-0.707106781186541,0.));
#4187=DIRECTION('',(0.,0.,-1.));
#4188=DIRECTION('',(0.,0.,1.));
#4189=DIRECTION('center_axis',(1.,0.,0.));
#4190=DIRECTION('ref_axis',(0.,1.,0.));
#4191=DIRECTION('',(0.,1.,0.));
#4192=DIRECTION('',(0.,0.,1.));
#4193=DIRECTION('center_axis',(0.,0.,1.));
#4194=DIRECTION('ref_axis',(-0.707106781186554,-0.707106781186541,0.));
#4195=DIRECTION('center_axis',(0.,0.,-1.));
#4196=DIRECTION('ref_axis',(-0.707106781186554,-0.707106781186541,0.));
#4197=DIRECTION('',(0.,0.,-1.));
#4198=DIRECTION('',(0.,0.,1.));
#4199=DIRECTION('center_axis',(0.,0.,1.));
#4200=DIRECTION('ref_axis',(1.,0.,0.));
#4201=DIRECTION('',(1.,1.03620815631681E-14,0.));
#4202=DIRECTION('',(0.,-1.,0.));
#4203=DIRECTION('center_axis',(0.,0.,-1.));
#4204=DIRECTION('ref_axis',(-0.707106781186552,0.707106781186543,0.));
#4205=DIRECTION('',(-1.,-4.44089209850062E-15,0.));
#4206=DIRECTION('center_axis',(0.,0.,-1.));
#4207=DIRECTION('ref_axis',(0.707106781186552,0.707106781186543,0.));
#4208=DIRECTION('center_axis',(-1.,0.,0.));
#4209=DIRECTION('ref_axis',(0.,-1.,0.));
#4210=DIRECTION('',(0.,0.,-1.));
#4211=DIRECTION('center_axis',(0.,0.,1.));
#4212=DIRECTION('ref_axis',(-0.707106781186554,-0.707106781186541,0.));
#4213=DIRECTION('center_axis',(0.,0.,-1.));
#4214=DIRECTION('ref_axis',(0.707106781186554,-0.707106781186541,0.));
#4215=DIRECTION('',(0.,0.,1.));
#4216=DIRECTION('center_axis',(-1.,-8.9152162579688E-16,0.));
#4217=DIRECTION('ref_axis',(8.9152162579688E-16,-1.,0.));
#4218=DIRECTION('',(0.,0.,-1.));
#4219=DIRECTION('',(8.9152162579688E-16,-1.,0.));
#4220=DIRECTION('center_axis',(0.,0.,1.));
#4221=DIRECTION('ref_axis',(-0.707106781186578,0.707106781186517,0.));
#4222=DIRECTION('center_axis',(0.,0.,-1.));
#4223=DIRECTION('ref_axis',(-0.707106781186578,0.707106781186517,0.));
#4224=DIRECTION('center_axis',(0.,0.,1.));
#4225=DIRECTION('ref_axis',(-0.707106781186552,0.707106781186543,0.));
#4226=DIRECTION('',(0.,0.,1.));
#4227=DIRECTION('center_axis',(0.,0.,1.));
#4228=DIRECTION('ref_axis',(0.707106781186552,0.707106781186543,0.));
#4229=DIRECTION('',(0.,0.,-1.));
#4230=DIRECTION('center_axis',(1.03620815631681E-14,-1.,0.));
#4231=DIRECTION('ref_axis',(1.,1.03620815631681E-14,0.));
#4232=DIRECTION('center_axis',(-4.44089209850062E-15,1.,0.));
#4233=DIRECTION('ref_axis',(-1.,-4.44089209850062E-15,0.));
#4234=DIRECTION('center_axis',(-1.48029736616687E-15,-1.,0.));
#4235=DIRECTION('ref_axis',(1.,-1.48029736616687E-15,0.));
#4236=DIRECTION('center_axis',(0.,0.,1.));
#4237=DIRECTION('ref_axis',(1.,0.,0.));
#4238=DIRECTION('center_axis',(0.,0.,1.));
#4239=DIRECTION('ref_axis',(1.,0.,0.));
#4240=DIRECTION('center_axis',(0.,0.,1.));
#4241=DIRECTION('ref_axis',(-0.707106781186546,0.707106781186549,0.));
#4242=DIRECTION('center_axis',(0.,0.,1.));
#4243=DIRECTION('ref_axis',(-0.707106781186546,0.707106781186549,0.));
#4244=DIRECTION('',(0.,0.,1.));
#4245=DIRECTION('',(0.,0.,-1.));
#4246=DIRECTION('center_axis',(0.,1.,0.));
#4247=DIRECTION('ref_axis',(1.,0.,0.));
#4248=DIRECTION('',(-1.,0.,0.));
#4249=DIRECTION('',(0.,0.,-1.));
#4250=DIRECTION('center_axis',(0.,0.,-1.));
#4251=DIRECTION('ref_axis',(0.707106781186553,0.707106781186543,0.));
#4252=DIRECTION('center_axis',(0.,0.,1.));
#4253=DIRECTION('ref_axis',(0.707106781186553,0.707106781186543,0.));
#4254=DIRECTION('center_axis',(0.,0.,1.));
#4255=DIRECTION('ref_axis',(0.707106781186541,-0.707106781186554,0.));
#4256=DIRECTION('center_axis',(0.,0.,-1.));
#4257=DIRECTION('ref_axis',(0.707106781186541,-0.707106781186554,0.));
#4258=DIRECTION('',(0.,0.,-1.));
#4259=DIRECTION('',(0.,0.,1.));
#4260=DIRECTION('center_axis',(0.,-1.,0.));
#4261=DIRECTION('ref_axis',(1.,0.,0.));
#4262=DIRECTION('',(-1.,0.,0.));
#4263=DIRECTION('',(0.,0.,1.));
#4264=DIRECTION('center_axis',(0.,0.,1.));
#4265=DIRECTION('ref_axis',(1.,0.,0.));
#4266=DIRECTION('',(0.,-1.,0.));
#4267=DIRECTION('',(-1.,0.,0.));
#4268=DIRECTION('center_axis',(0.,0.,1.));
#4269=DIRECTION('ref_axis',(0.707106781186552,-0.707106781186543,0.));
#4270=DIRECTION('',(-1.,0.,0.));
#4271=DIRECTION('',(0.,-1.,0.));
#4272=DIRECTION('center_axis',(0.,0.,1.));
#4273=DIRECTION('ref_axis',(0.707106781186544,-0.707106781186551,0.));
#4274=DIRECTION('',(-1.,0.,0.));
#4275=DIRECTION('center_axis',(0.,0.,1.));
#4276=DIRECTION('ref_axis',(-0.707106781186544,-0.707106781186551,0.));
#4277=DIRECTION('',(1.01506105108586E-15,1.,0.));
#4278=DIRECTION('',(-1.,0.,0.));
#4279=DIRECTION('center_axis',(0.,0.,1.));
#4280=DIRECTION('ref_axis',(-0.707106781186548,-0.707106781186548,0.));
#4281=DIRECTION('',(0.,1.,0.));
#4282=DIRECTION('',(-1.,0.,0.));
#4283=DIRECTION('',(0.,1.,0.));
#4284=DIRECTION('center_axis',(0.,0.,-1.));
#4285=DIRECTION('ref_axis',(-0.707106781186549,-0.707106781186546,0.));
#4286=DIRECTION('center_axis',(0.,0.,-1.));
#4287=DIRECTION('ref_axis',(1.,0.,0.));
#4288=DIRECTION('center_axis',(0.,0.,-1.));
#4289=DIRECTION('ref_axis',(1.,0.,0.));
#4290=DIRECTION('center_axis',(0.,0.,-1.));
#4291=DIRECTION('ref_axis',(1.,0.,0.));
#4292=DIRECTION('center_axis',(0.,0.,-1.));
#4293=DIRECTION('ref_axis',(1.,0.,0.));
#4294=DIRECTION('center_axis',(0.,0.,-1.));
#4295=DIRECTION('ref_axis',(-0.707106781186549,-0.707106781186546,0.));
#4296=DIRECTION('',(0.,0.,-1.));
#4297=DIRECTION('center_axis',(-1.,0.,0.));
#4298=DIRECTION('ref_axis',(0.,-1.,0.));
#4299=DIRECTION('center_axis',(0.,-0.707106781186548,-0.707106781186548));
#4300=DIRECTION('ref_axis',(-1.,0.,0.));
#4301=DIRECTION('center_axis',(0.,0.,1.));
#4302=DIRECTION('ref_axis',(0.707106781186552,-0.707106781186543,0.));
#4303=DIRECTION('center_axis',(0.,0.,1.));
#4304=DIRECTION('ref_axis',(0.707106781186552,-0.707106781186543,0.));
#4305=DIRECTION('',(0.,0.,1.));
#4306=DIRECTION('center_axis',(0.,0.,-1.));
#4307=DIRECTION('ref_axis',(-1.,0.,0.));
#4308=DIRECTION('',(0.,-1.,0.));
#4309=DIRECTION('center_axis',(0.,0.,1.));
#4310=DIRECTION('ref_axis',(-0.707106781186548,-0.707106781186548,0.));
#4311=DIRECTION('',(1.,0.,0.));
#4312=DIRECTION('',(1.01506105108586E-15,1.,0.));
#4313=DIRECTION('center_axis',(0.,0.,1.));
#4314=DIRECTION('ref_axis',(-0.707106781186544,-0.707106781186551,0.));
#4315=DIRECTION('',(-1.,0.,0.));
#4316=DIRECTION('center_axis',(0.,0.,1.));
#4317=DIRECTION('ref_axis',(0.707106781186544,-0.707106781186551,0.));
#4318=DIRECTION('',(0.,-1.,0.));
#4319=DIRECTION('',(1.,0.,0.));
#4320=DIRECTION('center_axis',(0.,0.,1.));
#4321=DIRECTION('ref_axis',(-0.707106781186548,-0.707106781186548,0.));
#4322=DIRECTION('',(0.,0.,1.));
#4323=DIRECTION('',(0.,0.,-1.));
#4324=DIRECTION('center_axis',(0.,-1.,0.));
#4325=DIRECTION('ref_axis',(-1.,0.,0.));
#4326=DIRECTION('',(0.,0.,-1.));
#4327=DIRECTION('center_axis',(1.,0.,0.));
#4328=DIRECTION('ref_axis',(0.,1.,0.));
#4329=DIRECTION('center_axis',(-1.,0.,0.));
#4330=DIRECTION('ref_axis',(0.,1.,0.));
#4331=DIRECTION('center_axis',(0.,0.,1.));
#4332=DIRECTION('ref_axis',(1.,0.,0.));
#4333=DIRECTION('',(0.,0.,1.));
#4334=DIRECTION('center_axis',(0.,0.,1.));
#4335=DIRECTION('ref_axis',(1.,0.,0.));
#4336=DIRECTION('center_axis',(0.,0.,-1.));
#4337=DIRECTION('ref_axis',(1.,0.,0.));
#4338=DIRECTION('center_axis',(0.,0.,-1.));
#4339=DIRECTION('ref_axis',(1.,0.,0.));
#4340=DIRECTION('center_axis',(0.,0.,1.));
#4341=DIRECTION('ref_axis',(1.,0.,0.));
#4342=DIRECTION('',(0.,0.,1.));
#4343=DIRECTION('center_axis',(0.,0.,1.));
#4344=DIRECTION('ref_axis',(1.,0.,0.));
#4345=DIRECTION('center_axis',(0.,0.,-1.));
#4346=DIRECTION('ref_axis',(1.,0.,0.));
#4347=DIRECTION('center_axis',(0.,0.,-1.));
#4348=DIRECTION('ref_axis',(1.,0.,0.));
#4349=DIRECTION('center_axis',(0.,0.,1.));
#4350=DIRECTION('ref_axis',(1.,0.,0.));
#4351=DIRECTION('',(0.,0.,1.));
#4352=DIRECTION('center_axis',(0.,0.,1.));
#4353=DIRECTION('ref_axis',(1.,0.,0.));
#4354=DIRECTION('center_axis',(0.,0.,-1.));
#4355=DIRECTION('ref_axis',(1.,0.,0.));
#4356=DIRECTION('center_axis',(0.,0.,-1.));
#4357=DIRECTION('ref_axis',(1.,0.,0.));
#4358=DIRECTION('center_axis',(0.,0.,1.));
#4359=DIRECTION('ref_axis',(1.,0.,0.));
#4360=DIRECTION('',(0.,0.,1.));
#4361=DIRECTION('center_axis',(0.,0.,1.));
#4362=DIRECTION('ref_axis',(1.,0.,0.));
#4363=DIRECTION('center_axis',(0.,0.,-1.));
#4364=DIRECTION('ref_axis',(1.,0.,0.));
#4365=DIRECTION('center_axis',(0.,0.,-1.));
#4366=DIRECTION('ref_axis',(1.,0.,0.));
#4367=DIRECTION('center_axis',(0.,0.,1.));
#4368=DIRECTION('ref_axis',(1.,0.,0.));
#4369=DIRECTION('',(0.,0.,1.));
#4370=DIRECTION('center_axis',(0.,0.,1.));
#4371=DIRECTION('ref_axis',(1.,0.,0.));
#4372=DIRECTION('',(0.,0.,1.));
#4373=DIRECTION('center_axis',(0.,0.,1.));
#4374=DIRECTION('ref_axis',(1.,0.,0.));
#4375=DIRECTION('',(0.,0.,1.));
#4376=DIRECTION('center_axis',(0.,0.,1.));
#4377=DIRECTION('ref_axis',(1.,0.,0.));
#4378=DIRECTION('',(0.,0.,1.));
#4379=DIRECTION('center_axis',(0.,0.,-1.));
#4380=DIRECTION('ref_axis',(-0.707106781186544,-0.707106781186551,0.));
#4381=DIRECTION('',(0.,0.,1.));
#4382=DIRECTION('',(0.,0.,-1.));
#4383=DIRECTION('center_axis',(0.,-1.,0.));
#4384=DIRECTION('ref_axis',(-1.,0.,0.));
#4385=DIRECTION('',(0.,0.,1.));
#4386=DIRECTION('center_axis',(0.,0.,-1.));
#4387=DIRECTION('ref_axis',(0.707106781186544,-0.707106781186551,0.));
#4388=DIRECTION('',(0.,0.,-1.));
#4389=DIRECTION('center_axis',(1.,0.,0.));
#4390=DIRECTION('ref_axis',(0.,-1.,0.));
#4391=DIRECTION('',(0.,0.,1.));
#4392=DIRECTION('center_axis',(-1.,1.01506105108586E-15,0.));
#4393=DIRECTION('ref_axis',(1.01506105108586E-15,1.,0.));
#4394=DIRECTION('center_axis',(0.,-1.,0.));
#4395=DIRECTION('ref_axis',(-1.,0.,0.));
#4396=DIRECTION('center_axis',(0.,-0.707106781186548,-0.707106781186548));
#4397=DIRECTION('ref_axis',(-1.,0.,0.));
#4398=CARTESIAN_POINT('',(0.,0.,0.));
#4399=CARTESIAN_POINT('Origin',(149.7,-1.,1.));
#4400=CARTESIAN_POINT('',(199.3,-0.212329891727249,0.38390276698106));
#4401=CARTESIAN_POINT('',(199.3,-1.,0.));
#4402=CARTESIAN_POINT('Origin',(199.3,-1.,1.));
#4403=CARTESIAN_POINT('',(0.299999999999994,-1.,0.));
#4404=CARTESIAN_POINT('',(149.7,-1.,0.));
#4405=CARTESIAN_POINT('',(0.299999999999994,-0.21232989172725,0.38390276698106));
#4406=CARTESIAN_POINT('Origin',(0.299999999999994,-1.,1.));
#4407=CARTESIAN_POINT('',(0.38770968483016,-1.18090170111336E-33,1.));
#4408=CARTESIAN_POINT('Ctrl Pts',(0.300000000000004,-0.21232989172725,0.383902766981061));
#4409=CARTESIAN_POINT('Ctrl Pts',(0.300000000000004,-0.157319057423641,
0.454233207518466));
#4410=CARTESIAN_POINT('Ctrl Pts',(0.306136087261435,-0.110588268303766,
0.533924801321788));
#4411=CARTESIAN_POINT('Ctrl Pts',(0.333466473678587,-0.0250662732775706,
0.740835772841075));
#4412=CARTESIAN_POINT('Ctrl Pts',(0.360343359231123,-0.000339335108218836,
0.873548182984935));
#4413=CARTESIAN_POINT('Ctrl Pts',(0.387317965588621,-1.22754475509581E-6,
0.998191165418829));
#4414=CARTESIAN_POINT('Ctrl Pts',(0.387513735921698,-8.32541725440003E-16,
0.99909536713918));
#4415=CARTESIAN_POINT('Ctrl Pts',(0.38770968483016,-8.32667268468867E-16,
1.));
#4416=CARTESIAN_POINT('',(199.21229031517,1.18090170111337E-33,1.));
#4417=CARTESIAN_POINT('',(149.7,0.,1.));
#4418=CARTESIAN_POINT('Ctrl Pts',(199.21229031517,-8.15320033709099E-16,
0.999999999999996));
#4419=CARTESIAN_POINT('Ctrl Pts',(199.239190785861,-1.25971234913315E-15,
0.875809209910656));
#4420=CARTESIAN_POINT('Ctrl Pts',(199.266240993306,-0.0245423358935585,
0.742583519755508));
#4421=CARTESIAN_POINT('Ctrl Pts',(199.29380040108,-0.110124445777968,0.534721830437615));
#4422=CARTESIAN_POINT('Ctrl Pts',(199.3,-0.157039983490442,0.454589998919884));
#4423=CARTESIAN_POINT('Ctrl Pts',(199.3,-0.21232989172725,0.383902766981061));
#4424=CARTESIAN_POINT('Origin',(197.3,-13.6642135623731,13.8357864376269));
#4425=CARTESIAN_POINT('',(197.3,2.93945540209482E-32,3.));
#4426=CARTESIAN_POINT('Origin',(197.3,0.,0.171572875253811));
#4427=CARTESIAN_POINT('',(197.3,-1.,4.));
#4428=CARTESIAN_POINT('',(197.3,-12.25,15.25));
#4429=CARTESIAN_POINT('',(199.3,-3.82842712474619,4.));
#4430=CARTESIAN_POINT('Origin',(197.3,-3.82842712474619,4.));
#4431=CARTESIAN_POINT('',(199.3,-13.6642135623731,13.8357864376269));
#4432=CARTESIAN_POINT('Origin',(199.6,1.23259516440783E-31,0.));
#4433=CARTESIAN_POINT('',(2.3,-1.21839191351536E-31,3.));
#4434=CARTESIAN_POINT('Origin',(2.3,0.,0.17157287525381));
#4435=CARTESIAN_POINT('',(63.7,-8.39226867951023E-32,3.));
#4436=CARTESIAN_POINT('',(199.6,3.81346570727017E-67,3.));
#4437=CARTESIAN_POINT('',(135.9,-3.93368296456808E-32,3.));
#4438=CARTESIAN_POINT('',(199.6,3.81346570727017E-67,3.));
#4439=CARTESIAN_POINT('',(149.7,0.,3.));
#4440=CARTESIAN_POINT('Origin',(2.3,-1.1642135623731,1.33578643762691));
#4441=CARTESIAN_POINT('',(0.299999999999994,-3.82842712474619,4.));
#4442=CARTESIAN_POINT('',(0.3,-1.1642135623731,1.33578643762691));
#4443=CARTESIAN_POINT('',(2.3,-1.,4.));
#4444=CARTESIAN_POINT('Origin',(2.3,-3.82842712474619,4.));
#4445=CARTESIAN_POINT('',(2.3,0.25,2.75));
#4446=CARTESIAN_POINT('Origin',(135.9,-0.75,4.));
#4447=CARTESIAN_POINT('',(136.9,-1.,4.));
#4448=CARTESIAN_POINT('Origin',(135.9,-1.,4.));
#4449=CARTESIAN_POINT('',(135.9,-0.967949192431132,3.));
#4450=CARTESIAN_POINT('',(135.9,-0.75,3.));
#4451=CARTESIAN_POINT('',(136.9,-2.7,4.));
#4452=CARTESIAN_POINT('Ctrl Pts',(135.9,-0.967949192431132,3.));
#4453=CARTESIAN_POINT('Ctrl Pts',(136.030887249208,-1.043516980995,3.));
#4454=CARTESIAN_POINT('Ctrl Pts',(136.160490042134,-1.13941315387014,3.02683819415599));
#4455=CARTESIAN_POINT('Ctrl Pts',(136.386925437181,-1.35340467364326,3.11806878896283));
#4456=CARTESIAN_POINT('Ctrl Pts',(136.483998644002,-1.47143568377216,3.18201419751226));
#4457=CARTESIAN_POINT('Ctrl Pts',(136.670850899829,-1.74934255085054,3.34604817193898));
#4458=CARTESIAN_POINT('Ctrl Pts',(136.759632797957,-1.93707739191735,3.46933040069955));
#4459=CARTESIAN_POINT('Ctrl Pts',(136.874148702119,-2.32181813886174,3.73239307454173));
#4460=CARTESIAN_POINT('Ctrl Pts',(136.9,-2.51893150058051,3.8719652362012));
#4461=CARTESIAN_POINT('Ctrl Pts',(136.9,-2.7,4.));
#4462=CARTESIAN_POINT('',(136.9,-13.,4.));
#4463=CARTESIAN_POINT('Origin',(136.9,-1.,4.));
#4464=CARTESIAN_POINT('',(136.9,-2.7,1.7));
#4465=CARTESIAN_POINT('',(136.9,-2.7,4.));
#4466=CARTESIAN_POINT('',(136.9,-28.3,1.7));
#4467=CARTESIAN_POINT('',(136.9,-8.25,1.7));
#4468=CARTESIAN_POINT('',(136.9,-28.3,4.));
#4469=CARTESIAN_POINT('',(136.9,-28.3,4.));
#4470=CARTESIAN_POINT('',(136.9,-13.,4.));
#4471=CARTESIAN_POINT('Origin',(63.7,-15.25,4.));
#4472=CARTESIAN_POINT('',(62.7,-1.,4.));
#4473=CARTESIAN_POINT('Origin',(63.7,-1.,4.));
#4474=CARTESIAN_POINT('',(62.7,-2.7,4.));
#4475=CARTESIAN_POINT('',(62.7,-27.5,4.));
#4476=CARTESIAN_POINT('',(63.7,-0.967949192431121,3.));
#4477=CARTESIAN_POINT('Ctrl Pts',(62.7,-2.7,4.));
#4478=CARTESIAN_POINT('Ctrl Pts',(62.7,-2.51893150058051,3.8719652362012));
#4479=CARTESIAN_POINT('Ctrl Pts',(62.7258512978809,-2.32181813886171,3.73239307454177));
#4480=CARTESIAN_POINT('Ctrl Pts',(62.8403672020431,-1.93707739191733,3.46933040069957));
#4481=CARTESIAN_POINT('Ctrl Pts',(62.9291491001705,-1.74934255085054,3.34604817193898));
#4482=CARTESIAN_POINT('Ctrl Pts',(63.116001355998,-1.47143568377215,3.18201419751226));
#4483=CARTESIAN_POINT('Ctrl Pts',(63.2130745628194,-1.35340467364327,3.11806878896284));
#4484=CARTESIAN_POINT('Ctrl Pts',(63.4395099578662,-1.13941315387014,3.02683819415599));
#4485=CARTESIAN_POINT('Ctrl Pts',(63.5691127507918,-1.04351698099499,3.));
#4486=CARTESIAN_POINT('Ctrl Pts',(63.7,-0.967949192431121,3.));
#4487=CARTESIAN_POINT('',(63.7,-15.25,3.));
#4488=CARTESIAN_POINT('Origin',(99.8,-0.5,3.));
#4489=CARTESIAN_POINT('',(64.7,-0.7,3.));
#4490=CARTESIAN_POINT('Origin',(64.7,-2.7,3.));
#4491=CARTESIAN_POINT('',(134.9,-0.7,3.));
#4492=CARTESIAN_POINT('',(81.4,-0.7,3.));
#4493=CARTESIAN_POINT('Origin',(134.9,-2.7,3.));
#4494=CARTESIAN_POINT('Origin',(118.3,-15.35,0.));
#4495=CARTESIAN_POINT('',(108.129629131445,-15.35,0.));
#4496=CARTESIAN_POINT('',(108.129629131445,-15.35,0.5));
#4497=CARTESIAN_POINT('',(108.129629131445,-15.35,0.));
#4498=CARTESIAN_POINT('',(117.8,-15.35,0.));
#4499=CARTESIAN_POINT('',(109.05,-15.35,0.));
#4500=CARTESIAN_POINT('',(117.8,-15.35,0.5));
#4501=CARTESIAN_POINT('',(117.8,-15.35,0.));
#4502=CARTESIAN_POINT('',(118.3,-15.35,0.5));
#4503=CARTESIAN_POINT('Origin',(82.4703708685547,-29.35,0.5));
#4504=CARTESIAN_POINT('',(80.3,-29.85,0.5));
#4505=CARTESIAN_POINT('',(80.3,-28.85,0.5));
#4506=CARTESIAN_POINT('Origin',(80.3,-29.35,0.5));
#4507=CARTESIAN_POINT('',(84.6407417371093,-28.85,0.5));
#4508=CARTESIAN_POINT('',(119.8,-28.85,0.5));
#4509=CARTESIAN_POINT('',(84.6407417371093,-29.85,0.5));
#4510=CARTESIAN_POINT('Origin',(84.6407417371093,-29.35,0.5));
#4511=CARTESIAN_POINT('',(79.8,-29.85,0.5));
#4512=CARTESIAN_POINT('Origin',(85.8963817093196,-33.85,0.5));
#4513=CARTESIAN_POINT('',(81.8,-34.35,0.5));
#4514=CARTESIAN_POINT('',(81.8,-33.35,0.5));
#4515=CARTESIAN_POINT('Origin',(81.8,-33.85,0.5));
#4516=CARTESIAN_POINT('',(89.9927634186392,-33.35,0.5));
#4517=CARTESIAN_POINT('',(118.3,-33.35,0.5));
#4518=CARTESIAN_POINT('',(89.9927634186392,-34.35,0.5));
#4519=CARTESIAN_POINT('Origin',(89.9927634186392,-33.85,0.5));
#4520=CARTESIAN_POINT('',(81.3,-34.35,0.5));
#4521=CARTESIAN_POINT('Origin',(108.129629131445,-15.85,0.));
#4522=CARTESIAN_POINT('',(108.129629131445,-16.35,0.5));
#4523=CARTESIAN_POINT('Origin',(108.129629131445,-15.85,0.5));
#4524=CARTESIAN_POINT('',(108.129629131445,-16.35,0.));
#4525=CARTESIAN_POINT('',(108.129629131445,-16.35,0.));
#4526=CARTESIAN_POINT('Origin',(108.129629131445,-15.85,0.));
#4527=CARTESIAN_POINT('Origin',(108.129629131445,-20.35,0.));
#4528=CARTESIAN_POINT('',(108.129629131445,-20.85,0.5));
#4529=CARTESIAN_POINT('',(108.129629131445,-19.85,0.5));
#4530=CARTESIAN_POINT('Origin',(108.129629131445,-20.35,0.5));
#4531=CARTESIAN_POINT('',(108.129629131445,-20.85,0.));
#4532=CARTESIAN_POINT('',(108.129629131445,-20.85,0.));
#4533=CARTESIAN_POINT('',(108.129629131445,-19.85,0.));
#4534=CARTESIAN_POINT('Origin',(108.129629131445,-20.35,0.));
#4535=CARTESIAN_POINT('',(108.129629131445,-19.85,0.));
#4536=CARTESIAN_POINT('Origin',(113.714814565723,-20.35,0.5));
#4537=CARTESIAN_POINT('',(119.3,-19.85,0.5));
#4538=CARTESIAN_POINT('',(119.8,-19.85,0.5));
#4539=CARTESIAN_POINT('',(119.3,-20.85,0.5));
#4540=CARTESIAN_POINT('Origin',(119.3,-20.35,0.5));
#4541=CARTESIAN_POINT('',(79.8,-20.85,0.5));
#4542=CARTESIAN_POINT('Origin',(119.8,-19.85,0.));
#4543=CARTESIAN_POINT('',(119.3,-19.85,0.));
#4544=CARTESIAN_POINT('',(109.8,-19.85,0.));
#4545=CARTESIAN_POINT('',(119.3,-19.85,0.));
#4546=CARTESIAN_POINT('Origin',(108.129629131445,-24.85,0.));
#4547=CARTESIAN_POINT('',(108.129629131445,-25.35,0.5));
#4548=CARTESIAN_POINT('',(108.129629131445,-24.35,0.5));
#4549=CARTESIAN_POINT('Origin',(108.129629131445,-24.85,0.5));
#4550=CARTESIAN_POINT('',(108.129629131445,-25.35,0.));
#4551=CARTESIAN_POINT('',(108.129629131445,-25.35,0.));
#4552=CARTESIAN_POINT('',(108.129629131445,-24.35,0.));
#4553=CARTESIAN_POINT('Origin',(108.129629131445,-24.85,0.));
#4554=CARTESIAN_POINT('',(108.129629131445,-24.35,0.));
#4555=CARTESIAN_POINT('Origin',(114.464814565723,-24.85,0.5));
#4556=CARTESIAN_POINT('',(120.8,-24.35,0.5));
#4557=CARTESIAN_POINT('',(121.3,-24.35,0.5));
#4558=CARTESIAN_POINT('',(120.8,-25.35,0.5));
#4559=CARTESIAN_POINT('Origin',(120.8,-24.85,0.5));
#4560=CARTESIAN_POINT('',(78.3,-25.35,0.5));
#4561=CARTESIAN_POINT('Origin',(121.3,-24.35,0.));
#4562=CARTESIAN_POINT('',(120.8,-24.35,0.));
#4563=CARTESIAN_POINT('',(110.55,-24.35,0.));
#4564=CARTESIAN_POINT('',(120.8,-24.35,0.));
#4565=CARTESIAN_POINT('Origin',(113.589707614558,-29.35,0.));
#4566=CARTESIAN_POINT('',(113.589707614558,-29.85,0.5));
#4567=CARTESIAN_POINT('',(113.589707614558,-28.85,0.5));
#4568=CARTESIAN_POINT('Origin',(113.589707614558,-29.35,0.5));
#4569=CARTESIAN_POINT('',(113.589707614558,-29.85,0.));
#4570=CARTESIAN_POINT('',(113.589707614558,-29.85,0.));
#4571=CARTESIAN_POINT('',(113.589707614558,-28.85,0.));
#4572=CARTESIAN_POINT('Origin',(113.589707614558,-29.35,0.));
#4573=CARTESIAN_POINT('',(113.589707614558,-28.85,0.));
#4574=CARTESIAN_POINT('Origin',(119.8,-28.85,0.));
#4575=CARTESIAN_POINT('',(119.3,-28.85,0.));
#4576=CARTESIAN_POINT('',(109.8,-28.85,0.));
#4577=CARTESIAN_POINT('',(119.3,-28.85,0.5));
#4578=CARTESIAN_POINT('',(119.3,-28.85,0.));
#4579=CARTESIAN_POINT('',(119.8,-28.85,0.5));
#4580=CARTESIAN_POINT('Origin',(114.959258262891,-33.85,0.));
#4581=CARTESIAN_POINT('',(114.959258262891,-34.35,0.5));
#4582=CARTESIAN_POINT('',(114.959258262891,-33.35,0.5));
#4583=CARTESIAN_POINT('Origin',(114.959258262891,-33.85,0.5));
#4584=CARTESIAN_POINT('',(114.959258262891,-34.35,0.));
#4585=CARTESIAN_POINT('',(114.959258262891,-34.35,0.));
#4586=CARTESIAN_POINT('',(114.959258262891,-33.35,0.));
#4587=CARTESIAN_POINT('Origin',(114.959258262891,-33.85,0.));
#4588=CARTESIAN_POINT('',(114.959258262891,-33.35,0.));
#4589=CARTESIAN_POINT('Origin',(116.379629131445,-33.85,0.5));
#4590=CARTESIAN_POINT('',(117.8,-33.35,0.5));
#4591=CARTESIAN_POINT('',(118.3,-33.35,0.5));
#4592=CARTESIAN_POINT('',(117.8,-34.35,0.5));
#4593=CARTESIAN_POINT('Origin',(117.8,-33.85,0.5));
#4594=CARTESIAN_POINT('',(81.3,-34.35,0.5));
#4595=CARTESIAN_POINT('Origin',(118.3,-33.35,0.));
#4596=CARTESIAN_POINT('',(117.8,-33.35,0.));
#4597=CARTESIAN_POINT('',(109.05,-33.35,0.));
#4598=CARTESIAN_POINT('',(117.8,-33.35,0.));
#4599=CARTESIAN_POINT('Origin',(80.3,-20.35,0.));
#4600=CARTESIAN_POINT('',(80.3,-20.85,0.5));
#4601=CARTESIAN_POINT('',(80.3,-19.85,0.5));
#4602=CARTESIAN_POINT('Origin',(80.3,-20.35,0.5));
#4603=CARTESIAN_POINT('',(80.3,-20.85,0.));
#4604=CARTESIAN_POINT('',(80.3,-20.85,0.));
#4605=CARTESIAN_POINT('',(80.3,-19.85,0.));
#4606=CARTESIAN_POINT('Origin',(80.3,-20.35,0.));
#4607=CARTESIAN_POINT('',(80.3,-19.85,0.));
#4608=CARTESIAN_POINT('Origin',(85.1407417371094,-19.85,0.));
#4609=CARTESIAN_POINT('',(84.6407417371093,-19.85,0.));
#4610=CARTESIAN_POINT('',(92.4703708685547,-19.85,0.));
#4611=CARTESIAN_POINT('',(84.6407417371093,-19.85,0.5));
#4612=CARTESIAN_POINT('',(84.6407417371093,-19.85,0.));
#4613=CARTESIAN_POINT('',(119.8,-19.85,0.5));
#4614=CARTESIAN_POINT('Origin',(78.8,-24.85,0.));
#4615=CARTESIAN_POINT('',(78.8,-25.35,0.5));
#4616=CARTESIAN_POINT('',(78.8,-24.35,0.5));
#4617=CARTESIAN_POINT('Origin',(78.8,-24.85,0.5));
#4618=CARTESIAN_POINT('',(78.8,-25.35,0.));
#4619=CARTESIAN_POINT('',(78.8,-25.35,0.));
#4620=CARTESIAN_POINT('',(78.8,-24.35,0.));
#4621=CARTESIAN_POINT('Origin',(78.8,-24.85,0.));
#4622=CARTESIAN_POINT('',(78.8,-24.35,0.));
#4623=CARTESIAN_POINT('Origin',(85.1407417371094,-24.35,0.));
#4624=CARTESIAN_POINT('',(84.6407417371093,-24.35,0.));
#4625=CARTESIAN_POINT('',(92.4703708685547,-24.35,0.));
#4626=CARTESIAN_POINT('',(84.6407417371093,-24.35,0.5));
#4627=CARTESIAN_POINT('',(84.6407417371093,-24.35,0.));
#4628=CARTESIAN_POINT('',(121.3,-24.35,0.5));
#4629=CARTESIAN_POINT('Origin',(80.3,-29.35,0.));
#4630=CARTESIAN_POINT('',(80.3,-29.85,0.));
#4631=CARTESIAN_POINT('',(80.3,-29.85,0.));
#4632=CARTESIAN_POINT('',(80.3,-28.85,0.));
#4633=CARTESIAN_POINT('Origin',(80.3,-29.35,0.));
#4634=CARTESIAN_POINT('',(80.3,-28.85,0.));
#4635=CARTESIAN_POINT('Origin',(81.8,-33.85,0.));
#4636=CARTESIAN_POINT('',(81.8,-34.35,0.));
#4637=CARTESIAN_POINT('',(81.8,-34.35,0.));
#4638=CARTESIAN_POINT('',(81.8,-33.35,0.));
#4639=CARTESIAN_POINT('Origin',(81.8,-33.85,0.));
#4640=CARTESIAN_POINT('',(81.8,-33.35,0.));
#4641=CARTESIAN_POINT('Origin',(81.8,-15.85,0.));
#4642=CARTESIAN_POINT('',(81.8,-16.35,0.5));
#4643=CARTESIAN_POINT('',(81.8,-15.35,0.5));
#4644=CARTESIAN_POINT('Origin',(81.8,-15.85,0.5));
#4645=CARTESIAN_POINT('',(81.8,-16.35,0.));
#4646=CARTESIAN_POINT('',(81.8,-16.35,0.));
#4647=CARTESIAN_POINT('',(81.8,-15.35,0.));
#4648=CARTESIAN_POINT('Origin',(81.8,-15.85,0.));
#4649=CARTESIAN_POINT('',(81.8,-15.35,0.));
#4650=CARTESIAN_POINT('Origin',(85.1407417371094,-15.35,0.));
#4651=CARTESIAN_POINT('',(84.6407417371093,-15.35,0.));
#4652=CARTESIAN_POINT('',(92.4703708685547,-15.35,0.));
#4653=CARTESIAN_POINT('',(84.6407417371093,-15.35,0.5));
#4654=CARTESIAN_POINT('',(84.6407417371093,-15.35,0.));
#4655=CARTESIAN_POINT('',(118.3,-15.35,0.5));
#4656=CARTESIAN_POINT('Origin',(81.3,-16.35,0.));
#4657=CARTESIAN_POINT('',(84.6407417371093,-16.35,0.5));
#4658=CARTESIAN_POINT('',(81.3,-16.35,0.5));
#4659=CARTESIAN_POINT('',(84.6407417371093,-16.35,0.));
#4660=CARTESIAN_POINT('',(84.6407417371093,-16.35,0.));
#4661=CARTESIAN_POINT('',(90.55,-16.35,0.));
#4662=CARTESIAN_POINT('Origin',(79.8,-20.85,0.));
#4663=CARTESIAN_POINT('',(84.6407417371093,-20.85,0.5));
#4664=CARTESIAN_POINT('',(79.8,-20.85,0.5));
#4665=CARTESIAN_POINT('',(84.6407417371093,-20.85,0.));
#4666=CARTESIAN_POINT('',(84.6407417371093,-20.85,0.));
#4667=CARTESIAN_POINT('',(89.8,-20.85,0.));
#4668=CARTESIAN_POINT('Origin',(78.3,-25.35,0.));
#4669=CARTESIAN_POINT('',(84.6407417371093,-25.35,0.5));
#4670=CARTESIAN_POINT('',(78.3,-25.35,0.5));
#4671=CARTESIAN_POINT('',(84.6407417371093,-25.35,0.));
#4672=CARTESIAN_POINT('',(84.6407417371093,-25.35,0.));
#4673=CARTESIAN_POINT('',(89.05,-25.35,0.));
#4674=CARTESIAN_POINT('Origin',(79.8,-29.85,0.));
#4675=CARTESIAN_POINT('',(84.6407417371093,-29.85,0.));
#4676=CARTESIAN_POINT('',(84.6407417371093,-29.85,0.));
#4677=CARTESIAN_POINT('',(89.8,-29.85,0.));
#4678=CARTESIAN_POINT('Origin',(81.3,-34.35,0.));
#4679=CARTESIAN_POINT('',(89.9927634186392,-34.35,0.));
#4680=CARTESIAN_POINT('',(89.9927634186392,-34.35,0.));
#4681=CARTESIAN_POINT('',(90.55,-34.35,0.));
#4682=CARTESIAN_POINT('Origin',(114.459258262891,-34.35,0.));
#4683=CARTESIAN_POINT('',(117.8,-34.35,0.));
#4684=CARTESIAN_POINT('',(117.8,-34.35,0.));
#4685=CARTESIAN_POINT('',(107.129629131445,-34.35,0.));
#4686=CARTESIAN_POINT('Origin',(113.089707614558,-29.85,0.));
#4687=CARTESIAN_POINT('',(119.3,-29.85,0.5));
#4688=CARTESIAN_POINT('',(79.8,-29.85,0.5));
#4689=CARTESIAN_POINT('',(119.3,-29.85,0.));
#4690=CARTESIAN_POINT('',(119.3,-29.85,0.));
#4691=CARTESIAN_POINT('',(106.444853807279,-29.85,0.));
#4692=CARTESIAN_POINT('Origin',(107.629629131445,-25.35,0.));
#4693=CARTESIAN_POINT('',(120.8,-25.35,0.));
#4694=CARTESIAN_POINT('',(120.8,-25.35,0.));
#4695=CARTESIAN_POINT('',(103.714814565723,-25.35,0.));
#4696=CARTESIAN_POINT('Origin',(107.629629131445,-20.85,0.));
#4697=CARTESIAN_POINT('',(119.3,-20.85,0.));
#4698=CARTESIAN_POINT('',(119.3,-20.85,0.));
#4699=CARTESIAN_POINT('',(103.714814565723,-20.85,0.));
#4700=CARTESIAN_POINT('Origin',(107.629629131445,-16.35,0.));
#4701=CARTESIAN_POINT('',(117.8,-16.35,0.5));
#4702=CARTESIAN_POINT('',(81.3,-16.35,0.5));
#4703=CARTESIAN_POINT('',(117.8,-16.35,0.));
#4704=CARTESIAN_POINT('',(117.8,-16.35,0.));
#4705=CARTESIAN_POINT('',(103.714814565723,-16.35,0.));
#4706=CARTESIAN_POINT('Origin',(89.9927634186392,-33.85,0.));
#4707=CARTESIAN_POINT('',(89.9927634186392,-33.35,0.));
#4708=CARTESIAN_POINT('',(89.9927634186392,-33.35,0.));
#4709=CARTESIAN_POINT('Origin',(89.9927634186392,-33.85,0.));
#4710=CARTESIAN_POINT('Origin',(84.6407417371093,-29.35,0.));
#4711=CARTESIAN_POINT('',(84.6407417371093,-28.85,0.));
#4712=CARTESIAN_POINT('',(84.6407417371093,-28.85,0.));
#4713=CARTESIAN_POINT('Origin',(84.6407417371093,-29.35,0.));
#4714=CARTESIAN_POINT('Origin',(84.6407417371093,-24.85,0.));
#4715=CARTESIAN_POINT('Origin',(84.6407417371093,-24.85,0.5));
#4716=CARTESIAN_POINT('Origin',(84.6407417371093,-24.85,0.));
#4717=CARTESIAN_POINT('Origin',(84.6407417371093,-20.35,0.));
#4718=CARTESIAN_POINT('Origin',(84.6407417371093,-20.35,0.5));
#4719=CARTESIAN_POINT('Origin',(84.6407417371093,-20.35,0.));
#4720=CARTESIAN_POINT('Origin',(84.6407417371093,-15.85,0.));
#4721=CARTESIAN_POINT('Origin',(84.6407417371093,-15.85,0.5));
#4722=CARTESIAN_POINT('Origin',(84.6407417371093,-15.85,0.));
#4723=CARTESIAN_POINT('Origin',(117.8,-33.85,0.));
#4724=CARTESIAN_POINT('Origin',(117.8,-33.85,0.));
#4725=CARTESIAN_POINT('Origin',(119.3,-29.35,0.));
#4726=CARTESIAN_POINT('Origin',(119.3,-29.35,0.5));
#4727=CARTESIAN_POINT('Origin',(119.3,-29.35,0.));
#4728=CARTESIAN_POINT('Origin',(120.8,-24.85,0.));
#4729=CARTESIAN_POINT('Origin',(120.8,-24.85,0.));
#4730=CARTESIAN_POINT('Origin',(119.3,-20.35,0.));
#4731=CARTESIAN_POINT('Origin',(119.3,-20.35,0.));
#4732=CARTESIAN_POINT('Origin',(117.8,-15.85,0.));
#4733=CARTESIAN_POINT('Origin',(117.8,-15.85,0.5));
#4734=CARTESIAN_POINT('Origin',(117.8,-15.85,0.));
#4735=CARTESIAN_POINT('Origin',(85.1407417371094,-28.85,0.));
#4736=CARTESIAN_POINT('',(92.4703708685547,-28.85,0.));
#4737=CARTESIAN_POINT('Origin',(83.2203708685547,-15.85,0.5));
#4738=CARTESIAN_POINT('Origin',(82.4703708685547,-20.35,0.5));
#4739=CARTESIAN_POINT('Origin',(90.4927634186392,-33.35,0.));
#4740=CARTESIAN_POINT('',(95.1463817093196,-33.35,0.));
#4741=CARTESIAN_POINT('Origin',(116.444853807279,-29.35,0.5));
#4742=CARTESIAN_POINT('Origin',(112.964814565723,-15.85,0.5));
#4743=CARTESIAN_POINT('Origin',(81.7203708685547,-24.85,0.5));
#4744=CARTESIAN_POINT('Origin',(111.459258262891,-38.5799173771177,0.));
#4745=CARTESIAN_POINT('',(112.459258262891,-38.5799173771177,0.5));
#4746=CARTESIAN_POINT('',(111.200439217788,-39.5458432034067,0.5));
#4747=CARTESIAN_POINT('Origin',(111.459258262891,-38.5799173771177,0.5));
#4748=CARTESIAN_POINT('',(112.459258262891,-38.5799173771177,0.));
#4749=CARTESIAN_POINT('',(112.459258262891,-38.5799173771177,0.));
#4750=CARTESIAN_POINT('',(111.200439217788,-39.5458432034067,0.));
#4751=CARTESIAN_POINT('Origin',(111.459258262891,-38.5799173771177,0.));
#4752=CARTESIAN_POINT('',(111.200439217788,-39.5458432034067,0.));
#4753=CARTESIAN_POINT('Origin',(103.629629131445,-37.5172507547218,0.));
#4754=CARTESIAN_POINT('',(104.370810086343,-37.7158495930319,0.));
#4755=CARTESIAN_POINT('',(100.278426475518,-36.6192987093929,0.));
#4756=CARTESIAN_POINT('',(104.370810086343,-37.7158495930319,0.5));
#4757=CARTESIAN_POINT('',(104.370810086343,-37.7158495930319,0.));
#4758=CARTESIAN_POINT('',(112.459258262891,-39.8831427499589,0.5));
#4759=CARTESIAN_POINT('Origin',(94.9703708685547,-31.4439427589982,0.));
#4760=CARTESIAN_POINT('',(95.9703708685547,-31.4439427589982,0.5));
#4761=CARTESIAN_POINT('',(94.7115518234522,-32.4098685852873,0.5));
#4762=CARTESIAN_POINT('Origin',(94.9703708685547,-31.4439427589982,0.5));
#4763=CARTESIAN_POINT('',(95.9703708685547,-31.4439427589982,0.));
#4764=CARTESIAN_POINT('',(95.9703708685547,-31.4439427589982,0.));
#4765=CARTESIAN_POINT('',(94.7115518234522,-32.4098685852873,0.));
#4766=CARTESIAN_POINT('Origin',(94.9703708685547,-31.4439427589982,0.));
#4767=CARTESIAN_POINT('',(94.7115518234522,-32.4098685852873,0.));
#4768=CARTESIAN_POINT('Origin',(87.1407417371093,-30.3812761366023,0.));
#4769=CARTESIAN_POINT('',(87.8819226920068,-30.5798749749124,0.));
#4770=CARTESIAN_POINT('',(92.3737065979395,-31.7834448450822,0.));
#4771=CARTESIAN_POINT('',(87.8819226920068,-30.5798749749124,0.5));
#4772=CARTESIAN_POINT('',(87.8819226920068,-30.5798749749124,0.));
#4773=CARTESIAN_POINT('',(95.9703708685547,-32.7471681318394,0.5));
#4774=CARTESIAN_POINT('Origin',(104.629629131445,-36.7499237667428,0.));
#4775=CARTESIAN_POINT('',(103.629629131445,-36.7499237667428,0.5));
#4776=CARTESIAN_POINT('Origin',(104.629629131445,-36.7499237667428,0.5));
#4777=CARTESIAN_POINT('',(103.629629131445,-36.7499237667428,0.));
#4778=CARTESIAN_POINT('Origin',(104.629629131445,-36.7499237667428,0.));
#4779=CARTESIAN_POINT('',(103.629629131445,-36.7499237667428,0.));
#4780=CARTESIAN_POINT('Origin',(103.629629131445,-22.5172507547218,0.));
#4781=CARTESIAN_POINT('',(103.629629131445,-23.2845777427007,0.));
#4782=CARTESIAN_POINT('',(103.629629131445,-23.7586253773609,0.));
#4783=CARTESIAN_POINT('',(103.629629131445,-23.2845777427007,0.5));
#4784=CARTESIAN_POINT('',(103.629629131445,-23.2845777427007,0.));
#4785=CARTESIAN_POINT('',(103.629629131445,-37.5172507547218,0.5));
#4786=CARTESIAN_POINT('Origin',(88.1407417371093,-29.6139491486233,0.));
#4787=CARTESIAN_POINT('',(87.1407417371093,-29.6139491486233,0.5));
#4788=CARTESIAN_POINT('Origin',(88.1407417371093,-29.6139491486233,0.5));
#4789=CARTESIAN_POINT('',(87.1407417371093,-29.6139491486233,0.));
#4790=CARTESIAN_POINT('Origin',(88.1407417371093,-29.6139491486233,0.));
#4791=CARTESIAN_POINT('',(87.1407417371093,-29.6139491486233,0.));
#4792=CARTESIAN_POINT('Origin',(87.1407417371093,-9.81685725004107,0.));
#4793=CARTESIAN_POINT('',(87.1407417371093,-11.1200826228823,0.));
#4794=CARTESIAN_POINT('',(87.1407417371093,-17.4084286250205,0.));
#4795=CARTESIAN_POINT('',(87.1407417371093,-11.1200826228823,0.5));
#4796=CARTESIAN_POINT('',(87.1407417371093,-11.1200826228823,0.));
#4797=CARTESIAN_POINT('',(87.1407417371093,-30.3812761366023,0.5));
#4798=CARTESIAN_POINT('Origin',(109.459258262891,-33.9029142706151,0.));
#4799=CARTESIAN_POINT('',(110.459258262891,-33.9029142706151,0.));
#4800=CARTESIAN_POINT('',(109.718077307993,-32.936988444326,0.));
#4801=CARTESIAN_POINT('Origin',(109.459258262891,-33.9029142706151,0.));
#4802=CARTESIAN_POINT('',(109.718077307993,-32.936988444326,0.5));
#4803=CARTESIAN_POINT('',(109.718077307993,-32.936988444326,0.));
#4804=CARTESIAN_POINT('',(110.459258262891,-33.9029142706151,0.5));
#4805=CARTESIAN_POINT('Origin',(109.459258262891,-33.9029142706151,0.5));
#4806=CARTESIAN_POINT('',(110.459258262891,-33.9029142706151,0.));
#4807=CARTESIAN_POINT('Origin',(105.629629131445,-31.8414920571235,0.));
#4808=CARTESIAN_POINT('',(106.888448176548,-32.1787916036757,0.));
#4809=CARTESIAN_POINT('',(102.054883610825,-30.8836418817266,0.));
#4810=CARTESIAN_POINT('',(106.888448176548,-32.1787916036757,0.5));
#4811=CARTESIAN_POINT('',(106.888448176548,-32.1787916036757,0.));
#4812=CARTESIAN_POINT('',(105.629629131445,-31.8414920571235,0.5));
#4813=CARTESIAN_POINT('Origin',(99.8,-25.,0.));
#4814=CARTESIAN_POINT('',(110.459258262891,-35.9734666314353,0.));
#4815=CARTESIAN_POINT('',(110.459258262891,-29.0677936413181,0.));
#4816=CARTESIAN_POINT('',(109.200439217788,-36.9393924577243,0.));
#4817=CARTESIAN_POINT('Origin',(109.459258262891,-35.9734666314353,0.));
#4818=CARTESIAN_POINT('',(106.370810086343,-36.1811956170739,0.));
#4819=CARTESIAN_POINT('',(103.952060086343,-35.5330935078811,0.));
#4820=CARTESIAN_POINT('',(105.629629131445,-35.2152697907849,0.));
#4821=CARTESIAN_POINT('Origin',(106.629629131445,-35.2152697907849,0.));
#4822=CARTESIAN_POINT('',(105.629629131445,-33.1447174299648,0.));
#4823=CARTESIAN_POINT('',(105.629629131445,-30.4912983893819,0.));
#4824=CARTESIAN_POINT('Origin',(106.629629131445,-33.1447174299648,0.));
#4825=CARTESIAN_POINT('Origin',(102.629629131445,-23.2845777427007,0.));
#4826=CARTESIAN_POINT('',(102.888448176548,-22.3186519164117,0.));
#4827=CARTESIAN_POINT('Origin',(102.629629131445,-23.2845777427007,0.));
#4828=CARTESIAN_POINT('',(102.888448176548,-22.3186519164117,0.5));
#4829=CARTESIAN_POINT('',(102.888448176548,-22.3186519164117,0.));
#4830=CARTESIAN_POINT('Origin',(102.629629131445,-23.2845777427007,0.5));
#4831=CARTESIAN_POINT('Origin',(89.1407417371093,-18.6349650781839,0.));
#4832=CARTESIAN_POINT('',(90.3995607822119,-18.972264624736,0.));
#4833=CARTESIAN_POINT('',(94.9089827783496,-20.1805606069323,0.));
#4834=CARTESIAN_POINT('',(90.3995607822119,-18.972264624736,0.5));
#4835=CARTESIAN_POINT('',(90.3995607822119,-18.972264624736,0.));
#4836=CARTESIAN_POINT('',(103.629629131445,-22.5172507547218,0.5));
#4837=CARTESIAN_POINT('Origin',(99.8,-25.,0.));
#4838=CARTESIAN_POINT('',(199.3,-47.7,0.));
#4839=CARTESIAN_POINT('',(199.3,-37.5,0.));
#4840=CARTESIAN_POINT('',(197.3,-49.7,0.));
#4841=CARTESIAN_POINT('Origin',(197.3,-47.7,0.));
#4842=CARTESIAN_POINT('',(2.3,-49.7,0.));
#4843=CARTESIAN_POINT('',(49.9,-49.7,0.));
#4844=CARTESIAN_POINT('',(0.299999999999994,-47.7,0.));
#4845=CARTESIAN_POINT('Origin',(2.3,-47.7,0.));
#4846=CARTESIAN_POINT('',(0.299999999999994,-12.5,0.));
#4847=CARTESIAN_POINT('',(112.459258262891,-32.3682602946572,0.));
#4848=CARTESIAN_POINT('',(112.459258262891,-32.4415713749794,0.));
#4849=CARTESIAN_POINT('',(111.718077307993,-31.4023344683681,0.));
#4850=CARTESIAN_POINT('Origin',(111.459258262891,-32.3682602946572,0.));
#4851=CARTESIAN_POINT('',(106.370810086343,-29.9695385346135,0.));
#4852=CARTESIAN_POINT('',(105.72851722165,-29.7974366802149,0.));
#4853=CARTESIAN_POINT('',(105.629629131445,-29.0036127083244,0.));
#4854=CARTESIAN_POINT('Origin',(106.629629131445,-29.0036127083244,0.));
#4855=CARTESIAN_POINT('',(105.629629131445,-15.5382666842824,0.));
#4856=CARTESIAN_POINT('',(105.629629131445,-27.3854698481517,0.));
#4857=CARTESIAN_POINT('',(104.888448176548,-14.5723408579933,0.));
#4858=CARTESIAN_POINT('Origin',(104.629629131445,-15.5382666842824,0.));
#4859=CARTESIAN_POINT('',(88.3995607822119,-10.1541567965932,0.));
#4860=CARTESIAN_POINT('',(104.188702655928,-14.3848446108359,0.));
#4861=CARTESIAN_POINT('Origin',(88.1407417371093,-11.1200826228823,0.));
#4862=CARTESIAN_POINT('',(95.9703708685547,-25.2322856765377,0.));
#4863=CARTESIAN_POINT('',(95.9703708685547,-28.8735840659197,0.));
#4864=CARTESIAN_POINT('',(95.2291899136572,-24.2663598502486,0.));
#4865=CARTESIAN_POINT('Origin',(94.9703708685547,-25.2322856765377,0.));
#4866=CARTESIAN_POINT('',(89.8819226920068,-22.833563916494,0.));
#4867=CARTESIAN_POINT('',(97.8237973440723,-24.9615828159041,0.));
#4868=CARTESIAN_POINT('',(89.1407417371093,-21.8676380902049,0.));
#4869=CARTESIAN_POINT('Origin',(90.1407417371093,-21.8676380902049,0.));
#4870=CARTESIAN_POINT('',(89.1407417371093,-19.9381904510251,0.));
#4871=CARTESIAN_POINT('',(89.1407417371093,-23.8174825390919,0.));
#4872=CARTESIAN_POINT('Origin',(90.1407417371093,-19.9381904510251,0.));
#4873=CARTESIAN_POINT('',(16.9,-20.,0.));
#4874=CARTESIAN_POINT('Origin',(20.,-20.,0.));
#4875=CARTESIAN_POINT('',(16.9,-30.,0.));
#4876=CARTESIAN_POINT('Origin',(20.,-30.,0.));
#4877=CARTESIAN_POINT('',(176.5,-20.,0.));
#4878=CARTESIAN_POINT('Origin',(179.6,-20.,0.));
#4879=CARTESIAN_POINT('',(176.5,-30.,0.));
#4880=CARTESIAN_POINT('Origin',(179.6,-30.,0.));
#4881=CARTESIAN_POINT('',(187.3,-43.8499999999993,0.));
#4882=CARTESIAN_POINT('',(187.3,-6.00000000000004,0.));
#4883=CARTESIAN_POINT('',(187.3,-34.9249999999996,0.));
#4884=CARTESIAN_POINT('',(185.3,-6.00000000000004,0.));
#4885=CARTESIAN_POINT('Origin',(186.3,-6.00000000000004,0.));
#4886=CARTESIAN_POINT('',(185.3,-43.8499999999993,0.));
#4887=CARTESIAN_POINT('',(185.3,-15.,0.));
#4888=CARTESIAN_POINT('Origin',(186.3,-43.8499999999993,0.));
#4889=CARTESIAN_POINT('',(12.3,-5.99999999999996,0.));
#4890=CARTESIAN_POINT('',(12.3,-43.8499999999989,0.));
#4891=CARTESIAN_POINT('',(12.3,-15.,0.));
#4892=CARTESIAN_POINT('',(14.3,-43.8499999999989,0.));
#4893=CARTESIAN_POINT('Origin',(13.3,-43.8499999999989,0.));
#4894=CARTESIAN_POINT('',(14.3,-5.99999999999997,0.));
#4895=CARTESIAN_POINT('',(14.3,-34.9249999999995,0.));
#4896=CARTESIAN_POINT('Origin',(13.3,-5.99999999999996,0.));
#4897=CARTESIAN_POINT('',(3.3,-6.00000000000006,0.));
#4898=CARTESIAN_POINT('',(3.3,-43.8499999999989,0.));
#4899=CARTESIAN_POINT('',(3.3,-15.,0.));
#4900=CARTESIAN_POINT('',(4.3,-44.8499999999989,0.));
#4901=CARTESIAN_POINT('Origin',(4.3,-43.8499999999989,0.));
#4902=CARTESIAN_POINT('',(8.3,-44.8499999999989,0.));
#4903=CARTESIAN_POINT('',(51.55,-44.849999999999,0.));
#4904=CARTESIAN_POINT('',(9.3,-43.8499999999989,0.));
#4905=CARTESIAN_POINT('Origin',(8.3,-43.8499999999989,0.));
#4906=CARTESIAN_POINT('',(9.3,-6.00000000000001,0.));
#4907=CARTESIAN_POINT('',(9.3,-34.9249999999994,0.));
#4908=CARTESIAN_POINT('',(8.29999999999998,-5.00000000000001,0.));
#4909=CARTESIAN_POINT('Origin',(8.3,-6.00000000000001,0.));
#4910=CARTESIAN_POINT('',(4.29999999999999,-5.00000000000006,0.));
#4911=CARTESIAN_POINT('',(54.5499999999999,-4.99999999999946,0.));
#4912=CARTESIAN_POINT('Origin',(4.3,-6.00000000000006,0.));
#4913=CARTESIAN_POINT('',(196.3,-43.8499999999992,0.));
#4914=CARTESIAN_POINT('',(196.3,-6.00000000000001,0.));
#4915=CARTESIAN_POINT('',(196.3,-34.9249999999996,0.));
#4916=CARTESIAN_POINT('',(195.3,-5.,0.));
#4917=CARTESIAN_POINT('Origin',(195.3,-6.00000000000001,0.));
#4918=CARTESIAN_POINT('',(191.3,-5.00000000000002,0.));
#4919=CARTESIAN_POINT('',(148.05,-5.00000000000021,0.));
#4920=CARTESIAN_POINT('',(190.3,-6.00000000000002,0.));
#4921=CARTESIAN_POINT('Origin',(191.3,-6.00000000000002,0.));
#4922=CARTESIAN_POINT('',(190.3,-43.8499999999992,0.));
#4923=CARTESIAN_POINT('',(190.3,-15.,0.));
#4924=CARTESIAN_POINT('',(191.3,-44.8499999999992,0.));
#4925=CARTESIAN_POINT('Origin',(191.3,-43.8499999999992,0.));
#4926=CARTESIAN_POINT('',(195.3,-44.8499999999992,0.));
#4927=CARTESIAN_POINT('',(145.05,-44.8499999999997,0.));
#4928=CARTESIAN_POINT('Origin',(195.3,-43.8499999999992,0.));
#4929=CARTESIAN_POINT('Origin',(92.9703708685547,-26.7669396524956,0.));
#4930=CARTESIAN_POINT('',(93.9703708685547,-26.7669396524956,0.));
#4931=CARTESIAN_POINT('',(93.2291899136572,-25.8010138262065,0.));
#4932=CARTESIAN_POINT('Origin',(92.9703708685547,-26.7669396524956,0.));
#4933=CARTESIAN_POINT('',(93.2291899136572,-25.8010138262065,0.5));
#4934=CARTESIAN_POINT('',(93.2291899136572,-25.8010138262065,0.));
#4935=CARTESIAN_POINT('',(93.9703708685547,-26.7669396524956,0.5));
#4936=CARTESIAN_POINT('Origin',(92.9703708685547,-26.7669396524956,0.5));
#4937=CARTESIAN_POINT('',(93.9703708685547,-26.7669396524956,0.));
#4938=CARTESIAN_POINT('Origin',(89.1407417371093,-24.705517439004,0.));
#4939=CARTESIAN_POINT('',(90.3995607822118,-25.0428169855562,0.));
#4940=CARTESIAN_POINT('',(94.1501637332471,-26.0477880174159,0.));
#4941=CARTESIAN_POINT('',(90.3995607822118,-25.0428169855562,0.5));
#4942=CARTESIAN_POINT('',(90.3995607822118,-25.0428169855562,0.));
#4943=CARTESIAN_POINT('',(89.1407417371093,-24.705517439004,0.5));
#4944=CARTESIAN_POINT('Origin',(99.8,-25.,0.));
#4945=CARTESIAN_POINT('',(93.9703708685547,-28.8374920133158,0.));
#4946=CARTESIAN_POINT('',(93.9703708685547,-25.4998063322583,0.));
#4947=CARTESIAN_POINT('',(92.7115518234522,-29.8034178396048,0.));
#4948=CARTESIAN_POINT('Origin',(92.9703708685547,-28.8374920133158,0.));
#4949=CARTESIAN_POINT('',(89.8819226920068,-29.0452209989544,0.));
#4950=CARTESIAN_POINT('',(96.0473402087647,-30.6972396435705,0.));
#4951=CARTESIAN_POINT('',(89.1407417371093,-28.0792951726654,0.));
#4952=CARTESIAN_POINT('Origin',(90.1407417371093,-28.0792951726654,0.));
#4953=CARTESIAN_POINT('',(89.1407417371093,-26.0087428118452,0.));
#4954=CARTESIAN_POINT('',(89.1407417371093,-26.9233110803222,0.));
#4955=CARTESIAN_POINT('Origin',(90.1407417371093,-26.0087428118452,0.));
#4956=CARTESIAN_POINT('Origin',(88.1407417371093,-11.1200826228823,0.));
#4957=CARTESIAN_POINT('',(88.3995607822119,-10.1541567965932,0.5));
#4958=CARTESIAN_POINT('Origin',(88.1407417371093,-11.1200826228823,0.5));
#4959=CARTESIAN_POINT('',(88.3995607822119,-10.1541567965932,0.));
#4960=CARTESIAN_POINT('Origin',(105.629629131445,-14.7709396963034,0.));
#4961=CARTESIAN_POINT('',(104.888448176548,-14.5723408579933,0.5));
#4962=CARTESIAN_POINT('',(104.888448176548,-14.5723408579933,0.));
#4963=CARTESIAN_POINT('',(87.1407417371093,-9.81685725004107,0.5));
#4964=CARTESIAN_POINT('Origin',(102.629629131445,-17.0729206602402,0.));
#4965=CARTESIAN_POINT('',(103.629629131445,-17.0729206602402,0.));
#4966=CARTESIAN_POINT('',(102.888448176548,-16.1069948339512,0.));
#4967=CARTESIAN_POINT('Origin',(102.629629131445,-17.0729206602402,0.));
#4968=CARTESIAN_POINT('',(102.888448176548,-16.1069948339512,0.5));
#4969=CARTESIAN_POINT('',(102.888448176548,-16.1069948339512,0.));
#4970=CARTESIAN_POINT('',(103.629629131445,-17.0729206602402,0.5));
#4971=CARTESIAN_POINT('Origin',(102.629629131445,-17.0729206602402,0.5));
#4972=CARTESIAN_POINT('',(103.629629131445,-17.0729206602402,0.));
#4973=CARTESIAN_POINT('Origin',(89.1407417371094,-12.4233079957235,0.));
#4974=CARTESIAN_POINT('',(90.3995607822119,-12.7606075422756,0.));
#4975=CARTESIAN_POINT('',(95.6854399136572,-14.1769545868349,0.));
#4976=CARTESIAN_POINT('',(90.3995607822119,-12.7606075422756,0.5));
#4977=CARTESIAN_POINT('',(90.3995607822119,-12.7606075422756,0.));
#4978=CARTESIAN_POINT('',(89.1407417371094,-12.4233079957235,0.5));
#4979=CARTESIAN_POINT('Origin',(99.8,-25.,0.));
#4980=CARTESIAN_POINT('',(103.629629131445,-19.1434730210604,0.));
#4981=CARTESIAN_POINT('',(103.629629131445,-20.6527968361306,0.));
#4982=CARTESIAN_POINT('',(102.370810086343,-20.1093988473495,0.));
#4983=CARTESIAN_POINT('Origin',(102.629629131445,-19.1434730210604,0.));
#4984=CARTESIAN_POINT('',(89.8819226920068,-16.7630115556739,0.));
#4985=CARTESIAN_POINT('',(102.41224552062,-20.1205014385021,0.));
#4986=CARTESIAN_POINT('',(89.1407417371093,-15.7970857293848,0.));
#4987=CARTESIAN_POINT('Origin',(90.1407417371094,-15.7970857293848,0.));
#4988=CARTESIAN_POINT('',(89.1407417371093,-13.7265333685647,0.));
#4989=CARTESIAN_POINT('',(89.1407417371093,-20.7822063586819,0.));
#4990=CARTESIAN_POINT('Origin',(90.1407417371094,-13.7265333685647,0.));
#4991=CARTESIAN_POINT('Origin',(90.1407417371093,-26.0087428118452,0.));
#4992=CARTESIAN_POINT('',(89.1407417371093,-26.0087428118452,0.5));
#4993=CARTESIAN_POINT('',(89.1407417371093,-26.0087428118452,0.));
#4994=CARTESIAN_POINT('Origin',(90.1407417371093,-26.0087428118452,0.5));
#4995=CARTESIAN_POINT('Origin',(89.1407417371093,-28.8466221606443,0.));
#4996=CARTESIAN_POINT('',(89.1407417371093,-28.0792951726654,0.5));
#4997=CARTESIAN_POINT('',(89.1407417371093,-28.0792951726654,0.));
#4998=CARTESIAN_POINT('',(89.1407417371093,-28.8466221606443,0.5));
#4999=CARTESIAN_POINT('Origin',(90.1407417371093,-28.0792951726654,0.));
#5000=CARTESIAN_POINT('',(89.8819226920068,-29.0452209989544,0.5));
#5001=CARTESIAN_POINT('',(89.8819226920068,-29.0452209989544,0.));
#5002=CARTESIAN_POINT('Origin',(90.1407417371093,-28.0792951726654,0.5));
#5003=CARTESIAN_POINT('Origin',(93.9703708685547,-30.140717386157,0.));
#5004=CARTESIAN_POINT('',(92.7115518234522,-29.8034178396048,0.5));
#5005=CARTESIAN_POINT('',(92.7115518234522,-29.8034178396048,0.));
#5006=CARTESIAN_POINT('',(93.9703708685547,-30.140717386157,0.5));
#5007=CARTESIAN_POINT('Origin',(92.9703708685547,-28.8374920133158,0.));
#5008=CARTESIAN_POINT('',(93.9703708685547,-28.8374920133158,0.5));
#5009=CARTESIAN_POINT('',(93.9703708685547,-28.8374920133158,0.));
#5010=CARTESIAN_POINT('Origin',(92.9703708685547,-28.8374920133158,0.5));
#5011=CARTESIAN_POINT('Origin',(94.9703708685547,-25.2322856765377,0.));
#5012=CARTESIAN_POINT('',(95.2291899136572,-24.2663598502486,0.5));
#5013=CARTESIAN_POINT('',(95.9703708685547,-25.2322856765377,0.5));
#5014=CARTESIAN_POINT('Origin',(94.9703708685547,-25.2322856765377,0.5));
#5015=CARTESIAN_POINT('',(95.2291899136572,-24.2663598502486,0.));
#5016=CARTESIAN_POINT('',(95.9703708685547,-25.2322856765377,0.));
#5017=CARTESIAN_POINT('Origin',(95.9703708685547,-32.7471681318394,0.));
#5018=CARTESIAN_POINT('',(95.9703708685547,-24.4649586885587,0.5));
#5019=CARTESIAN_POINT('Origin',(90.1407417371093,-21.8676380902049,0.));
#5020=CARTESIAN_POINT('',(89.8819226920068,-22.833563916494,0.5));
#5021=CARTESIAN_POINT('',(89.8819226920068,-22.833563916494,0.));
#5022=CARTESIAN_POINT('',(89.1407417371093,-21.8676380902049,0.5));
#5023=CARTESIAN_POINT('Origin',(90.1407417371093,-21.8676380902049,0.5));
#5024=CARTESIAN_POINT('',(89.1407417371093,-21.8676380902049,0.));
#5025=CARTESIAN_POINT('Origin',(89.1407417371093,-22.6349650781839,0.));
#5026=CARTESIAN_POINT('',(89.1407417371093,-19.9381904510251,0.5));
#5027=CARTESIAN_POINT('',(89.1407417371093,-18.6349650781839,0.5));
#5028=CARTESIAN_POINT('',(89.1407417371093,-19.9381904510251,0.));
#5029=CARTESIAN_POINT('Origin',(90.1407417371093,-19.9381904510251,0.));
#5030=CARTESIAN_POINT('Origin',(90.1407417371093,-19.9381904510251,0.5));
#5031=CARTESIAN_POINT('Origin',(90.1407417371094,-13.7265333685647,0.));
#5032=CARTESIAN_POINT('',(89.1407417371094,-13.7265333685647,0.5));
#5033=CARTESIAN_POINT('',(89.1407417371094,-13.7265333685647,0.));
#5034=CARTESIAN_POINT('Origin',(90.1407417371094,-13.7265333685647,0.5));
#5035=CARTESIAN_POINT('Origin',(89.1407417371094,-16.5644127173638,0.));
#5036=CARTESIAN_POINT('',(89.1407417371094,-15.7970857293848,0.5));
#5037=CARTESIAN_POINT('',(89.1407417371094,-15.7970857293848,0.));
#5038=CARTESIAN_POINT('',(89.1407417371094,-16.5644127173638,0.5));
#5039=CARTESIAN_POINT('Origin',(90.1407417371094,-15.7970857293848,0.));
#5040=CARTESIAN_POINT('',(89.8819226920068,-16.7630115556739,0.5));
#5041=CARTESIAN_POINT('',(89.8819226920068,-16.7630115556739,0.));
#5042=CARTESIAN_POINT('Origin',(90.1407417371094,-15.7970857293848,0.5));
#5043=CARTESIAN_POINT('Origin',(103.629629131445,-20.4466983939016,0.));
#5044=CARTESIAN_POINT('',(102.370810086343,-20.1093988473495,0.5));
#5045=CARTESIAN_POINT('',(102.370810086343,-20.1093988473495,0.));
#5046=CARTESIAN_POINT('',(103.629629131445,-20.4466983939016,0.5));
#5047=CARTESIAN_POINT('Origin',(106.629629131445,-33.1447174299648,0.));
#5048=CARTESIAN_POINT('',(105.629629131445,-33.1447174299648,0.5));
#5049=CARTESIAN_POINT('',(105.629629131445,-33.1447174299648,0.));
#5050=CARTESIAN_POINT('Origin',(106.629629131445,-33.1447174299648,0.5));
#5051=CARTESIAN_POINT('Origin',(105.629629131445,-35.9825967787638,0.));
#5052=CARTESIAN_POINT('',(105.629629131445,-35.2152697907849,0.5));
#5053=CARTESIAN_POINT('',(105.629629131445,-35.2152697907849,0.));
#5054=CARTESIAN_POINT('',(105.629629131445,-35.9825967787638,0.5));
#5055=CARTESIAN_POINT('Origin',(106.629629131445,-35.2152697907849,0.));
#5056=CARTESIAN_POINT('',(106.370810086343,-36.1811956170739,0.5));
#5057=CARTESIAN_POINT('',(106.370810086343,-36.1811956170739,0.));
#5058=CARTESIAN_POINT('Origin',(106.629629131445,-35.2152697907849,0.5));
#5059=CARTESIAN_POINT('Origin',(110.459258262891,-37.2766920042765,0.));
#5060=CARTESIAN_POINT('',(109.200439217788,-36.9393924577243,0.5));
#5061=CARTESIAN_POINT('',(109.200439217788,-36.9393924577243,0.));
#5062=CARTESIAN_POINT('',(110.459258262891,-37.2766920042765,0.5));
#5063=CARTESIAN_POINT('Origin',(109.459258262891,-35.9734666314353,0.));
#5064=CARTESIAN_POINT('',(110.459258262891,-35.9734666314353,0.5));
#5065=CARTESIAN_POINT('',(110.459258262891,-35.9734666314353,0.));
#5066=CARTESIAN_POINT('Origin',(109.459258262891,-35.9734666314353,0.5));
#5067=CARTESIAN_POINT('Origin',(111.459258262891,-32.3682602946572,0.));
#5068=CARTESIAN_POINT('',(111.718077307993,-31.4023344683681,0.5));
#5069=CARTESIAN_POINT('',(112.459258262891,-32.3682602946572,0.5));
#5070=CARTESIAN_POINT('Origin',(111.459258262891,-32.3682602946572,0.5));
#5071=CARTESIAN_POINT('',(111.718077307993,-31.4023344683681,0.));
#5072=CARTESIAN_POINT('',(112.459258262891,-32.3682602946572,0.));
#5073=CARTESIAN_POINT('Origin',(112.459258262891,-39.8831427499589,0.));
#5074=CARTESIAN_POINT('',(112.459258262891,-31.6009333066782,0.5));
#5075=CARTESIAN_POINT('Origin',(102.629629131445,-19.1434730210604,0.));
#5076=CARTESIAN_POINT('',(103.629629131445,-19.1434730210604,0.5));
#5077=CARTESIAN_POINT('',(103.629629131445,-19.1434730210604,0.));
#5078=CARTESIAN_POINT('Origin',(102.629629131445,-19.1434730210604,0.5));
#5079=CARTESIAN_POINT('Origin',(106.629629131445,-29.0036127083244,0.));
#5080=CARTESIAN_POINT('',(106.370810086343,-29.9695385346135,0.5));
#5081=CARTESIAN_POINT('',(106.370810086343,-29.9695385346135,0.));
#5082=CARTESIAN_POINT('',(105.629629131445,-29.0036127083244,0.5));
#5083=CARTESIAN_POINT('Origin',(106.629629131445,-29.0036127083244,0.5));
#5084=CARTESIAN_POINT('',(105.629629131445,-29.0036127083244,0.));
#5085=CARTESIAN_POINT('Origin',(105.629629131445,-29.7709396963034,0.));
#5086=CARTESIAN_POINT('',(105.629629131445,-15.5382666842824,0.5));
#5087=CARTESIAN_POINT('',(105.629629131445,-14.7709396963034,0.5));
#5088=CARTESIAN_POINT('',(105.629629131445,-15.5382666842824,0.));
#5089=CARTESIAN_POINT('Origin',(104.629629131445,-15.5382666842824,0.));
#5090=CARTESIAN_POINT('Origin',(104.629629131445,-15.5382666842824,0.5));
#5091=CARTESIAN_POINT('Origin',(93.9703708685547,-25.9996126645166,0.));
#5092=CARTESIAN_POINT('',(93.9703708685547,-25.9996126645166,0.5));
#5093=CARTESIAN_POINT('Origin',(110.459258262891,-33.1355872826362,0.));
#5094=CARTESIAN_POINT('',(110.459258262891,-33.1355872826362,0.5));
#5095=CARTESIAN_POINT('Origin',(103.629629131445,-16.3055936722613,0.));
#5096=CARTESIAN_POINT('',(103.629629131445,-16.3055936722613,0.5));
#5097=CARTESIAN_POINT('Origin',(112.459258262891,-31.6009333066782,0.));
#5098=CARTESIAN_POINT('',(105.629629131445,-29.7709396963034,0.5));
#5099=CARTESIAN_POINT('Origin',(95.9703708685547,-24.4649586885587,0.));
#5100=CARTESIAN_POINT('',(89.1407417371093,-22.6349650781839,0.5));
#5101=CARTESIAN_POINT('Origin',(99.8,-24.85,0.5));
#5102=CARTESIAN_POINT('Origin',(12.3,-4.99999999999996,0.));
#5103=CARTESIAN_POINT('',(12.3,-43.8499999999989,0.5));
#5104=CARTESIAN_POINT('',(12.3,-43.8499999999989,0.));
#5105=CARTESIAN_POINT('',(12.3,-5.99999999999996,0.5));
#5106=CARTESIAN_POINT('',(12.3,-5.99999999999996,0.));
#5107=CARTESIAN_POINT('',(12.3,-4.99999999999996,0.5));
#5108=CARTESIAN_POINT('Origin',(13.3,-43.8499999999989,0.));
#5109=CARTESIAN_POINT('',(14.3,-43.8499999999989,0.5));
#5110=CARTESIAN_POINT('Origin',(13.3,-43.8499999999989,0.5));
#5111=CARTESIAN_POINT('',(14.3,-43.8499999999989,0.));
#5112=CARTESIAN_POINT('Origin',(8.3,-43.8499999999989,0.));
#5113=CARTESIAN_POINT('',(9.3,-43.8499999999989,0.5));
#5114=CARTESIAN_POINT('',(8.3,-44.8499999999989,0.5));
#5115=CARTESIAN_POINT('Origin',(8.3,-43.8499999999989,0.5));
#5116=CARTESIAN_POINT('',(9.3,-43.8499999999989,0.));
#5117=CARTESIAN_POINT('',(8.3,-44.8499999999989,0.));
#5118=CARTESIAN_POINT('Origin',(9.3,-44.8499999999989,0.));
#5119=CARTESIAN_POINT('',(9.3,-6.00000000000001,0.5));
#5120=CARTESIAN_POINT('',(9.3,-44.8499999999989,0.5));
#5121=CARTESIAN_POINT('',(9.3,-6.00000000000001,0.));
#5122=CARTESIAN_POINT('Origin',(4.3,-43.8499999999989,0.));
#5123=CARTESIAN_POINT('',(4.29999999999999,-44.8499999999989,0.5));
#5124=CARTESIAN_POINT('',(3.3,-43.8499999999989,0.5));
#5125=CARTESIAN_POINT('Origin',(4.3,-43.8499999999989,0.5));
#5126=CARTESIAN_POINT('',(4.29999999999999,-44.8499999999989,0.));
#5127=CARTESIAN_POINT('',(3.3,-43.8499999999989,0.));
#5128=CARTESIAN_POINT('Origin',(6.3,-24.9249999999994,0.5));
#5129=CARTESIAN_POINT('',(3.3,-44.8499999999989,0.5));
#5130=CARTESIAN_POINT('',(3.3,-6.00000000000006,0.5));
#5131=CARTESIAN_POINT('',(3.3,-5.00000000000007,0.5));
#5132=CARTESIAN_POINT('',(4.29999999999998,-5.00000000000006,0.5));
#5133=CARTESIAN_POINT('Origin',(4.3,-6.00000000000006,0.5));
#5134=CARTESIAN_POINT('',(8.29999999999999,-5.00000000000001,0.5));
#5135=CARTESIAN_POINT('',(9.3,-5.,0.5));
#5136=CARTESIAN_POINT('Origin',(8.3,-6.00000000000001,0.5));
#5137=CARTESIAN_POINT('Origin',(3.3,-5.00000000000007,0.));
#5138=CARTESIAN_POINT('',(3.3,-6.00000000000006,0.));
#5139=CARTESIAN_POINT('Origin',(4.3,-6.00000000000006,0.));
#5140=CARTESIAN_POINT('',(4.29999999999998,-5.00000000000006,0.));
#5141=CARTESIAN_POINT('Origin',(9.3,-5.,0.));
#5142=CARTESIAN_POINT('',(8.29999999999999,-5.00000000000001,0.));
#5143=CARTESIAN_POINT('Origin',(8.3,-6.00000000000001,0.));
#5144=CARTESIAN_POINT('Origin',(13.3,-5.99999999999996,0.));
#5145=CARTESIAN_POINT('',(14.3,-5.99999999999996,0.5));
#5146=CARTESIAN_POINT('Origin',(13.3,-5.99999999999996,0.5));
#5147=CARTESIAN_POINT('',(14.3,-5.99999999999996,0.));
#5148=CARTESIAN_POINT('Origin',(14.3,-44.8499999999989,0.));
#5149=CARTESIAN_POINT('',(14.3,-44.8499999999989,0.5));
#5150=CARTESIAN_POINT('Origin',(187.3,-44.8499999999993,0.));
#5151=CARTESIAN_POINT('',(187.3,-6.00000000000004,0.5));
#5152=CARTESIAN_POINT('',(187.3,-6.00000000000004,0.));
#5153=CARTESIAN_POINT('',(187.3,-43.8499999999993,0.5));
#5154=CARTESIAN_POINT('',(187.3,-43.8499999999993,0.));
#5155=CARTESIAN_POINT('',(187.3,-44.8499999999993,0.5));
#5156=CARTESIAN_POINT('Origin',(195.3,-43.8499999999992,0.));
#5157=CARTESIAN_POINT('',(196.3,-43.8499999999992,0.5));
#5158=CARTESIAN_POINT('',(195.3,-44.8499999999992,0.5));
#5159=CARTESIAN_POINT('Origin',(195.3,-43.8499999999992,0.5));
#5160=CARTESIAN_POINT('',(196.3,-43.8499999999992,0.));
#5161=CARTESIAN_POINT('',(195.3,-44.8499999999992,0.));
#5162=CARTESIAN_POINT('Origin',(196.3,-44.8499999999992,0.));
#5163=CARTESIAN_POINT('',(196.3,-6.00000000000001,0.5));
#5164=CARTESIAN_POINT('',(196.3,-44.8499999999992,0.5));
#5165=CARTESIAN_POINT('',(196.3,-6.00000000000001,0.));
#5166=CARTESIAN_POINT('Origin',(191.3,-43.8499999999992,0.));
#5167=CARTESIAN_POINT('',(191.3,-44.8499999999992,0.5));
#5168=CARTESIAN_POINT('',(190.3,-43.8499999999992,0.5));
#5169=CARTESIAN_POINT('Origin',(191.3,-43.8499999999992,0.5));
#5170=CARTESIAN_POINT('',(191.3,-44.8499999999992,0.));
#5171=CARTESIAN_POINT('',(190.3,-43.8499999999992,0.));
#5172=CARTESIAN_POINT('Origin',(193.3,-24.9249999999996,0.5));
#5173=CARTESIAN_POINT('',(190.3,-44.8499999999992,0.5));
#5174=CARTESIAN_POINT('',(190.3,-6.00000000000002,0.5));
#5175=CARTESIAN_POINT('',(190.3,-5.00000000000003,0.5));
#5176=CARTESIAN_POINT('',(191.3,-5.00000000000002,0.5));
#5177=CARTESIAN_POINT('Origin',(191.3,-6.00000000000002,0.5));
#5178=CARTESIAN_POINT('',(195.3,-5.00000000000001,0.5));
#5179=CARTESIAN_POINT('',(196.3,-5.,0.5));
#5180=CARTESIAN_POINT('Origin',(195.3,-6.00000000000001,0.5));
#5181=CARTESIAN_POINT('Origin',(190.3,-5.00000000000003,0.));
#5182=CARTESIAN_POINT('',(190.3,-6.00000000000002,0.));
#5183=CARTESIAN_POINT('Origin',(186.3,-43.8499999999993,0.));
#5184=CARTESIAN_POINT('',(185.3,-43.8499999999993,0.5));
#5185=CARTESIAN_POINT('Origin',(186.3,-43.8499999999993,0.5));
#5186=CARTESIAN_POINT('',(185.3,-43.8499999999993,0.));
#5187=CARTESIAN_POINT('Origin',(185.3,-5.00000000000004,0.));
#5188=CARTESIAN_POINT('',(185.3,-6.00000000000004,0.5));
#5189=CARTESIAN_POINT('',(185.3,-6.00000000000004,0.));
#5190=CARTESIAN_POINT('',(185.3,-5.00000000000004,0.5));
#5191=CARTESIAN_POINT('Origin',(186.3,-6.00000000000004,0.));
#5192=CARTESIAN_POINT('Origin',(186.3,-6.00000000000004,0.5));
#5193=CARTESIAN_POINT('Origin',(191.3,-6.00000000000002,0.));
#5194=CARTESIAN_POINT('',(191.3,-5.00000000000002,0.));
#5195=CARTESIAN_POINT('Origin',(195.3,-6.00000000000001,0.));
#5196=CARTESIAN_POINT('',(195.3,-5.00000000000001,0.));
#5197=CARTESIAN_POINT('Origin',(190.3,-44.8499999999992,0.));
#5198=CARTESIAN_POINT('Origin',(196.3,-5.,0.));
#5199=CARTESIAN_POINT('Origin',(3.3,-44.8499999999989,0.));
#5200=CARTESIAN_POINT('Origin',(13.3,-24.9249999999994,0.5));
#5201=CARTESIAN_POINT('Origin',(186.3,-24.9249999999997,0.5));
#5202=CARTESIAN_POINT('Origin',(64.7,-2.7,4.));
#5203=CARTESIAN_POINT('',(64.7,-0.700000000000001,1.7));
#5204=CARTESIAN_POINT('',(62.7,-2.7,1.7));
#5205=CARTESIAN_POINT('Origin',(64.7,-2.7,1.7));
#5206=CARTESIAN_POINT('',(64.7,-0.7,4.));
#5207=CARTESIAN_POINT('',(62.7,-2.7,4.));
#5208=CARTESIAN_POINT('Origin',(63.,-0.7,4.));
#5209=CARTESIAN_POINT('',(134.9,-0.700000000000001,1.7));
#5210=CARTESIAN_POINT('',(81.4,-0.700000000000001,1.7));
#5211=CARTESIAN_POINT('',(134.9,-0.7,4.));
#5212=CARTESIAN_POINT('Origin',(134.9,-2.7,4.));
#5213=CARTESIAN_POINT('Origin',(134.9,-2.7,1.7));
#5214=CARTESIAN_POINT('Origin',(197.3,-47.7,0.));
#5215=CARTESIAN_POINT('',(199.3,-47.7,4.));
#5216=CARTESIAN_POINT('',(197.3,-49.7,4.));
#5217=CARTESIAN_POINT('Origin',(197.3,-47.7,4.));
#5218=CARTESIAN_POINT('',(197.3,-49.7,0.));
#5219=CARTESIAN_POINT('',(199.3,-47.7,0.));
#5220=CARTESIAN_POINT('Origin',(0.,-49.7,0.));
#5221=CARTESIAN_POINT('',(2.3,-49.7,4.));
#5222=CARTESIAN_POINT('',(49.9,-49.7,4.));
#5223=CARTESIAN_POINT('',(2.3,-49.7,0.));
#5224=CARTESIAN_POINT('Origin',(99.8,-25.,4.));
#5225=CARTESIAN_POINT('',(199.3,-37.5,4.));
#5226=CARTESIAN_POINT('',(149.7,-1.,4.));
#5227=CARTESIAN_POINT('',(134.9,-30.3,4.));
#5228=CARTESIAN_POINT('Origin',(134.9,-28.3,4.));
#5229=CARTESIAN_POINT('',(107.3,-30.3,4.));
#5230=CARTESIAN_POINT('',(118.2,-30.3,4.));
#5231=CARTESIAN_POINT('',(107.3,-45.5,4.));
#5232=CARTESIAN_POINT('',(107.3,-27.5,4.));
#5233=CARTESIAN_POINT('',(105.3,-47.5,4.));
#5234=CARTESIAN_POINT('Origin',(105.3,-45.5,4.));
#5235=CARTESIAN_POINT('',(94.3,-47.5,4.));
#5236=CARTESIAN_POINT('',(103.55,-47.5,4.));
#5237=CARTESIAN_POINT('',(92.3,-45.5,4.));
#5238=CARTESIAN_POINT('Origin',(94.3,-45.5,4.));
#5239=CARTESIAN_POINT('',(92.3,-30.3,4.));
#5240=CARTESIAN_POINT('',(92.3,-36.25,4.));
#5241=CARTESIAN_POINT('',(64.7,-30.3,4.));
#5242=CARTESIAN_POINT('',(118.2,-30.3,4.));
#5243=CARTESIAN_POINT('',(62.7,-28.3,4.));
#5244=CARTESIAN_POINT('Origin',(64.7,-28.3,4.));
#5245=CARTESIAN_POINT('',(62.7,-27.5,4.));
#5246=CARTESIAN_POINT('',(149.7,-1.,4.));
#5247=CARTESIAN_POINT('',(0.299999999999994,-47.7,4.));
#5248=CARTESIAN_POINT('',(0.299999999999994,-12.5,4.));
#5249=CARTESIAN_POINT('Origin',(2.3,-47.7,4.));
#5250=CARTESIAN_POINT('',(18.4,-20.,4.));
#5251=CARTESIAN_POINT('Origin',(20.,-20.,4.));
#5252=CARTESIAN_POINT('',(18.4,-30.,4.));
#5253=CARTESIAN_POINT('Origin',(20.,-30.,4.));
#5254=CARTESIAN_POINT('',(178.,-30.,4.));
#5255=CARTESIAN_POINT('Origin',(179.6,-30.,4.));
#5256=CARTESIAN_POINT('',(178.,-20.,4.));
#5257=CARTESIAN_POINT('Origin',(179.6,-20.,4.));
#5258=CARTESIAN_POINT('Origin',(2.3,-47.7,0.));
#5259=CARTESIAN_POINT('',(0.3,-47.7,0.));
#5260=CARTESIAN_POINT('Origin',(0.3,0.,0.));
#5261=CARTESIAN_POINT('Origin',(199.6,-1.,4.));
#5262=CARTESIAN_POINT('Origin',(134.9,-28.3,4.));
#5263=CARTESIAN_POINT('',(134.9,-30.3,1.7));
#5264=CARTESIAN_POINT('Origin',(134.9,-28.3,1.7));
#5265=CARTESIAN_POINT('',(134.9,-30.3,4.));
#5266=CARTESIAN_POINT('Origin',(99.8,-15.5,1.7));
#5267=CARTESIAN_POINT('',(62.7,-28.3,1.7));
#5268=CARTESIAN_POINT('',(62.7,-22.75,1.7));
#5269=CARTESIAN_POINT('',(64.7,-30.3,1.7));
#5270=CARTESIAN_POINT('Origin',(64.7,-28.3,1.7));
#5271=CARTESIAN_POINT('',(92.3,-30.3,1.7));
#5272=CARTESIAN_POINT('',(118.2,-30.3,1.7));
#5273=CARTESIAN_POINT('',(92.3,-45.5,1.7));
#5274=CARTESIAN_POINT('',(92.3,-31.5,1.7));
#5275=CARTESIAN_POINT('',(94.3,-47.5,1.7));
#5276=CARTESIAN_POINT('Origin',(94.3,-45.5,1.7));
#5277=CARTESIAN_POINT('',(105.3,-47.5,1.7));
#5278=CARTESIAN_POINT('',(103.55,-47.5,1.7));
#5279=CARTESIAN_POINT('',(107.3,-45.5,1.7));
#5280=CARTESIAN_POINT('Origin',(105.3,-45.5,1.7));
#5281=CARTESIAN_POINT('',(107.3,-30.3,1.7));
#5282=CARTESIAN_POINT('',(107.3,-22.75,1.7));
#5283=CARTESIAN_POINT('',(118.2,-30.3,1.7));
#5284=CARTESIAN_POINT('Origin',(64.7,-28.3,4.));
#5285=CARTESIAN_POINT('',(62.7,-28.3,4.));
#5286=CARTESIAN_POINT('',(64.7,-30.3,4.));
#5287=CARTESIAN_POINT('Origin',(136.6,-30.3,4.));
#5288=CARTESIAN_POINT('',(92.3,-30.3,4.));
#5289=CARTESIAN_POINT('Origin',(199.3,-50.,0.));
#5290=CARTESIAN_POINT('Origin',(62.7,-30.,4.));
#5291=CARTESIAN_POINT('Origin',(20.,-20.,0.));
#5292=CARTESIAN_POINT('',(16.9,-20.,1.2));
#5293=CARTESIAN_POINT('',(16.9,-20.,0.));
#5294=CARTESIAN_POINT('Origin',(20.,-20.,1.2));
#5295=CARTESIAN_POINT('Origin',(20.,-20.,1.2));
#5296=CARTESIAN_POINT('',(18.4,-20.,1.2));
#5297=CARTESIAN_POINT('Origin',(20.,-20.,1.2));
#5298=CARTESIAN_POINT('Origin',(20.,-30.,0.));
#5299=CARTESIAN_POINT('',(16.9,-30.,1.2));
#5300=CARTESIAN_POINT('',(16.9,-30.,0.));
#5301=CARTESIAN_POINT('Origin',(20.,-30.,1.2));
#5302=CARTESIAN_POINT('Origin',(20.,-30.,1.2));
#5303=CARTESIAN_POINT('',(18.4,-30.,1.2));
#5304=CARTESIAN_POINT('Origin',(20.,-30.,1.2));
#5305=CARTESIAN_POINT('Origin',(179.6,-20.,0.));
#5306=CARTESIAN_POINT('',(176.5,-20.,1.2));
#5307=CARTESIAN_POINT('',(176.5,-20.,0.));
#5308=CARTESIAN_POINT('Origin',(179.6,-20.,1.2));
#5309=CARTESIAN_POINT('Origin',(179.6,-20.,1.2));
#5310=CARTESIAN_POINT('',(178.,-20.,1.2));
#5311=CARTESIAN_POINT('Origin',(179.6,-20.,1.2));
#5312=CARTESIAN_POINT('Origin',(179.6,-30.,0.));
#5313=CARTESIAN_POINT('',(176.5,-30.,1.2));
#5314=CARTESIAN_POINT('',(176.5,-30.,0.));
#5315=CARTESIAN_POINT('Origin',(179.6,-30.,1.2));
#5316=CARTESIAN_POINT('Origin',(179.6,-30.,1.2));
#5317=CARTESIAN_POINT('',(178.,-30.,1.2));
#5318=CARTESIAN_POINT('Origin',(179.6,-30.,1.2));
#5319=CARTESIAN_POINT('Origin',(20.,-20.,0.));
#5320=CARTESIAN_POINT('',(18.4,-20.,0.));
#5321=CARTESIAN_POINT('Origin',(20.,-30.,0.));
#5322=CARTESIAN_POINT('',(18.4,-30.,0.));
#5323=CARTESIAN_POINT('Origin',(179.6,-20.,0.));
#5324=CARTESIAN_POINT('',(178.,-20.,0.));
#5325=CARTESIAN_POINT('Origin',(179.6,-30.,0.));
#5326=CARTESIAN_POINT('',(178.,-30.,0.));
#5327=CARTESIAN_POINT('Origin',(94.3,-45.5,4.));
#5328=CARTESIAN_POINT('',(92.3,-45.5,4.));
#5329=CARTESIAN_POINT('',(94.3,-47.5,4.));
#5330=CARTESIAN_POINT('Origin',(107.3,-47.5,4.));
#5331=CARTESIAN_POINT('',(105.3,-47.5,4.));
#5332=CARTESIAN_POINT('Origin',(105.3,-45.5,4.));
#5333=CARTESIAN_POINT('',(107.3,-45.5,4.));
#5334=CARTESIAN_POINT('Origin',(107.3,-30.,4.));
#5335=CARTESIAN_POINT('',(107.3,-30.3,4.));
#5336=CARTESIAN_POINT('Origin',(92.3,-47.5,4.));
#5337=CARTESIAN_POINT('Origin',(136.6,-30.3,4.));
#5338=CARTESIAN_POINT('Origin',(199.6,-1.,4.));
#5339=UNCERTAINTY_MEASURE_WITH_UNIT(LENGTH_MEASURE(0.01),#5343,
'DISTANCE_ACCURACY_VALUE',
'Maximum model space distance between geometric entities at asserted c
onnectivities');
#5340=UNCERTAINTY_MEASURE_WITH_UNIT(LENGTH_MEASURE(0.01),#5343,
'DISTANCE_ACCURACY_VALUE',
'Maximum model space distance between geometric entities at asserted c
onnectivities');
#5341=(
GEOMETRIC_REPRESENTATION_CONTEXT(3)
GLOBAL_UNCERTAINTY_ASSIGNED_CONTEXT((#5339))
GLOBAL_UNIT_ASSIGNED_CONTEXT((#5343,#5345,#5346))
REPRESENTATION_CONTEXT('','3D')
);
#5342=(
GEOMETRIC_REPRESENTATION_CONTEXT(3)
GLOBAL_UNCERTAINTY_ASSIGNED_CONTEXT((#5340))
GLOBAL_UNIT_ASSIGNED_CONTEXT((#5343,#5345,#5346))
REPRESENTATION_CONTEXT('','3D')
);
#5343=(
LENGTH_UNIT()
NAMED_UNIT(*)
SI_UNIT(.MILLI.,.METRE.)
);
#5344=(
LENGTH_UNIT()
NAMED_UNIT(*)
SI_UNIT($,.METRE.)
);
#5345=(
NAMED_UNIT(*)
PLANE_ANGLE_UNIT()
SI_UNIT($,.RADIAN.)
);
#5346=(
NAMED_UNIT(*)
SI_UNIT($,.STERADIAN.)
SOLID_ANGLE_UNIT()
);
#5347=SHAPE_DEFINITION_REPRESENTATION(#5348,#5349);
#5348=PRODUCT_DEFINITION_SHAPE('',$,#5351);
#5349=SHAPE_REPRESENTATION('',(#3133),#5341);
#5350=PRODUCT_DEFINITION_CONTEXT('part definition',#5355,'design');
#5351=PRODUCT_DEFINITION('weight','weight v54',#5352,#5350);
#5352=PRODUCT_DEFINITION_FORMATION('',$,#5357);
#5353=PRODUCT_RELATED_PRODUCT_CATEGORY('weight v54','weight v54',(#5357));
#5354=APPLICATION_PROTOCOL_DEFINITION('international standard',
'automotive_design',2009,#5355);
#5355=APPLICATION_CONTEXT(
'Core Data for Automotive Mechanical Design Process');
#5356=PRODUCT_CONTEXT('part definition',#5355,'mechanical');
#5357=PRODUCT('weight','weight v54',$,(#5356));
#5358=PRESENTATION_STYLE_ASSIGNMENT((#5360));
#5359=PRESENTATION_STYLE_ASSIGNMENT((#5361));
#5360=SURFACE_STYLE_USAGE(.BOTH.,#5362);
#5361=SURFACE_STYLE_USAGE(.BOTH.,#5363);
#5362=SURFACE_SIDE_STYLE('',(#5364));
#5363=SURFACE_SIDE_STYLE('',(#5365));
#5364=SURFACE_STYLE_FILL_AREA(#5366);
#5365=SURFACE_STYLE_FILL_AREA(#5367);
#5366=FILL_AREA_STYLE('\X2\AC15CCA0\X0\ - \X2\C0C8D2F4\X0\',(#5368));
#5367=FILL_AREA_STYLE('\X2\C2A4D14CC778B9ACC2A4C2A4D2F8\X0\ - \X2\C5F0B9C8\X0\',
(#5369));
#5368=FILL_AREA_STYLE_COLOUR('\X2\AC15CCA0\X0\ - \X2\C0C8D2F4\X0\',#5370);
#5369=FILL_AREA_STYLE_COLOUR('\X2\C2A4D14CC778B9ACC2A4C2A4D2F8\X0\ - \X2\C5F0B9C8\X0\',
#5371);
#5370=COLOUR_RGB('\X2\AC15CCA0\X0\ - \X2\C0C8D2F4\X0\',0.627450980392157,
0.627450980392157,0.627450980392157);
#5371=COLOUR_RGB('\X2\C2A4D14CC778B9ACC2A4C2A4D2F8\X0\ - \X2\C5F0B9C8\X0\',
0.796078431372549,0.796078431372549,0.796078431372549);
ENDSEC;
END-ISO-10303-21;
