  0
SECTION
  2
HEADER
  9
$ACADVER
  1
AC1024
  9
$ACADMAINTVER
 70
     6
  9
$DWGCODEPAGE
  3
ANSI_1251
  9
$LASTSAVEDBY
  1
Autodesk
  9
$INSBASE
 10
0.0
 20
0.0
 30
0.0
  9
$EXTMIN
 10
-9.525
 20
-71.4375
 30
0.0
  9
$EXTMAX
 10
266.7
 20
9.525
 30
0.0
  9
$LIMMIN
 10
0.0
 20
0.0
  9
$LIMMAX
 10
420.0
 20
297.0
  9
$ORTHOMODE
 70
     0
  9
$REGENMODE
 70
     1
  9
$FILLMODE
 70
     1
  9
$QTEXTMODE
 70
     0
  9
$MIRRTEXT
 70
     0
  9
$LTSCALE
 40
1.0
  9
$ATTMODE
 70
     1
  9
$TEXTSIZE
 40
2.5
  9
$TRACEWID
 40
1.0
  9
$TEXTSTYLE
  7
Standard
  9
$CLAYER
  8
0
  9
$CELTYPE
  6
ByLayer
  9
$CECOLOR
 62
   256
  9
$CELTSCALE
 40
1.0
  9
$DISPSILH
 70
     0
  9
$DIMSCALE
 40
1.0
  9
$DIMASZ
 40
2.5
  9
$DIMEXO
 40
0.5
  9
$DIMDLI
 40
6.0
  9
$DIMRND
 40
0.0
  9
$DIMDLE
 40
0.0
  9
$DIMEXE
 40
0.0
  9
$DIMTP
 40
0.0
  9
$DIMTM
 40
0.0
  9
$DIMTXT
 40
2.5
  9
$DIMCEN
 40
2.5
  9
$DIMTSZ
 40
0.0
  9
$DIMTOL
 70
     0
  9
$DIMLIM
 70
     0
  9
$DIMTIH
 70
     0
  9
$DIMTOH
 70
     1
  9
$DIMSE1
 70
     0
  9
$DIMSE2
 70
     0
  9
$DIMTAD
 70
     0
  9
$DIMZIN
 70
     0
  9
$DIMBLK
  1

  9
$DIMASO
 70
     1
  9
$DIMSHO
 70
     1
  9
$DIMPOST
  1

  9
$DIMAPOST
  1

  9
$DIMALT
 70
     0
  9
$DIMALTD
 70
     2
  9
$DIMALTF
 40
25.4
  9
$DIMLFAC
 40
1.0
  9
$DIMTOFL
 70
     0
  9
$DIMTVP
 40
0.0
  9
$DIMTIX
 70
     0
  9
$DIMSOXD
 70
     0
  9
$DIMSAH
 70
     0
  9
$DIMBLK1
  1

  9
$DIMBLK2
  1

  9
$DIMSTYLE
  2
Standard
  9
$DIMCLRD
 70
     0
  9
$DIMCLRE
 70
     0
  9
$DIMCLRT
 70
     0
  9
$DIMTFAC
 40
1.0
  9
$DIMGAP
 40
1.0
  9
$DIMJUST
 70
     0
  9
$DIMSD1
 70
     0
  9
$DIMSD2
 70
     0
  9
$DIMTOLJ
 70
     1
  9
$DIMTZIN
 70
     0
  9
$DIMALTZ
 70
     0
  9
$DIMALTTZ
 70
     0
  9
$DIMUPT
 70
     0
  9
$DIMDEC
 70
     4
  9
$DIMTDEC
 70
     4
  9
$DIMALTU
 70
     2
  9
$DIMALTTD
 70
     2
  9
$DIMTXSTY
  7
Standard
  9
$DIMAUNIT
 70
     0
  9
$DIMADEC
 70
     0
  9
$DIMALTRND
 40
0.0
  9
$DIMAZIN
 70
     0
  9
$DIMDSEP
 70
    46
  9
$DIMATFIT
 70
     3
  9
$DIMFRAC
 70
     0
  9
$DIMLDRBLK
  1

  9
$DIMLUNIT
 70
     2
  9
$DIMLWD
 70
    -2
  9
$DIMLWE
 70
    -2
  9
$DIMTMOVE
 70
     0
  9
$DIMFXL
 40
1.0
  9
$DIMFXLON
 70
     0
  9
$DIMJOGANG
 40
0.785398
  9
$DIMTFILL
 70
     0
  9
$DIMTFILLCLR
 70
     0
  9
$DIMARCSYM
 70
     0
  9
$DIMLTYPE
  6
ByLayer
  9
$DIMLTEX1
  6
ByLayer
  9
$DIMLTEX2
  6
ByLayer
  9
$DIMTXTDIRECTION
 70
     0
  9
$LUNITS
 70
     2
  9
$LUPREC
 70
     4
  9
$SKETCHINC
 40
1.0
  9
$FILLETRAD
 40
0.0
  9
$AUNITS
 70
     0
  9
$AUPREC
 70
     0
  9
$MENU
  1
.
  9
$ELEVATION
 40
0.0
  9
$PELEVATION
 40
0.0
  9
$THICKNESS
 40
0.0
  9
$LIMCHECK
 70
     0
  9
$CHAMFERA
 40
0.0
  9
$CHAMFERB
 40
0.0
  9
$CHAMFERC
 40
0.0
  9
$CHAMFERD
 40
0.0
  9
$SKPOLY
 70
     0
  9
$TDCREATE
 40
2454083.28338338
  9
$TDUCREATE
 40
2454082.90838338
  9
$TDUPDATE
 40
2461253.677596505
  9
$TDUUPDATE
 40
2461253.302596505
  9
$TDINDWG
 40
0.0105753588
  9
$TDUSRTIMER
 40
0.0105751505
  9
$USRTIMER
 70
     1
  9
$ANGBASE
 50
0.0
  9
$ANGDIR
 70
     0
  9
$PDMODE
 70
     0
  9
$PDSIZE
 40
0.0
  9
$PLINEWID
 40
0.0
  9
$SPLFRAME
 70
     0
  9
$SPLINETYPE
 70
     6
  9
$SPLINESEGS
 70
     8
  9
$HANDSEED
  5
E3E
  9
$SURFTAB1
 70
     6
  9
$SURFTAB2
 70
     6
  9
$SURFTYPE
 70
     6
  9
$SURFU
 70
     6
  9
$SURFV
 70
     6
  9
$UCSBASE
  2

  9
$UCSNAME
  2

  9
$UCSORG
 10
0.0
 20
0.0
 30
0.0
  9
$UCSXDIR
 10
1.0
 20
0.0
 30
0.0
  9
$UCSYDIR
 10
0.0
 20
1.0
 30
0.0
  9
$UCSORTHOREF
  2

  9
$UCSORTHOVIEW
 70
     0
  9
$UCSORGTOP
 10
0.0
 20
0.0
 30
0.0
  9
$UCSORGBOTTOM
 10
0.0
 20
0.0
 30
0.0
  9
$UCSORGLEFT
 10
0.0
 20
0.0
 30
0.0
  9
$UCSORGRIGHT
 10
0.0
 20
0.0
 30
0.0
  9
$UCSORGFRONT
 10
0.0
 20
0.0
 30
0.0
  9
$UCSORGBACK
 10
0.0
 20
0.0
 30
0.0
  9
$PUCSBASE
  2

  9
$PUCSNAME
  2

  9
$PUCSORG
 10
0.0
 20
0.0
 30
0.0
  9
$PUCSXDIR
 10
1.0
 20
0.0
 30
0.0
  9
$PUCSYDIR
 10
0.0
 20
1.0
 30
0.0
  9
$PUCSORTHOREF
  2

  9
$PUCSORTHOVIEW
 70
     0
  9
$PUCSORGTOP
 10
0.0
 20
0.0
 30
0.0
  9
$PUCSORGBOTTOM
 10
0.0
 20
0.0
 30
0.0
  9
$PUCSORGLEFT
 10
0.0
 20
0.0
 30
0.0
  9
$PUCSORGRIGHT
 10
0.0
 20
0.0
 30
0.0
  9
$PUCSORGFRONT
 10
0.0
 20
0.0
 30
0.0
  9
$PUCSORGBACK
 10
0.0
 20
0.0
 30
0.0
  9
$USERI1
 70
     0
  9
$USERI2
 70
     0
  9
$USERI3
 70
     0
  9
$USERI4
 70
     0
  9
$USERI5
 70
     0
  9
$USERR1
 40
0.0
  9
$USERR2
 40
0.0
  9
$USERR3
 40
0.0
  9
$USERR4
 40
0.0
  9
$USERR5
 40
0.0
  9
$WORLDVIEW
 70
     1
  9
$SHADEDGE
 70
     3
  9
$SHADEDIF
 70
    70
  9
$TILEMODE
 70
     1
  9
$MAXACTVP
 70
    64
  9
$PINSBASE
 10
0.0
 20
0.0
 30
0.0
  9
$PLIMCHECK
 70
     0
  9
$PEXTMIN
 10
0.0
 20
0.0
 30
0.0
  9
$PEXTMAX
 10
0.0
 20
0.0
 30
0.0
  9
$PLIMMIN
 10
-20.0
 20
-7.5
  9
$PLIMMAX
 10
277.0
 20
202.5
  9
$UNITMODE
 70
     0
  9
$VISRETAIN
 70
     1
  9
$PLINEGEN
 70
     0
  9
$PSLTSCALE
 70
     0
  9
$TREEDEPTH
 70
  3020
  9
$CMLSTYLE
  2
Standard
  9
$CMLJUST
 70
     0
  9
$CMLSCALE
 40
20.0
  9
$PROXYGRAPHICS
 70
     1
  9
$MEASUREMENT
 70
     1
  9
$CELWEIGHT
370
    -1
  9
$ENDCAPS
280
     0
  9
$JOINSTYLE
280
     0
  9
$LWDISPLAY
290
     1
  9
$INSUNITS
 70
     4
  9
$HYPERLINKBASE
  1

  9
$STYLESHEET
  1

  9
$XEDIT
290
     1
  9
$CEPSNTYPE
380
     0
  9
$PSTYLEMODE
290
     1
  9
$FINGERPRINTGUID
  2
{78B0F746-B111-4909-95E5-2EF5CBA97683}
  9
$VERSIONGUID
  2
{88884FFE-1838-4093-901C-E4DA6EFB818F}
  9
$EXTNAMES
290
     1
  9
$PSVPSCALE
 40
0.0
  9
$OLESTARTUP
290
     0
  9
$SORTENTS
280
   127
  9
$INDEXCTL
280
     0
  9
$HIDETEXT
280
     1
  9
$XCLIPFRAME
280
     0
  9
$HALOGAP
280
     0
  9
$OBSCOLOR
 70
   257
  9
$OBSLTYPE
280
     0
  9
$INTERSECTIONDISPLAY
280
     0
  9
$INTERSECTIONCOLOR
 70
   257
  9
$DIMASSOC
280
     2
  9
$PROJECTNAME
  1

  9
$CAMERADISPLAY
290
     0
  9
$LENSLENGTH
 40
50.0
  9
$CAMERAHEIGHT
 40
0.0
  9
$STEPSPERSEC
 40
2.0
  9
$STEPSIZE
 40
6.0
  9
$3DDWFPREC
 40
2.0
  9
$PSOLWIDTH
 40
5.0
  9
$PSOLHEIGHT
 40
80.0
  9
$LOFTANG1
 40
1.570796
  9
$LOFTANG2
 40
1.570796
  9
$LOFTMAG1
 40
0.0
  9
$LOFTMAG2
 40
0.0
  9
$LOFTPARAM
 70
     7
  9
$LOFTNORMALS
280
     1
  9
$LATITUDE
 40
37.795
  9
$LONGITUDE
 40
-122.394
  9
$NORTHDIRECTION
 40
0.0
  9
$TIMEZONE
 70
 -8000
  9
$LIGHTGLYPHDISPLAY
280
     1
  9
$TILEMODELIGHTSYNCH
280
     1
  9
$CMATERIAL
347
EC
  9
$SOLIDHIST
280
     1
  9
$SHOWHIST
280
     1
  9
$DWFFRAME
280
     2
  9
$DGNFRAME
280
     0
  9
$REALWORLDSCALE
290
     1
  9
$INTERFERECOLOR
 62
     1
  9
$CSHADOW
280
     0
  9
$SHADOWPLANELOCATION
 40
0.0
  0
ENDSEC
  0
SECTION
  2
CLASSES
  0
CLASS
  1
ACDBDICTIONARYWDFLT
  2
AcDbDictionaryWithDefault
  3
ObjectDBX Classes
 90
        0
 91
        7
280
     0
281
     0
  0
CLASS
  1
ACDBPLACEHOLDER
  2
AcDbPlaceHolder
  3
ObjectDBX Classes
 90
        0
 91
        1
280
     0
281
     0
  0
CLASS
  1
LAYOUT
  2
AcDbLayout
  3
ObjectDBX Classes
 90
        0
 91
        1
280
     0
281
     0
  0
CLASS
  1
DICTIONARYVAR
  2
AcDbDictionaryVar
  3
ObjectDBX Classes
 90
        0
 91
        5
280
     0
281
     0
  0
CLASS
  1
TABLESTYLE
  2
AcDbTableStyle
  3
ObjectDBX Classes
 90
     4095
 91
        5
280
     0
281
     0
  0
CLASS
  1
MATERIAL
  2
AcDbMaterial
  3
ObjectDBX Classes
 90
     1153
 91
        6
280
     0
281
     0
  0
CLASS
  1
VISUALSTYLE
  2
AcDbVisualStyle
  3
ObjectDBX Classes
 90
     4095
 91
        5
280
     0
281
     0
  0
CLASS
  1
SCALE
  2
AcDbScale
  3
ObjectDBX Classes
 90
     1153
 91
        6
280
     0
281
     0
  0
CLASS
  1
MLEADERSTYLE
  2
AcDbMLeaderStyle
  3
ACDB_MLEADERSTYLE_CLASS
 90
     4095
 91
        4
280
     0
281
     0
  0
CLASS
  1
CELLSTYLEMAP
  2
AcDbCellStyleMap
  3
ObjectDBX Classes
 90
     1152
 91
        4
280
     0
281
     0
  0
CLASS
  1
EXACXREFPANELOBJECT
  2
ExAcXREFPanelObject
  3
EXAC_ESW
 90
     1025
 91
        1
280
     1
281
     0
  0
CLASS
  1
NPOCOLLECTION
  2
AcDbImpNonPersistentObjectsCollection
  3
ObjectDBX Classes
 90
     1153
 91
        1
280
     1
281
     0
  0
CLASS
  1
LAYER_INDEX
  2
AcDbLayerIndex
  3
ObjectDBX Classes
 90
        0
 91
        4
280
     0
281
     0
  0
CLASS
  1
SPATIAL_INDEX
  2
AcDbSpatialIndex
  3
AutoCAD 2000
 90
        0
 91
        4
280
     0
281
     0
  0
CLASS
  1
IDBUFFER
  2
AcDbIdBuffer
  3
ObjectDBX Classes
 90
        0
 91
        4
280
     0
281
     0
  0
CLASS
  1
Wall
  2
PtDbWall
  3
NanoSPDS
 90
      893
 91
        1
280
     1
281
     1
  0
CLASS
  1
SORTENTSTABLE
  2
AcDbSortentsTable
  3
ObjectDBX Classes
 90
        0
 91
        5
280
     0
281
     0
  0
CLASS
  1
Format
  2
mcsDbObjectFormat
  3
NanoSPDS
 90
      893
 91
        1
280
     1
281
     1
  0
CLASS
  1
NOTEPOSITION
  2
mcsDbObjectNotePosition
  3
NanoSPDS
 90
      893
 91
        4
280
     0
281
     1
  0
CLASS
  1
mcsDbObject
  2
mcsDbObject
  3
NanoSPDS
 90
      893
 91
       21
280
     0
281
     1
  0
CLASS
  1
McDbContainer2
  2
McDbContainer2
  3
NanoSPDS
 90
      893
 91
        4
280
     0
281
     0
  0
CLASS
  1
spdsLevelMark
  2
mcsDbObjectLevelMark
  3
NanoSPDS
 90
      893
 91
        1
280
     1
281
     1
  0
CLASS
  1
spdsRelationMark
  2
mcsDbObjectRelationMark
  3
NanoSPDS
 90
      893
 91
        1
280
     1
281
     1
  0
CLASS
  1
LAYOUTPRINTCONFIG
  2
CAcLayoutPrintConfig
  3
"CSD_APP"
 90
     4095
 91
        5
280
     0
281
     1
  0
CLASS
  1
SUN
  2
AcDbSun
  3
SCENEOE
 90
     1153
 91
        6
280
     0
281
     0
  0
CLASS
  1
CSACDOCUMENTOPTIONS
  2
CDocDataContainer
  3
"DERU003_CSAPP"
 90
     4095
 91
        4
280
     0
281
     0
  0
CLASS
  1
McDbMarker
  2
McDbMarker
  3
NanoSPDS
 90
      893
 91
        4
280
     0
281
     1
  0
ENDSEC
  0
SECTION
  2
TABLES
  0
TABLE
  2
VPORT
  5
8
330
0
100
AcDbSymbolTable
 70
     1
  0
VPORT
  5
EA
330
8
100
AcDbSymbolTableRecord
100
AcDbViewportTableRecord
  2
*Active
 70
     0
 10
0.0
 20
0.0
 11
1.0
 21
1.0
 12
-64.923065
 22
-177.228409
 13
0.0
 23
0.0
 14
10.0
 24
10.0
 15
10.0
 25
10.0
 16
0.0
 26
0.0
 36
1.0
 17
210.0
 27
148.5
 37
0.0
 40
220.336312
 41
1.918089
 42
50.0
 43
0.0
 44
0.0
 50
0.0
 51
0.0
 71
    16
 72
  1000
 73
     1
 74
     3
 75
     0
 76
     0
 77
     0
 78
     0
281
     0
 65
     1
110
0.0
120
0.0
130
0.0
111
1.0
121
0.0
131
0.0
112
0.0
122
1.0
132
0.0
 79
     0
146
0.0
 60
     2
 61
     5
292
     1
282
     1
141
0.0
142
0.0
 63
   250
421
  3355443
361
364
  0
ENDTAB
  0
TABLE
  2
LTYPE
  5
5
330
0
100
AcDbSymbolTable
 70
     1
  0
LTYPE
  5
14
330
5
100
AcDbSymbolTableRecord
100
AcDbLinetypeTableRecord
  2
ByBlock
 70
     0
  3

 72
    65
 73
     0
 40
0.0
  0
LTYPE
  5
15
330
5
100
AcDbSymbolTableRecord
100
AcDbLinetypeTableRecord
  2
ByLayer
 70
     0
  3

 72
    65
 73
     0
 40
0.0
  0
LTYPE
  5
16
330
5
100
AcDbSymbolTableRecord
100
AcDbLinetypeTableRecord
  2
Continuous
 70
     0
  3
Solid line
 72
    65
 73
     0
 40
0.0
  0
ENDTAB
  0
TABLE
  2
LAYER
  5
2
330
0
100
AcDbSymbolTable
 70
     3
  0
LAYER
  5
10
330
2
100
AcDbSymbolTableRecord
100
AcDbLayerTableRecord
  2
0
 70
     0
 62
     7
  6
Continuous
370
    -3
390
F
347
EE
  0
LAYER
  5
22D
330
2
100
AcDbSymbolTableRecord
100
AcDbLayerTableRecord
  2
Defpoints
 70
     0
 62
     7
  6
Continuous
290
     0
370
    -3
390
F
347
EE
  0
LAYER
  5
5E1
330
2
100
AcDbSymbolTableRecord
100
AcDbLayerTableRecord
  2
DIMENSION
 70
     0
 62
     3
  6
Continuous
370
    25
390
F
347
EE
  0
ENDTAB
  0
TABLE
  2
STYLE
  5
3
330
0
100
AcDbSymbolTable
 70
     2
  0
STYLE
  5
11
330
3
100
AcDbSymbolTableRecord
100
AcDbTextStyleTableRecord
  2
Standard
 70
     0
 40
0.0
 41
1.0
 50
0.0
 71
     0
 42
2.5
  3
txt.shx
  4

  0
STYLE
  5
1E3
330
3
100
AcDbSymbolTableRecord
100
AcDbTextStyleTableRecord
  2

 70
     1
 40
0.0
 41
1.0
 50
0.0
 71
     0
 42
0.2
  3
GOST 2.303-68.shx
  4

  0
ENDTAB
  0
TABLE
  2
VIEW
  5
6
330
0
100
AcDbSymbolTable
 70
     0
  0
ENDTAB
  0
TABLE
  2
UCS
  5
7
330
0
100
AcDbSymbolTable
 70
     0
  0
ENDTAB
  0
TABLE
  2
APPID
  5
9
330
0
100
AcDbSymbolTable
 70
    15
  0
APPID
  5
12
330
9
100
AcDbSymbolTableRecord
100
AcDbRegAppTableRecord
  2
ACAD
 70
     0
  0
APPID
  5
9E
330
9
100
AcDbSymbolTableRecord
100
AcDbRegAppTableRecord
  2
ACAD_PSEXT
 70
     0
  0
APPID
  5
133
330
9
100
AcDbSymbolTableRecord
100
AcDbRegAppTableRecord
  2
AcadAnnoPO
 70
     0
  0
APPID
  5
134
330
9
100
AcDbSymbolTableRecord
100
AcDbRegAppTableRecord
  2
AcadAnnotative
 70
     0
  0
APPID
  5
135
330
9
100
AcDbSymbolTableRecord
100
AcDbRegAppTableRecord
  2
ACAD_DSTYLE_DIMJAG
 70
     0
  0
APPID
  5
136
330
9
100
AcDbSymbolTableRecord
100
AcDbRegAppTableRecord
  2
ACAD_DSTYLE_DIMTALN
 70
     0
  0
APPID
  5
165
330
9
100
AcDbSymbolTableRecord
100
AcDbRegAppTableRecord
  2
ACAD_MLEADERVER
 70
     0
  0
APPID
  5
1E1
330
9
100
AcDbSymbolTableRecord
100
AcDbRegAppTableRecord
  2
MCS_DIM1
 70
     0
  0
APPID
  5
1E2
330
9
100
AcDbSymbolTableRecord
100
AcDbRegAppTableRecord
  2
McsXdata5
 70
     0
  0
APPID
  5
209
330
9
100
AcDbSymbolTableRecord
100
AcDbRegAppTableRecord
  2
MCS_PARAMS_DATA
 70
     0
  0
APPID
  5
20C
330
9
100
AcDbSymbolTableRecord
100
AcDbRegAppTableRecord
  2
MCS_PARAMS_HIDDEN_DATA
 70
     0
  0
APPID
  5
34D
330
9
100
AcDbSymbolTableRecord
100
AcDbRegAppTableRecord
  2
MCS_DOCUMENT_ID
 70
     0
  0
APPID
  5
353
330
9
100
AcDbSymbolTableRecord
100
AcDbRegAppTableRecord
  2
McSubentIdentification
 70
     0
  0
APPID
  5
355
330
9
100
AcDbSymbolTableRecord
100
AcDbRegAppTableRecord
  2
MC_VERSION_DATA
 70
     0
  0
APPID
  5
5D2
330
9
100
AcDbSymbolTableRecord
100
AcDbRegAppTableRecord
  2
ACAD_DSTYLE_DIMRADIAL_EXTENSION
 70
     0
  0
ENDTAB
  0
TABLE
  2
DIMSTYLE
  5
A
330
0
100
AcDbSymbolTable
 70
     1
100
AcDbDimStyleTable
  0
DIMSTYLE
105
1B0
330
A
100
AcDbSymbolTableRecord
100
AcDbDimStyleTableRecord
  2
Standard
 70
     0
 40
100.0
 41
2.5
 42
0.5
 43
6.0
 44
0.0
 50
45.000001
 73
     0
140
2.5
141
2.5
147
1.0
178
     0
340
11
345
15
346
15
347
15
  0
ENDTAB
  0
TABLE
  2
BLOCK_RECORD
  5
1
330
0
100
AcDbSymbolTable
 70
    28
  0
BLOCK_RECORD
  5
1F
102
{ACAD_XDICTIONARY
360
234
102
}
330
1
100
AcDbSymbolTableRecord
100
AcDbBlockTableRecord
  2
*Model_Space
340
22
 70
     0
280
     1
281
     0
  0
BLOCK_RECORD
  5
D6
330
1
100
AcDbSymbolTableRecord
100
AcDbBlockTableRecord
  2
*Paper_Space
340
D7
 70
     0
280
     1
281
     0
  0
BLOCK_RECORD
  5
21A
330
1
100
AcDbSymbolTableRecord
100
AcDbBlockTableRecord
  2
*Paper_Space0
340
21B
 70
     0
280
     1
281
     0
  0
BLOCK_RECORD
  5
1EC
330
1
100
AcDbSymbolTableRecord
100
AcDbBlockTableRecord
  2
_ARCHTICK
340
0
 70
     0
280
     1
281
     0
  0
BLOCK_RECORD
  5
1F4
330
1
100
AcDbSymbolTableRecord
100
AcDbBlockTableRecord
  2
_OPEN30
340
0
 70
     0
280
     1
281
     0
  0
BLOCK_RECORD
  5
1FC
330
1
100
AcDbSymbolTableRecord
100
AcDbBlockTableRecord
  2
_DOT
340
0
 70
     0
280
     1
281
     0
  0
BLOCK_RECORD
  5
224
330
1
100
AcDbSymbolTableRecord
100
AcDbBlockTableRecord
  2
*Paper_Space4
340
225
 70
     0
280
     1
281
     0
  0
BLOCK_RECORD
  5
D2
330
1
100
AcDbSymbolTableRecord
100
AcDbBlockTableRecord
  2
*Paper_Space5
340
D3
 70
     0
280
     1
281
     0
  0
BLOCK_RECORD
  5
21F
330
1
100
AcDbSymbolTableRecord
100
AcDbBlockTableRecord
  2
*Paper_Space6
340
220
 70
     0
280
     1
281
     0
  0
BLOCK_RECORD
  5
210
330
1
100
AcDbSymbolTableRecord
100
AcDbBlockTableRecord
  2
*Paper_Space7
340
211
 70
     0
280
     1
281
     0
  0
BLOCK_RECORD
  5
215
330
1
100
AcDbSymbolTableRecord
100
AcDbBlockTableRecord
  2
*Paper_Space8
340
216
 70
     0
280
     1
281
     0
  0
BLOCK_RECORD
  5
5D3
330
1
100
AcDbSymbolTableRecord
100
AcDbBlockTableRecord
  2
*D9
340
0
 70
     0
280
     1
281
     0
  0
BLOCK_RECORD
  5
5DE
330
1
100
AcDbSymbolTableRecord
100
AcDbBlockTableRecord
  2
_NONE
340
0
 70
     0
280
     1
281
     0
  0
BLOCK_RECORD
  5
652
330
1
100
AcDbSymbolTableRecord
100
AcDbBlockTableRecord
  2
*D11
340
0
 70
     0
280
     1
281
     0
  0
BLOCK_RECORD
  5
688
330
1
100
AcDbSymbolTableRecord
100
AcDbBlockTableRecord
  2
*D12
340
0
 70
     0
280
     1
281
     0
  0
BLOCK_RECORD
  5
6A6
330
1
100
AcDbSymbolTableRecord
100
AcDbBlockTableRecord
  2
*D13
340
0
 70
     0
280
     1
281
     0
  0
BLOCK_RECORD
  5
6C6
330
1
100
AcDbSymbolTableRecord
100
AcDbBlockTableRecord
  2
*D14
340
0
 70
     0
280
     1
281
     0
  0
BLOCK_RECORD
  5
792
330
1
100
AcDbSymbolTableRecord
100
AcDbBlockTableRecord
  2
*D15
340
0
 70
     0
280
     1
281
     0
  0
BLOCK_RECORD
  5
7BF
330
1
100
AcDbSymbolTableRecord
100
AcDbBlockTableRecord
  2
*D16
340
0
 70
     0
280
     1
281
     0
  0
BLOCK_RECORD
  5
85C
330
1
100
AcDbSymbolTableRecord
100
AcDbBlockTableRecord
  2
*D17
340
0
 70
     0
280
     1
281
     0
  0
BLOCK_RECORD
  5
889
330
1
100
AcDbSymbolTableRecord
100
AcDbBlockTableRecord
  2
*D18
340
0
 70
     0
280
     1
281
     0
  0
BLOCK_RECORD
  5
8DC
330
1
100
AcDbSymbolTableRecord
100
AcDbBlockTableRecord
  2
*D19
340
0
 70
     0
280
     1
281
     0
  0
BLOCK_RECORD
  5
978
330
1
100
AcDbSymbolTableRecord
100
AcDbBlockTableRecord
  2
*D20
340
0
 70
     0
280
     1
281
     0
  0
BLOCK_RECORD
  5
991
330
1
100
AcDbSymbolTableRecord
100
AcDbBlockTableRecord
  2
*D21
340
0
 70
     0
280
     1
281
     0
  0
BLOCK_RECORD
  5
9B8
330
1
100
AcDbSymbolTableRecord
100
AcDbBlockTableRecord
  2
*D22
340
0
 70
     0
280
     1
281
     0
  0
BLOCK_RECORD
  5
AF2
330
1
100
AcDbSymbolTableRecord
100
AcDbBlockTableRecord
  2
*D23
340
0
 70
     0
280
     1
281
     0
  0
BLOCK_RECORD
  5
B02
330
1
100
AcDbSymbolTableRecord
100
AcDbBlockTableRecord
  2
*D24
340
0
 70
     0
280
     1
281
     0
  0
BLOCK_RECORD
  5
B14
330
1
100
AcDbSymbolTableRecord
100
AcDbBlockTableRecord
  2
*D25
340
0
 70
     0
280
     1
281
     0
  0
BLOCK_RECORD
  5
B2D
330
1
100
AcDbSymbolTableRecord
100
AcDbBlockTableRecord
  2
*D26
340
0
 70
     0
280
     1
281
     0
  0
BLOCK_RECORD
  5
B8D
330
1
100
AcDbSymbolTableRecord
100
AcDbBlockTableRecord
  2
*D27
340
0
 70
     0
280
     1
281
     0
  0
ENDTAB
  0
ENDSEC
  0
SECTION
  2
BLOCKS
  0
BLOCK
  5
20
330
1F
100
AcDbEntity
  8
0
100
AcDbBlockBegin
  2
*Model_Space
 70
     0
 10
0.0
 20
0.0
 30
0.0
  3
*Model_Space
  1
*Model_Space
  0
ENDBLK
  5
21
330
1F
100
AcDbEntity
  8
0
100
AcDbBlockEnd
  0
BLOCK
  5
D8
330
D6
100
AcDbEntity
 67
     1
  8
0
100
AcDbBlockBegin
  2
*Paper_Space
 70
     0
 10
0.0
 20
0.0
 30
0.0
  3
*Paper_Space
  1
*Paper_Space
  0
ENDBLK
  5
D9
330
D6
100
AcDbEntity
 67
     1
  8
0
100
AcDbBlockEnd
  0
BLOCK
  5
21C
330
21A
100
AcDbEntity
  8
0
100
AcDbBlockBegin
  2
*Paper_Space0
 70
     0
 10
0.0
 20
0.0
 30
0.0
  3
*Paper_Space0
  1
*Paper_Space0
  0
VIEWPORT
  5
21E
330
21A
100
AcDbEntity
  8
0
 48
100.0
100
AcDbViewport
 10
0.0
 20
0.0
 30
0.0
 40
840.779612
 41
486.114466
 68
     1
 69
     1
 12
328.692132
 22
196.71883
 13
0.0
 23
0.0
 14
10.0
 24
10.0
 15
10.0
 25
10.0
 16
0.0
 26
0.0
 36
1.0
 17
0.0
 27
0.0
 37
0.0
 42
50.0
 43
0.0
 44
0.0
 45
486.114466
 50
0.0
 51
0.0
 72
   100
 90
   557168
  1

281
     0
 71
     1
 74
     0
110
0.0
120
0.0
130
0.0
111
1.0
121
0.0
131
0.0
112
0.0
122
1.0
132
0.0
 79
     0
146
0.0
170
     0
 61
     5
348
F5
292
     1
282
     1
141
0.0
142
0.0
 63
   256
  0
ENDBLK
  5
21D
330
21A
100
AcDbEntity
  8
0
100
AcDbBlockEnd
  0
BLOCK
  5
1ED
330
1EC
100
AcDbEntity
  8
0
100
AcDbBlockBegin
  2
_ARCHTICK
 70
     0
 10
0.0
 20
0.0
 30
0.0
  3
_ARCHTICK
  1
_ARCHTICK
  0
POLYLINE
  5
1EF
330
1EC
100
AcDbEntity
  8
0
  6
ByBlock
 62
     0
100
AcDb2dPolyline
 66
     1
 10
0.0
 20
0.0
 30
0.0
 40
0.15
 41
0.15
  0
VERTEX
  5
1F0
330
1EF
100
AcDbEntity
  8
0
  6
ByBlock
 62
     0
100
AcDbVertex
100
AcDb2dVertex
 10
-0.5
 20
-0.5
 30
0.0
  0
VERTEX
  5
1F1
330
1EF
100
AcDbEntity
  8
0
  6
ByBlock
 62
     0
100
AcDbVertex
100
AcDb2dVertex
 10
0.5
 20
0.5
 30
0.0
  0
SEQEND
  5
1F2
330
1EF
100
AcDbEntity
  8
0
  6
ByBlock
 62
     0
  0
ENDBLK
  5
1EE
330
1EC
100
AcDbEntity
  8
0
100
AcDbBlockEnd
  0
BLOCK
  5
1F5
330
1F4
100
AcDbEntity
  8
0
100
AcDbBlockBegin
  2
_OPEN30
 70
     0
 10
0.0
 20
0.0
 30
0.0
  3
_OPEN30
  1
_OPEN30
  0
LINE
  5
1F7
330
1F4
100
AcDbEntity
  8
0
  6
ByBlock
 62
     0
370
    -2
100
AcDbLine
 10
-1.0
 20
0.267949
 30
0.0
 11
0.0
 21
0.0
 31
0.0
  0
LINE
  5
1F8
330
1F4
100
AcDbEntity
  8
0
  6
ByBlock
 62
     0
370
    -2
100
AcDbLine
 10
0.0
 20
0.0
 30
0.0
 11
-1.0
 21
-0.267949
 31
0.0
  0
LINE
  5
1F9
330
1F4
100
AcDbEntity
  8
0
  6
ByBlock
 62
     0
370
    -2
100
AcDbLine
 10
0.0
 20
0.0
 30
0.0
 11
-1.0
 21
0.0
 31
0.0
  0
ENDBLK
  5
1F6
330
1F4
100
AcDbEntity
  8
0
100
AcDbBlockEnd
  0
BLOCK
  5
1FD
330
1FC
100
AcDbEntity
  8
0
100
AcDbBlockBegin
  2
_DOT
 70
     0
 10
0.0
 20
0.0
 30
0.0
  3
_DOT
  1
_DOT
  0
POLYLINE
  5
1FF
330
1FC
100
AcDbEntity
  8
0
  6
ByBlock
 62
     0
100
AcDb2dPolyline
 66
     1
 10
0.0
 20
0.0
 30
0.0
 70
     1
 40
0.5
 41
0.5
  0
VERTEX
  5
201
330
1FF
100
AcDbEntity
  8
0
  6
ByBlock
 62
     0
100
AcDbVertex
100
AcDb2dVertex
 10
-0.25
 20
0.0
 30
0.0
 42
1.0
  0
VERTEX
  5
202
330
1FF
100
AcDbEntity
  8
0
  6
ByBlock
 62
     0
100
AcDbVertex
100
AcDb2dVertex
 10
0.25
 20
0.0
 30
0.0
 42
1.0
  0
SEQEND
  5
203
330
1FF
100
AcDbEntity
  8
0
  6
ByBlock
 62
     0
  0
LINE
  5
200
330
1FC
100
AcDbEntity
  8
0
  6
ByBlock
 62
     0
370
    -2
100
AcDbLine
 10
-0.5
 20
0.0
 30
0.0
 11
-1.0
 21
0.0
 31
0.0
  0
ENDBLK
  5
1FE
330
1FC
100
AcDbEntity
  8
0
100
AcDbBlockEnd
  0
BLOCK
  5
226
330
224
100
AcDbEntity
  8
0
100
AcDbBlockBegin
  2
*Paper_Space4
 70
     0
 10
0.0
 20
0.0
 30
0.0
  3
*Paper_Space4
  1
*Paper_Space4
  0
VIEWPORT
  5
228
330
224
100
AcDbEntity
  8
0
 48
100.0
100
AcDbViewport
 10
0.0
 20
0.0
 30
0.0
 40
1715.87676
 41
992.070339
 68
     1
 69
     1
 12
497.20797
 22
380.27835
 13
0.0
 23
0.0
 14
10.0
 24
10.0
 15
10.0
 25
10.0
 16
0.0
 26
0.0
 36
1.0
 17
0.0
 27
0.0
 37
0.0
 42
50.0
 43
0.0
 44
0.0
 45
992.070339
 50
0.0
 51
0.0
 72
   100
 90
   557168
  1

281
     0
 71
     1
 74
     0
110
0.0
120
0.0
130
0.0
111
1.0
121
0.0
131
0.0
112
0.0
122
1.0
132
0.0
 79
     0
146
0.0
170
     0
 61
     5
348
F5
292
     1
282
     1
141
0.0
142
0.0
 63
   256
  0
ENDBLK
  5
227
330
224
100
AcDbEntity
  8
0
100
AcDbBlockEnd
  0
BLOCK
  5
D4
330
D2
100
AcDbEntity
  8
0
100
AcDbBlockBegin
  2
*Paper_Space5
 70
     0
 10
0.0
 20
0.0
 30
0.0
  3
*Paper_Space5
  1
*Paper_Space5
  0
VIEWPORT
  5
229
330
D2
100
AcDbEntity
  8
0
 48
100.0
100
AcDbViewport
 10
0.0
 20
0.0
 30
0.0
 40
460.802478
 41
238.196088
 68
     1
 69
     1
 12
128.5
 22
97.5
 13
0.0
 23
0.0
 14
10.0
 24
10.0
 15
10.0
 25
10.0
 16
0.0
 26
0.0
 36
1.0
 17
0.0
 27
0.0
 37
0.0
 42
50.0
 43
0.0
 44
0.0
 45
238.196088
 50
0.0
 51
0.0
 72
   100
 90
   557168
  1

281
     0
 71
     1
 74
     0
110
0.0
120
0.0
130
0.0
111
1.0
121
0.0
131
0.0
112
0.0
122
1.0
132
0.0
 79
     0
146
0.0
170
     0
 61
     5
348
F5
292
     1
282
     1
141
0.0
142
0.0
 63
   256
  0
ENDBLK
  5
D5
330
D2
100
AcDbEntity
  8
0
100
AcDbBlockEnd
  0
BLOCK
  5
221
330
21F
100
AcDbEntity
  8
0
100
AcDbBlockBegin
  2
*Paper_Space6
 70
     0
 10
0.0
 20
0.0
 30
0.0
  3
*Paper_Space6
  1
*Paper_Space6
  0
VIEWPORT
  5
223
330
21F
100
AcDbEntity
  8
0
 48
100.0
100
AcDbViewport
 10
0.0
 20
0.0
 30
0.0
 40
1201.113732
 41
694.449237
 68
     1
 69
     1
 12
454.893705
 22
285.342469
 13
0.0
 23
0.0
 14
10.0
 24
10.0
 15
10.0
 25
10.0
 16
0.0
 26
0.0
 36
1.0
 17
0.0
 27
0.0
 37
0.0
 42
50.0
 43
0.0
 44
0.0
 45
694.449237
 50
0.0
 51
0.0
 72
   100
 90
   557168
  1

281
     0
 71
     1
 74
     0
110
0.0
120
0.0
130
0.0
111
1.0
121
0.0
131
0.0
112
0.0
122
1.0
132
0.0
 79
     0
146
0.0
170
     0
 61
     5
348
F5
292
     1
282
     1
141
0.0
142
0.0
 63
   256
  0
ENDBLK
  5
222
330
21F
100
AcDbEntity
  8
0
100
AcDbBlockEnd
  0
BLOCK
  5
212
330
210
100
AcDbEntity
  8
0
100
AcDbBlockBegin
  2
*Paper_Space7
 70
     0
 10
0.0
 20
0.0
 30
0.0
  3
*Paper_Space7
  1
*Paper_Space7
  0
VIEWPORT
  5
214
330
210
100
AcDbEntity
  8
0
 48
100.0
100
AcDbViewport
 10
0.0
 20
0.0
 30
0.0
 40
588.545729
 41
340.280126
 68
     1
 69
     1
 12
151.627136
 22
129.479246
 13
0.0
 23
0.0
 14
10.0
 24
10.0
 15
10.0
 25
10.0
 16
0.0
 26
0.0
 36
1.0
 17
0.0
 27
0.0
 37
0.0
 42
50.0
 43
0.0
 44
0.0
 45
340.280126
 50
0.0
 51
0.0
 72
   100
 90
   557168
  1

281
     0
 71
     1
 74
     0
110
0.0
120
0.0
130
0.0
111
1.0
121
0.0
131
0.0
112
0.0
122
1.0
132
0.0
 79
     0
146
0.0
170
     0
 61
     5
348
F5
292
     1
282
     1
141
0.0
142
0.0
 63
   256
  0
ENDBLK
  5
213
330
210
100
AcDbEntity
  8
0
100
AcDbBlockEnd
  0
BLOCK
  5
217
330
215
100
AcDbEntity
  8
0
100
AcDbBlockBegin
  2
*Paper_Space8
 70
     0
 10
0.0
 20
0.0
 30
0.0
  3
*Paper_Space8
  1
*Paper_Space8
  0
VIEWPORT
  5
219
330
215
100
AcDbEntity
  8
0
 48
100.0
100
AcDbViewport
 10
0.0
 20
0.0
 30
0.0
 40
588.545729
 41
340.280126
 68
     1
 69
     1
 12
213.910905
 22
130.914724
 13
0.0
 23
0.0
 14
10.0
 24
10.0
 15
10.0
 25
10.0
 16
0.0
 26
0.0
 36
1.0
 17
0.0
 27
0.0
 37
0.0
 42
50.0
 43
0.0
 44
0.0
 45
340.280126
 50
0.0
 51
0.0
 72
   100
 90
   557168
  1

281
     0
 71
     1
 74
     0
110
0.0
120
0.0
130
0.0
111
1.0
121
0.0
131
0.0
112
0.0
122
1.0
132
0.0
 79
     0
146
0.0
170
     0
 61
     5
348
F5
292
     1
282
     1
141
0.0
142
0.0
 63
   256
  0
ENDBLK
  5
218
330
215
100
AcDbEntity
  8
0
100
AcDbBlockEnd
  0
BLOCK
  5
5D4
330
5D3
100
AcDbEntity
  8
0
100
AcDbBlockBegin
  2
*D9
 70
     1
 10
0.0
 20
0.0
 30
0.0
  3
*D9
  1
*D9
  0
LINE
  5
5D6
330
5D3
100
AcDbEntity
  8
DIMENSION
 62
     0
370
    -2
100
AcDbLine
 10
110.157099
 20
-75.624054
 30
0.0
 11
112.657099
 21
-75.624054
 31
0.0
  0
LINE
  5
5D7
330
5D3
100
AcDbEntity
  8
DIMENSION
 62
     0
370
    -2
100
AcDbLine
 10
116.192632
 20
-79.159588
 30
0.0
 11
112.657099
 21
-75.624054
 31
0.0
  0
MTEXT
  5
5D8
330
5D3
100
AcDbEntity
  8
DIMENSION
 62
     0
100
AcDbMText
 10
102.907099
 20
-75.624054
 30
0.0
 40
2.5
 41
0.0
 46
0.0
 71
     5
 72
     1
  1
\A1;R1.0000
 73
     1
 44
1.0
  0
SOLID
  5
5D9
330
5D3
100
AcDbEntity
  8
DIMENSION
 62
     0
100
AcDbTrace
 10
114.130238
 20
-77.686449
 30
0.0
 11
114.719493
 21
-77.097193
 31
0.0
 12
116.192632
 22
-79.159588
 32
0.0
 13
116.192632
 23
-79.159588
 33
0.0
  0
LINE
  5
5DA
330
5D3
100
AcDbEntity
  8
DIMENSION
 62
     0
100
AcDbLine
 10
114.399739
 20
-79.866695
 30
0.0
 11
119.399739
 21
-79.866695
 31
0.0
  0
LINE
  5
5DB
330
5D3
100
AcDbEntity
  8
DIMENSION
 62
     0
100
AcDbLine
 10
116.899739
 20
-82.366695
 30
0.0
 11
116.899739
 21
-77.366695
 31
0.0
  0
POINT
  5
5DC
330
5D3
100
AcDbEntity
  8
Defpoints
 62
     0
100
AcDbPoint
 10
116.192632
 20
-79.159588
 30
0.0
  0
POINT
  5
5DD
330
5D3
100
AcDbEntity
  8
Defpoints
 62
     0
100
AcDbPoint
 10
116.899739
 20
-79.866695
 30
0.0
  0
ENDBLK
  5
5D5
330
5D3
100
AcDbEntity
  8
0
100
AcDbBlockEnd
  0
BLOCK
  5
5DF
330
5DE
100
AcDbEntity
  8
0
100
AcDbBlockBegin
  2
_NONE
 70
     0
 10
0.0
 20
0.0
 30
0.0
  3
_NONE
  1
_NONE
  0
ENDBLK
  5
5E0
330
5DE
100
AcDbEntity
  8
0
100
AcDbBlockEnd
  0
BLOCK
  5
653
330
652
100
AcDbEntity
  8
0
100
AcDbBlockBegin
  2
*D11
 70
     1
 10
0.0
 20
0.0
 30
0.0
  3
*D11
  1
*D11
  0
LINE
  5
655
330
652
100
AcDbEntity
  8
DIMENSION
 62
     0
370
    -2
100
AcDbLine
 10
258.888852
 20
4.401335
 30
0.0
 11
261.388852
 21
4.401335
 31
0.0
  0
LINE
  5
656
330
652
100
AcDbEntity
  8
DIMENSION
 62
     0
370
    -2
100
AcDbLine
 10
264.924386
 20
0.865801
 30
0.0
 11
261.388852
 21
4.401335
 31
0.0
  0
MTEXT
  5
657
330
652
100
AcDbEntity
  8
DIMENSION
 62
     0
100
AcDbMText
 10
251.638852
 20
4.401335
 30
0.0
 40
2.5
 41
0.0
 46
0.0
 71
     5
 72
     1
  1
\A1;R1.0000
 73
     1
 44
1.0
  0
SOLID
  5
658
330
652
100
AcDbEntity
  8
DIMENSION
 62
     0
100
AcDbTrace
 10
262.861991
 20
2.33894
 30
0.0
 11
263.451247
 21
2.928195
 31
0.0
 12
264.924386
 22
0.865801
 32
0.0
 13
264.924386
 23
0.865801
 33
0.0
  0
LINE
  5
659
330
652
100
AcDbEntity
  8
DIMENSION
 62
     0
100
AcDbLine
 10
263.131493
 20
0.158694
 30
0.0
 11
268.131493
 21
0.158694
 31
0.0
  0
LINE
  5
65A
330
652
100
AcDbEntity
  8
DIMENSION
 62
     0
100
AcDbLine
 10
265.631493
 20
-2.341306
 30
0.0
 11
265.631493
 21
2.658694
 31
0.0
  0
POINT
  5
65B
330
652
100
AcDbEntity
  8
Defpoints
 62
     0
100
AcDbPoint
 10
264.924386
 20
0.865801
 30
0.0
  0
POINT
  5
65C
330
652
100
AcDbEntity
  8
Defpoints
 62
     0
100
AcDbPoint
 10
265.631493
 20
0.158694
 30
0.0
  0
ENDBLK
  5
654
330
652
100
AcDbEntity
  8
0
100
AcDbBlockEnd
  0
BLOCK
  5
689
330
688
100
AcDbEntity
  8
0
100
AcDbBlockBegin
  2
*D12
 70
     1
 10
0.0
 20
0.0
 30
0.0
  3
*D12
  1
*D12
  0
LINE
  5
68B
330
688
100
AcDbEntity
  8
DIMENSION
 62
     0
370
    -2
100
AcDbLine
 10
242.407359
 20
-6.782359
 30
0.0
 11
244.907359
 21
-6.782359
 31
0.0
  0
LINE
  5
68C
330
688
100
AcDbEntity
  8
DIMENSION
 62
     0
370
    -2
100
AcDbLine
 10
248.442893
 20
-10.317893
 30
0.0
 11
244.907359
 21
-6.782359
 31
0.0
  0
MTEXT
  5
68D
330
688
100
AcDbEntity
  8
DIMENSION
 62
     0
100
AcDbMText
 10
235.157359
 20
-6.782359
 30
0.0
 40
2.5
 41
0.0
 46
0.0
 71
     5
 72
     1
  1
\A1;R1.0000
 73
     1
 44
1.0
  0
SOLID
  5
68E
330
688
100
AcDbEntity
  8
DIMENSION
 62
     0
100
AcDbTrace
 10
246.380498
 20
-8.844754
 30
0.0
 11
246.969754
 21
-8.255498
 31
0.0
 12
248.442893
 22
-10.317893
 32
0.0
 13
248.442893
 23
-10.317893
 33
0.0
  0
LINE
  5
68F
330
688
100
AcDbEntity
  8
DIMENSION
 62
     0
100
AcDbLine
 10
246.65
 20
-11.025
 30
0.0
 11
251.65
 21
-11.025
 31
0.0
  0
LINE
  5
690
330
688
100
AcDbEntity
  8
DIMENSION
 62
     0
100
AcDbLine
 10
249.15
 20
-13.525
 30
0.0
 11
249.15
 21
-8.525
 31
0.0
  0
POINT
  5
691
330
688
100
AcDbEntity
  8
Defpoints
 62
     0
100
AcDbPoint
 10
248.442893
 20
-10.317893
 30
0.0
  0
POINT
  5
692
330
688
100
AcDbEntity
  8
Defpoints
 62
     0
100
AcDbPoint
 10
249.15
 20
-11.025
 30
0.0
  0
ENDBLK
  5
68A
330
688
100
AcDbEntity
  8
0
100
AcDbBlockEnd
  0
BLOCK
  5
6A7
330
6A6
100
AcDbEntity
  8
0
100
AcDbBlockBegin
  2
*D13
 70
     1
 10
0.0
 20
0.0
 30
0.0
  3
*D13
  1
*D13
  0
LINE
  5
6A9
330
6A6
100
AcDbEntity
  8
DIMENSION
 62
     0
370
    -2
100
AcDbLine
 10
271.892641
 20
-71.767641
 30
0.0
 11
269.392641
 21
-71.767641
 31
0.0
  0
LINE
  5
6AA
330
6A6
100
AcDbEntity
  8
DIMENSION
 62
     0
370
    -2
100
AcDbLine
 10
265.857107
 20
-68.232107
 30
0.0
 11
269.392641
 21
-71.767641
 31
0.0
  0
MTEXT
  5
6AB
330
6A6
100
AcDbEntity
  8
DIMENSION
 62
     0
100
AcDbMText
 10
279.142641
 20
-71.767641
 30
0.0
 40
2.5
 41
0.0
 46
0.0
 71
     5
 72
     1
  1
\A1;R1.0000
 73
     1
 44
1.0
  0
SOLID
  5
6AC
330
6A6
100
AcDbEntity
  8
DIMENSION
 62
     0
100
AcDbTrace
 10
267.919502
 20
-69.705246
 30
0.0
 11
267.330246
 21
-70.294502
 31
0.0
 12
265.857107
 22
-68.232107
 32
0.0
 13
265.857107
 23
-68.232107
 33
0.0
  0
LINE
  5
6AD
330
6A6
100
AcDbEntity
  8
DIMENSION
 62
     0
100
AcDbLine
 10
262.65
 20
-67.525
 30
0.0
 11
267.65
 21
-67.525
 31
0.0
  0
LINE
  5
6AE
330
6A6
100
AcDbEntity
  8
DIMENSION
 62
     0
100
AcDbLine
 10
265.15
 20
-70.025
 30
0.0
 11
265.15
 21
-65.025
 31
0.0
  0
POINT
  5
6AF
330
6A6
100
AcDbEntity
  8
Defpoints
 62
     0
100
AcDbPoint
 10
265.857107
 20
-68.232107
 30
0.0
  0
POINT
  5
6B0
330
6A6
100
AcDbEntity
  8
Defpoints
 62
     0
100
AcDbPoint
 10
265.15
 20
-67.525
 30
0.0
  0
ENDBLK
  5
6A8
330
6A6
100
AcDbEntity
  8
0
100
AcDbBlockEnd
  0
BLOCK
  5
6C7
330
6C6
100
AcDbEntity
  8
0
100
AcDbBlockBegin
  2
*D14
 70
     1
 10
0.0
 20
0.0
 30
0.0
  3
*D14
  1
*D14
  0
LINE
  5
6C9
330
6C6
100
AcDbEntity
  8
DIMENSION
 62
     0
370
    -2
100
AcDbLine
 10
242.407359
 20
-6.782359
 30
0.0
 11
244.907359
 21
-6.782359
 31
0.0
  0
LINE
  5
6CA
330
6C6
100
AcDbEntity
  8
DIMENSION
 62
     0
370
    -2
100
AcDbLine
 10
248.442893
 20
-10.317893
 30
0.0
 11
244.907359
 21
-6.782359
 31
0.0
  0
MTEXT
  5
6CB
330
6C6
100
AcDbEntity
  8
DIMENSION
 62
     0
100
AcDbMText
 10
235.157359
 20
-6.782359
 30
0.0
 40
2.5
 41
0.0
 46
0.0
 71
     5
 72
     1
  1
\A1;R1.0000
 73
     1
 44
1.0
  0
SOLID
  5
6CC
330
6C6
100
AcDbEntity
  8
DIMENSION
 62
     0
100
AcDbTrace
 10
246.380498
 20
-8.844754
 30
0.0
 11
246.969754
 21
-8.255498
 31
0.0
 12
248.442893
 22
-10.317893
 32
0.0
 13
248.442893
 23
-10.317893
 33
0.0
  0
LINE
  5
6CD
330
6C6
100
AcDbEntity
  8
DIMENSION
 62
     0
100
AcDbLine
 10
246.65
 20
-11.025
 30
0.0
 11
251.65
 21
-11.025
 31
0.0
  0
LINE
  5
6CE
330
6C6
100
AcDbEntity
  8
DIMENSION
 62
     0
100
AcDbLine
 10
249.15
 20
-13.525
 30
0.0
 11
249.15
 21
-8.525
 31
0.0
  0
POINT
  5
6CF
330
6C6
100
AcDbEntity
  8
Defpoints
 62
     0
100
AcDbPoint
 10
248.442893
 20
-10.317893
 30
0.0
  0
POINT
  5
6D0
330
6C6
100
AcDbEntity
  8
Defpoints
 62
     0
100
AcDbPoint
 10
249.15
 20
-11.025
 30
0.0
  0
ENDBLK
  5
6C8
330
6C6
100
AcDbEntity
  8
0
100
AcDbBlockEnd
  0
BLOCK
  5
793
330
792
100
AcDbEntity
  8
0
100
AcDbBlockBegin
  2
*D15
 70
     1
 10
0.0
 20
0.0
 30
0.0
  3
*D15
  1
*D15
  0
LINE
  5
795
330
792
100
AcDbEntity
  8
DIMENSION
 62
     0
370
    -2
100
AcDbLine
 10
40.169859
 20
19.267641
 30
0.0
 11
42.669859
 21
19.267641
 31
0.0
  0
LINE
  5
796
330
792
100
AcDbEntity
  8
DIMENSION
 62
     0
370
    -2
100
AcDbLine
 10
46.205393
 20
15.732107
 30
0.0
 11
42.669859
 21
19.267641
 31
0.0
  0
MTEXT
  5
797
330
792
100
AcDbEntity
  8
DIMENSION
 62
     0
100
AcDbMText
 10
32.919859
 20
19.267641
 30
0.0
 40
2.5
 41
0.0
 46
0.0
 71
     5
 72
     1
  1
\A1;R1.0000
 73
     1
 44
1.0
  0
SOLID
  5
798
330
792
100
AcDbEntity
  8
DIMENSION
 62
     0
100
AcDbTrace
 10
44.142998
 20
17.205246
 30
0.0
 11
44.732254
 21
17.794502
 31
0.0
 12
46.205393
 22
15.732107
 32
0.0
 13
46.205393
 23
15.732107
 33
0.0
  0
LINE
  5
799
330
792
100
AcDbEntity
  8
DIMENSION
 62
     0
100
AcDbLine
 10
44.4125
 20
15.025
 30
0.0
 11
49.4125
 21
15.025
 31
0.0
  0
LINE
  5
79A
330
792
100
AcDbEntity
  8
DIMENSION
 62
     0
100
AcDbLine
 10
46.9125
 20
12.525
 30
0.0
 11
46.9125
 21
17.525
 31
0.0
  0
POINT
  5
79B
330
792
100
AcDbEntity
  8
Defpoints
 62
     0
100
AcDbPoint
 10
46.205393
 20
15.732107
 30
0.0
  0
POINT
  5
79C
330
792
100
AcDbEntity
  8
Defpoints
 62
     0
100
AcDbPoint
 10
46.9125
 20
15.025
 30
0.0
  0
ENDBLK
  5
794
330
792
100
AcDbEntity
  8
0
100
AcDbBlockEnd
  0
BLOCK
  5
7C0
330
7BF
100
AcDbEntity
  8
0
100
AcDbBlockBegin
  2
*D16
 70
     1
 10
0.0
 20
0.0
 30
0.0
  3
*D16
  1
*D16
  0
LINE
  5
7C2
330
7BF
100
AcDbEntity
  8
DIMENSION
 62
     0
370
    -2
100
AcDbLine
 10
173.519859
 20
19.267641
 30
0.0
 11
176.019859
 21
19.267641
 31
0.0
  0
LINE
  5
7C3
330
7BF
100
AcDbEntity
  8
DIMENSION
 62
     0
370
    -2
100
AcDbLine
 10
179.555393
 20
15.732107
 30
0.0
 11
176.019859
 21
19.267641
 31
0.0
  0
MTEXT
  5
7C4
330
7BF
100
AcDbEntity
  8
DIMENSION
 62
     0
100
AcDbMText
 10
166.269859
 20
19.267641
 30
0.0
 40
2.5
 41
0.0
 46
0.0
 71
     5
 72
     1
  1
\A1;R1.0000
 73
     1
 44
1.0
  0
SOLID
  5
7C5
330
7BF
100
AcDbEntity
  8
DIMENSION
 62
     0
100
AcDbTrace
 10
177.492998
 20
17.205246
 30
0.0
 11
178.082254
 21
17.794502
 31
0.0
 12
179.555393
 22
15.732107
 32
0.0
 13
179.555393
 23
15.732107
 33
0.0
  0
LINE
  5
7C6
330
7BF
100
AcDbEntity
  8
DIMENSION
 62
     0
100
AcDbLine
 10
177.7625
 20
15.025
 30
0.0
 11
182.7625
 21
15.025
 31
0.0
  0
LINE
  5
7C7
330
7BF
100
AcDbEntity
  8
DIMENSION
 62
     0
100
AcDbLine
 10
180.2625
 20
12.525
 30
0.0
 11
180.2625
 21
17.525
 31
0.0
  0
POINT
  5
7C8
330
7BF
100
AcDbEntity
  8
Defpoints
 62
     0
100
AcDbPoint
 10
179.555393
 20
15.732107
 30
0.0
  0
POINT
  5
7C9
330
7BF
100
AcDbEntity
  8
Defpoints
 62
     0
100
AcDbPoint
 10
180.2625
 20
15.025
 30
0.0
  0
ENDBLK
  5
7C1
330
7BF
100
AcDbEntity
  8
0
100
AcDbBlockEnd
  0
BLOCK
  5
85D
330
85C
100
AcDbEntity
  8
0
100
AcDbBlockBegin
  2
*D17
 70
     1
 10
0.0
 20
0.0
 30
0.0
  3
*D17
  1
*D17
  0
LINE
  5
85F
330
85C
100
AcDbEntity
  8
DIMENSION
 62
     0
370
    -2
100
AcDbLine
 10
242.907359
 20
11.767641
 30
0.0
 11
245.407359
 21
11.767641
 31
0.0
  0
LINE
  5
860
330
85C
100
AcDbEntity
  8
DIMENSION
 62
     0
370
    -2
100
AcDbLine
 10
248.942893
 20
8.232107
 30
0.0
 11
245.407359
 21
11.767641
 31
0.0
  0
MTEXT
  5
861
330
85C
100
AcDbEntity
  8
DIMENSION
 62
     0
100
AcDbMText
 10
235.657359
 20
11.767641
 30
0.0
 40
2.5
 41
0.0
 46
0.0
 71
     5
 72
     1
  1
\A1;R1.0000
 73
     1
 44
1.0
  0
SOLID
  5
862
330
85C
100
AcDbEntity
  8
DIMENSION
 62
     0
100
AcDbTrace
 10
246.880498
 20
9.705246
 30
0.0
 11
247.469754
 21
10.294502
 31
0.0
 12
248.942893
 22
8.232107
 32
0.0
 13
248.942893
 23
8.232107
 33
0.0
  0
LINE
  5
863
330
85C
100
AcDbEntity
  8
DIMENSION
 62
     0
100
AcDbLine
 10
247.15
 20
7.525
 30
0.0
 11
252.15
 21
7.525
 31
0.0
  0
LINE
  5
864
330
85C
100
AcDbEntity
  8
DIMENSION
 62
     0
100
AcDbLine
 10
249.65
 20
5.025
 30
0.0
 11
249.65
 21
10.025
 31
0.0
  0
POINT
  5
865
330
85C
100
AcDbEntity
  8
Defpoints
 62
     0
100
AcDbPoint
 10
248.942893
 20
8.232107
 30
0.0
  0
POINT
  5
866
330
85C
100
AcDbEntity
  8
Defpoints
 62
     0
100
AcDbPoint
 10
249.65
 20
7.525
 30
0.0
  0
ENDBLK
  5
85E
330
85C
100
AcDbEntity
  8
0
100
AcDbBlockEnd
  0
BLOCK
  5
88A
330
889
100
AcDbEntity
  8
0
100
AcDbBlockBegin
  2
*D18
 70
     1
 10
0.0
 20
0.0
 30
0.0
  3
*D18
  1
*D18
  0
LINE
  5
88C
330
889
100
AcDbEntity
  8
DIMENSION
 62
     0
370
    -2
100
AcDbLine
 10
40.169859
 20
-81.180141
 30
0.0
 11
42.669859
 21
-81.180141
 31
0.0
  0
LINE
  5
88D
330
889
100
AcDbEntity
  8
DIMENSION
 62
     0
370
    -2
100
AcDbLine
 10
46.205393
 20
-77.644607
 30
0.0
 11
42.669859
 21
-81.180141
 31
0.0
  0
MTEXT
  5
88E
330
889
100
AcDbEntity
  8
DIMENSION
 62
     0
100
AcDbMText
 10
32.919859
 20
-81.180141
 30
0.0
 40
2.5
 41
0.0
 46
0.0
 71
     5
 72
     1
  1
\A1;R1.0000
 73
     1
 44
1.0
  0
SOLID
  5
88F
330
889
100
AcDbEntity
  8
DIMENSION
 62
     0
100
AcDbTrace
 10
44.732254
 20
-79.707002
 30
0.0
 11
44.142998
 21
-79.117746
 31
0.0
 12
46.205393
 22
-77.644607
 32
0.0
 13
46.205393
 23
-77.644607
 33
0.0
  0
LINE
  5
890
330
889
100
AcDbEntity
  8
DIMENSION
 62
     0
100
AcDbLine
 10
44.4125
 20
-76.9375
 30
0.0
 11
49.4125
 21
-76.9375
 31
0.0
  0
LINE
  5
891
330
889
100
AcDbEntity
  8
DIMENSION
 62
     0
100
AcDbLine
 10
46.9125
 20
-79.4375
 30
0.0
 11
46.9125
 21
-74.4375
 31
0.0
  0
POINT
  5
892
330
889
100
AcDbEntity
  8
Defpoints
 62
     0
100
AcDbPoint
 10
46.205393
 20
-77.644607
 30
0.0
  0
POINT
  5
893
330
889
100
AcDbEntity
  8
Defpoints
 62
     0
100
AcDbPoint
 10
46.9125
 20
-76.9375
 30
0.0
  0
ENDBLK
  5
88B
330
889
100
AcDbEntity
  8
0
100
AcDbBlockEnd
  0
BLOCK
  5
8DD
330
8DC
100
AcDbEntity
  8
0
100
AcDbBlockBegin
  2
*D19
 70
     1
 10
0.0
 20
0.0
 30
0.0
  3
*D19
  1
*D19
  0
LINE
  5
8DF
330
8DC
100
AcDbEntity
  8
DIMENSION
 62
     0
370
    -2
100
AcDbLine
 10
-14.267641
 20
-50.144859
 30
0.0
 11
-11.767641
 21
-50.144859
 31
0.0
  0
LINE
  5
8E0
330
8DC
100
AcDbEntity
  8
DIMENSION
 62
     0
370
    -2
100
AcDbLine
 10
-8.232107
 20
-53.680393
 30
0.0
 11
-11.767641
 21
-50.144859
 31
0.0
  0
MTEXT
  5
8E1
330
8DC
100
AcDbEntity
  8
DIMENSION
 62
     0
100
AcDbMText
 10
-21.517641
 20
-50.144859
 30
0.0
 40
2.5
 41
0.0
 46
0.0
 71
     5
 72
     1
  1
\A1;R1.0000
 73
     1
 44
1.0
  0
SOLID
  5
8E2
330
8DC
100
AcDbEntity
  8
DIMENSION
 62
     0
100
AcDbTrace
 10
-10.294502
 20
-52.207254
 30
0.0
 11
-9.705246
 21
-51.617998
 31
0.0
 12
-8.232107
 22
-53.680393
 32
0.0
 13
-8.232107
 23
-53.680393
 33
0.0
  0
LINE
  5
8E3
330
8DC
100
AcDbEntity
  8
DIMENSION
 62
     0
100
AcDbLine
 10
-10.025
 20
-54.3875
 30
0.0
 11
-5.025
 21
-54.3875
 31
0.0
  0
LINE
  5
8E4
330
8DC
100
AcDbEntity
  8
DIMENSION
 62
     0
100
AcDbLine
 10
-7.525
 20
-56.8875
 30
0.0
 11
-7.525
 21
-51.8875
 31
0.0
  0
POINT
  5
8E5
330
8DC
100
AcDbEntity
  8
Defpoints
 62
     0
100
AcDbPoint
 10
-8.232107
 20
-53.680393
 30
0.0
  0
POINT
  5
8E6
330
8DC
100
AcDbEntity
  8
Defpoints
 62
     0
100
AcDbPoint
 10
-7.525
 20
-54.3875
 30
0.0
  0
ENDBLK
  5
8DE
330
8DC
100
AcDbEntity
  8
0
100
AcDbBlockEnd
  0
BLOCK
  5
979
330
978
100
AcDbEntity
  8
0
100
AcDbBlockBegin
  2
*D20
 70
     1
 10
0.0
 20
0.0
 30
0.0
  3
*D20
  1
*D20
  0
LINE
  5
97B
330
978
100
AcDbEntity
  8
DIMENSION
 62
     0
370
    -2
100
AcDbLine
 10
248.15
 20
9.525
 30
0.0
 11
263.52237
 21
9.525
 31
0.0
  0
LINE
  5
97C
330
978
100
AcDbEntity
  8
DIMENSION
 62
     0
370
    -2
100
AcDbLine
 10
264.02237
 20
-37.858582
 30
0.0
 11
263.52237
 21
-37.858582
 31
0.0
  0
LINE
  5
97D
330
978
100
AcDbEntity
  8
DIMENSION
 62
     0
370
    -2
100
AcDbLine
 10
263.52237
 20
7.025
 30
0.0
 11
263.52237
 21
-5.666791
 31
0.0
  0
LINE
  5
97E
330
978
100
AcDbEntity
  8
DIMENSION
 62
     0
370
    -2
100
AcDbLine
 10
263.52237
 20
-35.358582
 30
0.0
 11
263.52237
 21
-22.666791
 31
0.0
  0
SOLID
  5
97F
330
978
100
AcDbEntity
  8
DIMENSION
 62
     0
100
AcDbTrace
 10
263.939037
 20
7.025
 30
0.0
 11
263.105704
 21
7.025
 31
0.0
 12
263.52237
 22
9.525
 32
0.0
 13
263.52237
 23
9.525
 33
0.0
  0
SOLID
  5
980
330
978
100
AcDbEntity
  8
DIMENSION
 62
     0
100
AcDbTrace
 10
263.105704
 20
-35.358582
 30
0.0
 11
263.939037
 21
-35.358582
 31
0.0
 12
263.52237
 22
-37.858582
 32
0.0
 13
263.52237
 23
-37.858582
 33
0.0
  0
MTEXT
  5
981
330
978
100
AcDbEntity
  8
DIMENSION
 62
     0
100
AcDbMText
 10
263.52237
 20
-14.166791
 30
0.0
 40
2.5
 41
0.0
 46
0.0
 71
     5
 72
     1
  1
\A1;47.3836
 11
0.0
 21
1.0
 31
0.0
 73
     1
 44
1.0
  0
POINT
  5
982
330
978
100
AcDbEntity
  8
Defpoints
 62
     0
100
AcDbPoint
 10
247.65
 20
9.525
 30
0.0
  0
POINT
  5
983
330
978
100
AcDbEntity
  8
Defpoints
 62
     0
100
AcDbPoint
 10
263.52237
 20
-37.858582
 30
0.0
  0
POINT
  5
984
330
978
100
AcDbEntity
  8
Defpoints
 62
     0
100
AcDbPoint
 10
263.52237
 20
-37.858582
 30
0.0
  0
ENDBLK
  5
97A
330
978
100
AcDbEntity
  8
0
100
AcDbBlockEnd
  0
BLOCK
  5
992
330
991
100
AcDbEntity
  8
0
100
AcDbBlockBegin
  2
*D21
 70
     1
 10
0.0
 20
0.0
 30
0.0
  3
*D21
  1
*D21
  0
LINE
  5
994
330
991
100
AcDbEntity
  8
DIMENSION
 62
     0
370
    -2
100
AcDbLine
 10
242.907359
 20
11.767641
 30
0.0
 11
245.407359
 21
11.767641
 31
0.0
  0
LINE
  5
995
330
991
100
AcDbEntity
  8
DIMENSION
 62
     0
370
    -2
100
AcDbLine
 10
248.942893
 20
8.232107
 30
0.0
 11
245.407359
 21
11.767641
 31
0.0
  0
MTEXT
  5
996
330
991
100
AcDbEntity
  8
DIMENSION
 62
     0
100
AcDbMText
 10
235.657359
 20
11.767641
 30
0.0
 40
2.5
 41
0.0
 46
0.0
 71
     5
 72
     1
  1
\A1;R1.0000
 73
     1
 44
1.0
  0
SOLID
  5
997
330
991
100
AcDbEntity
  8
DIMENSION
 62
     0
100
AcDbTrace
 10
246.880498
 20
9.705246
 30
0.0
 11
247.469754
 21
10.294502
 31
0.0
 12
248.942893
 22
8.232107
 32
0.0
 13
248.942893
 23
8.232107
 33
0.0
  0
LINE
  5
998
330
991
100
AcDbEntity
  8
DIMENSION
 62
     0
100
AcDbLine
 10
247.15
 20
7.525
 30
0.0
 11
252.15
 21
7.525
 31
0.0
  0
LINE
  5
999
330
991
100
AcDbEntity
  8
DIMENSION
 62
     0
100
AcDbLine
 10
249.65
 20
5.025
 30
0.0
 11
249.65
 21
10.025
 31
0.0
  0
POINT
  5
99A
330
991
100
AcDbEntity
  8
Defpoints
 62
     0
100
AcDbPoint
 10
248.942893
 20
8.232107
 30
0.0
  0
POINT
  5
99B
330
991
100
AcDbEntity
  8
Defpoints
 62
     0
100
AcDbPoint
 10
249.65
 20
7.525
 30
0.0
  0
ENDBLK
  5
993
330
991
100
AcDbEntity
  8
0
100
AcDbBlockEnd
  0
BLOCK
  5
9B9
330
9B8
100
AcDbEntity
  8
0
100
AcDbBlockBegin
  2
*D22
 70
     1
 10
0.0
 20
0.0
 30
0.0
  3
*D22
  1
*D22
  0
LINE
  5
9BB
330
9B8
100
AcDbEntity
  8
DIMENSION
 62
     0
370
    -2
100
AcDbLine
 10
242.907359
 20
-49.867641
 30
0.0
 11
245.407359
 21
-49.867641
 31
0.0
  0
LINE
  5
9BC
330
9B8
100
AcDbEntity
  8
DIMENSION
 62
     0
370
    -2
100
AcDbLine
 10
248.942893
 20
-46.332107
 30
0.0
 11
245.407359
 21
-49.867641
 31
0.0
  0
MTEXT
  5
9BD
330
9B8
100
AcDbEntity
  8
DIMENSION
 62
     0
100
AcDbMText
 10
235.657359
 20
-49.867641
 30
0.0
 40
2.5
 41
0.0
 46
0.0
 71
     5
 72
     1
  1
\A1;R1.0000
 73
     1
 44
1.0
  0
SOLID
  5
9BE
330
9B8
100
AcDbEntity
  8
DIMENSION
 62
     0
100
AcDbTrace
 10
247.469754
 20
-48.394502
 30
0.0
 11
246.880498
 21
-47.805246
 31
0.0
 12
248.942893
 22
-46.332107
 32
0.0
 13
248.942893
 23
-46.332107
 33
0.0
  0
LINE
  5
9BF
330
9B8
100
AcDbEntity
  8
DIMENSION
 62
     0
100
AcDbLine
 10
247.15
 20
-45.625
 30
0.0
 11
252.15
 21
-45.625
 31
0.0
  0
LINE
  5
9C0
330
9B8
100
AcDbEntity
  8
DIMENSION
 62
     0
100
AcDbLine
 10
249.65
 20
-48.125
 30
0.0
 11
249.65
 21
-43.125
 31
0.0
  0
POINT
  5
9C1
330
9B8
100
AcDbEntity
  8
Defpoints
 62
     0
100
AcDbPoint
 10
248.942893
 20
-46.332107
 30
0.0
  0
POINT
  5
9C2
330
9B8
100
AcDbEntity
  8
Defpoints
 62
     0
100
AcDbPoint
 10
249.65
 20
-45.625
 30
0.0
  0
ENDBLK
  5
9BA
330
9B8
100
AcDbEntity
  8
0
100
AcDbBlockEnd
  0
BLOCK
  5
AF3
330
AF2
100
AcDbEntity
  8
0
100
AcDbBlockBegin
  2
*D23
 70
     1
 10
0.0
 20
0.0
 30
0.0
  3
*D23
  1
*D23
  0
LINE
  5
AF5
330
AF2
100
AcDbEntity
  8
DIMENSION
 62
     0
370
    -2
100
AcDbLine
 10
37.3875
 20
16.525
 30
0.0
 11
37.3875
 21
16.025
 31
0.0
  0
LINE
  5
AF6
330
AF2
100
AcDbEntity
  8
DIMENSION
 62
     0
370
    -2
100
AcDbLine
 10
67.3875
 20
16.525
 30
0.0
 11
67.3875
 21
16.025
 31
0.0
  0
LINE
  5
AF7
330
AF2
100
AcDbEntity
  8
DIMENSION
 62
     0
370
    -2
100
AcDbLine
 10
39.8875
 20
16.025
 30
0.0
 11
44.929167
 21
16.025
 31
0.0
  0
LINE
  5
AF8
330
AF2
100
AcDbEntity
  8
DIMENSION
 62
     0
370
    -2
100
AcDbLine
 10
64.8875
 20
16.025
 30
0.0
 11
59.845833
 21
16.025
 31
0.0
  0
SOLID
  5
AF9
330
AF2
100
AcDbEntity
  8
DIMENSION
 62
     0
100
AcDbTrace
 10
39.8875
 20
16.441667
 30
0.0
 11
39.8875
 21
15.608333
 31
0.0
 12
37.3875
 22
16.025
 32
0.0
 13
37.3875
 23
16.025
 33
0.0
  0
SOLID
  5
AFA
330
AF2
100
AcDbEntity
  8
DIMENSION
 62
     0
100
AcDbTrace
 10
64.8875
 20
15.608333
 30
0.0
 11
64.8875
 21
16.441667
 31
0.0
 12
67.3875
 22
16.025
 32
0.0
 13
67.3875
 23
16.025
 33
0.0
  0
MTEXT
  5
AFB
330
AF2
100
AcDbEntity
  8
DIMENSION
 62
     0
100
AcDbMText
 10
52.3875
 20
16.025
 30
0.0
 40
2.5
 41
0.0
 46
0.0
 71
     5
 72
     1
  1
\A1;30.0000
 73
     1
 44
1.0
  0
POINT
  5
AFC
330
AF2
100
AcDbEntity
  8
Defpoints
 62
     0
100
AcDbPoint
 10
37.3875
 20
16.025
 30
0.0
  0
POINT
  5
AFD
330
AF2
100
AcDbEntity
  8
Defpoints
 62
     0
100
AcDbPoint
 10
67.3875
 20
16.025
 30
0.0
  0
POINT
  5
AFE
330
AF2
100
AcDbEntity
  8
Defpoints
 62
     0
100
AcDbPoint
 10
67.3875
 20
16.025
 30
0.0
  0
ENDBLK
  5
AF4
330
AF2
100
AcDbEntity
  8
0
100
AcDbBlockEnd
  0
BLOCK
  5
B03
330
B02
100
AcDbEntity
  8
0
100
AcDbBlockBegin
  2
*D24
 70
     1
 10
0.0
 20
0.0
 30
0.0
  3
*D24
  1
*D24
  0
LINE
  5
B05
330
B02
100
AcDbEntity
  8
DIMENSION
 62
     0
370
    -2
100
AcDbLine
 10
69.8875
 20
16.025
 30
0.0
 11
85.516374
 21
16.025
 31
0.0
  0
LINE
  5
B06
330
B02
100
AcDbEntity
  8
DIMENSION
 62
     0
370
    -2
100
AcDbLine
 10
66.899083
 20
15.838948
 30
0.0
 11
51.390897
 21
13.900425
 31
0.0
  0
ARC
  5
B07
330
B02
100
AcDbEntity
  8
DIMENSION
 62
     0
370
    -2
100
AcDbCircle
 10
68.3875
 20
16.025
 30
0.0
 40
17.1288738209226
100
AcDbArc
 50
8.369896
 51
77.462814
  0
ARC
  5
B08
330
B02
100
AcDbEntity
  8
DIMENSION
 62
     0
370
    -2
100
AcDbCircle
 10
68.3875
 20
16.025
 30
0.0
 40
17.1288738209226
100
AcDbArc
 50
109.662203
 51
178.75512
  0
SOLID
  5
B09
330
B02
100
AcDbEntity
  8
DIMENSION
 62
     0
100
AcDbTrace
 10
84.918378
 20
18.487927
 30
0.0
 11
85.749489
 21
18.548741
 31
0.0
 12
85.516374
 22
16.025
 32
0.0
 13
85.516374
 23
16.025
 33
0.0
  0
SOLID
  5
B0A
330
B02
100
AcDbEntity
  8
DIMENSION
 62
     0
100
AcDbTrace
 10
50.846551
 20
16.375763
 30
0.0
 11
51.678787
 21
16.418505
 31
0.0
 12
51.390897
 22
13.900425
 32
0.0
 13
51.390897
 23
13.900425
 33
0.0
  0
MTEXT
  5
B0B
330
B02
100
AcDbEntity
  8
DIMENSION
 62
     0
100
AcDbMText
 10
67.323156
 20
33.120774
 30
0.0
 40
2.5
 41
0.0
 46
0.0
 71
     5
 72
     1
  1
\A1;187%%d
 11
0.9980676020975904
 21
0.06213744155632793
 31
0.0
 73
     1
 44
1.0
  0
POINT
  5
B0C
330
B02
100
AcDbEntity
  8
Defpoints
 62
     0
100
AcDbPoint
 10
68.3875
 20
16.025
 30
0.0
  0
POINT
  5
B0D
330
B02
100
AcDbEntity
  8
Defpoints
 62
     0
100
AcDbPoint
 10
69.3875
 20
16.025
 30
0.0
  0
POINT
  5
B0E
330
B02
100
AcDbEntity
  8
Defpoints
 62
     0
100
AcDbPoint
 10
67.395222
 20
15.900965
 30
0.0
  0
POINT
  5
B0F
330
B02
100
AcDbEntity
  8
Defpoints
 62
     0
100
AcDbPoint
 10
76.329861
 20
31.201206
 30
0.0
  0
ENDBLK
  5
B04
330
B02
100
AcDbEntity
  8
0
100
AcDbBlockEnd
  0
BLOCK
  5
B15
330
B14
100
AcDbEntity
  8
0
100
AcDbBlockBegin
  2
*D25
 70
     1
 10
0.0
 20
0.0
 30
0.0
  3
*D25
  1
*D25
  0
LINE
  5
B17
330
B14
100
AcDbEntity
  8
DIMENSION
 62
     0
370
    -2
100
AcDbLine
 10
36.9475
 20
16.025
 30
0.0
 11
27.4475
 21
16.025
 31
0.0
  0
LINE
  5
B18
330
B14
100
AcDbEntity
  8
DIMENSION
 62
     0
370
    -2
100
AcDbLine
 10
36.9475
 20
12.025
 30
0.0
 11
27.4475
 21
12.025
 31
0.0
  0
LINE
  5
B19
330
B14
100
AcDbEntity
  8
DIMENSION
 62
     0
370
    -2
100
AcDbLine
 10
27.4475
 20
7.025
 30
0.0
 11
24.9475
 21
7.025
 31
0.0
  0
LINE
  5
B1A
330
B14
100
AcDbEntity
  8
DIMENSION
 62
     0
370
    -2
100
AcDbLine
 10
27.4475
 20
18.525
 30
0.0
 11
27.4475
 21
21.025
 31
0.0
  0
LINE
  5
B1B
330
B14
100
AcDbEntity
  8
DIMENSION
 62
     0
370
    -2
100
AcDbLine
 10
27.4475
 20
9.525
 30
0.0
 11
27.4475
 21
7.025
 31
0.0
  0
SOLID
  5
B1C
330
B14
100
AcDbEntity
  8
DIMENSION
 62
     0
100
AcDbTrace
 10
27.030833
 20
18.525
 30
0.0
 11
27.864167
 21
18.525
 31
0.0
 12
27.4475
 22
16.025
 32
0.0
 13
27.4475
 23
16.025
 33
0.0
  0
SOLID
  5
B1D
330
B14
100
AcDbEntity
  8
DIMENSION
 62
     0
100
AcDbTrace
 10
27.864167
 20
9.525
 30
0.0
 11
27.030833
 21
9.525
 31
0.0
 12
27.4475
 22
12.025
 32
0.0
 13
27.4475
 23
12.025
 33
0.0
  0
MTEXT
  5
B1E
330
B14
100
AcDbEntity
  8
DIMENSION
 62
     0
100
AcDbMText
 10
18.530833
 20
7.025
 30
0.0
 40
2.5
 41
0.0
 46
0.0
 71
     5
 72
     1
  1
\A1;4.0000
 73
     1
 44
1.0
  0
POINT
  5
B1F
330
B14
100
AcDbEntity
  8
Defpoints
 62
     0
100
AcDbPoint
 10
37.4475
 20
16.025
 30
0.0
  0
POINT
  5
B20
330
B14
100
AcDbEntity
  8
Defpoints
 62
     0
100
AcDbPoint
 10
37.4475
 20
12.025
 30
0.0
  0
POINT
  5
B23
330
B14
100
AcDbEntity
  8
Defpoints
 62
     0
100
AcDbPoint
 10
27.4475
 20
12.025
 30
0.0
  0
ENDBLK
  5
B16
330
B14
100
AcDbEntity
  8
0
100
AcDbBlockEnd
  0
BLOCK
  5
B2E
330
B2D
100
AcDbEntity
  8
0
100
AcDbBlockBegin
  2
*D26
 70
     1
 10
0.0
 20
0.0
 30
0.0
  3
*D26
  1
*D26
  0
LINE
  5
B30
330
B2D
100
AcDbEntity
  8
DIMENSION
 62
     0
370
    -2
100
AcDbLine
 10
44.604628
 20
18.732923
 30
0.0
 11
42.104628
 21
18.732923
 31
0.0
  0
LINE
  5
B31
330
B2D
100
AcDbEntity
  8
DIMENSION
 62
     0
370
    -2
100
AcDbLine
 10
42.104628
 20
18.732923
 30
0.0
 11
40.139158
 21
17.187955
 31
0.0
  0
MTEXT
  5
B32
330
B2D
100
AcDbEntity
  8
DIMENSION
 62
     0
100
AcDbMText
 10
51.854628
 20
18.732923
 30
0.0
 40
2.5
 41
0.0
 46
0.0
 71
     5
 72
     1
  1
\A1;R1.0000
 73
     1
 44
1.0
  0
SOLID
  5
B33
330
B2D
100
AcDbEntity
  8
DIMENSION
 62
     0
100
AcDbTrace
 10
39.881663
 20
17.515533
 30
0.0
 11
40.396652
 21
16.860377
 31
0.0
 12
38.173687
 22
15.642987
 32
0.0
 13
38.173687
 23
15.642987
 33
0.0
  0
LINE
  5
B34
330
B2D
100
AcDbEntity
  8
DIMENSION
 62
     0
100
AcDbLine
 10
34.887499
 20
15.025001
 30
0.0
 11
39.887499
 21
15.025001
 31
0.0
  0
LINE
  5
B48
330
B2D
100
AcDbEntity
  8
DIMENSION
 62
     0
100
AcDbLine
 10
37.387499
 20
12.525001
 30
0.0
 11
37.387499
 21
17.525001
 31
0.0
  0
POINT
  5
B49
330
B2D
100
AcDbEntity
  8
Defpoints
 62
     0
100
AcDbPoint
 10
38.173687
 20
15.642987
 30
0.0
  0
POINT
  5
B4A
330
B2D
100
AcDbEntity
  8
Defpoints
 62
     0
100
AcDbPoint
 10
37.387499
 20
15.025001
 30
0.0
  0
ENDBLK
  5
B2F
330
B2D
100
AcDbEntity
  8
0
100
AcDbBlockEnd
  0
BLOCK
  5
B8E
330
B8D
100
AcDbEntity
  8
0
100
AcDbBlockBegin
  2
*D27
 70
     1
 10
0.0
 20
0.0
 30
0.0
  3
*D27
  1
*D27
  0
LINE
  5
B90
330
B8D
100
AcDbEntity
  8
DIMENSION
 62
     0
370
    -2
100
AcDbLine
 10
69.540541
 20
41.522665
 30
0.0
 11
72.040541
 21
41.522665
 31
0.0
  0
LINE
  5
B91
330
B8D
100
AcDbEntity
  8
DIMENSION
 62
     0
370
    -2
100
AcDbLine
 10
75.576075
 20
37.987131
 30
0.0
 11
72.040541
 21
41.522665
 31
0.0
  0
MTEXT
  5
B92
330
B8D
100
AcDbEntity
  8
DIMENSION
 62
     0
100
AcDbMText
 10
62.290541
 20
41.522665
 30
0.0
 40
2.5
 41
0.0
 46
0.0
 71
     5
 72
     1
  1
\A1;R1.0000
 73
     1
 44
1.0
  0
SOLID
  5
B93
330
B8D
100
AcDbEntity
  8
DIMENSION
 62
     0
100
AcDbTrace
 10
73.51368
 20
39.46027
 30
0.0
 11
74.102936
 21
40.049526
 31
0.0
 12
75.576075
 22
37.987131
 32
0.0
 13
75.576075
 23
37.987131
 33
0.0
  0
LINE
  5
B94
330
B8D
100
AcDbEntity
  8
DIMENSION
 62
     0
100
AcDbLine
 10
73.783182
 20
37.280025
 30
0.0
 11
78.783182
 21
37.280025
 31
0.0
  0
LINE
  5
B95
330
B8D
100
AcDbEntity
  8
DIMENSION
 62
     0
100
AcDbLine
 10
76.283182
 20
34.780025
 30
0.0
 11
76.283182
 21
39.780025
 31
0.0
  0
POINT
  5
B96
330
B8D
100
AcDbEntity
  8
Defpoints
 62
     0
100
AcDbPoint
 10
75.576075
 20
37.987131
 30
0.0
  0
POINT
  5
B97
330
B8D
100
AcDbEntity
  8
Defpoints
 62
     0
100
AcDbPoint
 10
76.283182
 20
37.280025
 30
0.0
  0
ENDBLK
  5
B8F
330
B8D
100
AcDbEntity
  8
0
100
AcDbBlockEnd
  0
ENDSEC
  0
SECTION
  2
ENTITIES
  0
LWPOLYLINE
  5
38F
330
1F
100
AcDbEntity
  8
0
  6
ByBlock
100
AcDbPolyline
 90
        8
 70
     1
 43
0.0
 10
-7.0
 20
6.0
 42
-0.414214
 10
-6.0
 20
7.0
 10
6.0
 20
7.0
 42
-0.414214
 10
7.0
 20
6.0
 10
7.0
 20
-6.0
 42
-0.414214
 10
6.0
 20
-7.0
 10
-6.0
 20
-7.0
 42
-0.414214
 10
-7.0
 20
-6.0
  0
LINE
  5
390
330
1F
100
AcDbEntity
  8
0
  6
ByBlock
 62
     6
100
AcDbLine
 10
-6.0
 20
-6.0
 30
0.0
 11
6.0
 21
6.0
 31
0.0
  0
LINE
  5
391
330
1F
100
AcDbEntity
  8
0
  6
ByBlock
 62
     6
100
AcDbLine
 10
-6.0
 20
6.0
 30
0.0
 11
6.0
 21
-6.0
 31
0.0
  0
LWPOLYLINE
  5
392
330
1F
100
AcDbEntity
  8
0
  6
ByBlock
 62
     4
100
AcDbPolyline
 90
        4
 70
     1
 43
0.0
 10
-9.525
 20
9.525
 10
9.525
 20
9.525
 10
9.525
 20
-9.525
 10
-9.525
 20
-9.525
  0
LINE
  5
393
330
1F
100
AcDbEntity
  8
0
  6
ByBlock
 62
     6
100
AcDbLine
 10
-9.525
 20
-9.525
 30
0.0
 11
9.525
 21
9.525
 31
0.0
  0
LINE
  5
394
330
1F
100
AcDbEntity
  8
0
  6
ByBlock
 62
     6
100
AcDbLine
 10
-9.525
 20
9.525
 30
0.0
 11
9.525
 21
-9.525
 31
0.0
  0
LWPOLYLINE
  5
3B6
330
1F
100
AcDbEntity
  8
0
  6
ByBlock
100
AcDbPolyline
 90
        8
 70
     1
 43
0.0
 10
12.05
 20
6.0
 42
-0.414214
 10
13.05
 20
7.0
 10
25.05
 20
7.0
 42
-0.414214
 10
26.05
 20
6.0
 10
26.05
 20
-6.0
 42
-0.414214
 10
25.05
 20
-7.0
 10
13.05
 20
-7.0
 42
-0.414214
 10
12.05
 20
-6.0
  0
LINE
  5
3B7
330
1F
100
AcDbEntity
  8
0
  6
ByBlock
 62
     6
100
AcDbLine
 10
13.05
 20
-6.0
 30
0.0
 11
25.05
 21
6.0
 31
0.0
  0
LINE
  5
3B8
330
1F
100
AcDbEntity
  8
0
  6
ByBlock
 62
     6
100
AcDbLine
 10
13.05
 20
6.0
 30
0.0
 11
25.05
 21
-6.0
 31
0.0
  0
LWPOLYLINE
  5
3B9
330
1F
100
AcDbEntity
  8
0
  6
ByBlock
 62
     4
100
AcDbPolyline
 90
        4
 70
     1
 43
0.0
 10
9.525
 20
9.525
 10
28.575
 20
9.525
 10
28.575
 20
-9.525
 10
9.525
 20
-9.525
  0
LINE
  5
3BA
330
1F
100
AcDbEntity
  8
0
  6
ByBlock
 62
     6
100
AcDbLine
 10
9.525
 20
-9.525
 30
0.0
 11
28.575
 21
9.525
 31
0.0
  0
LINE
  5
3BB
330
1F
100
AcDbEntity
  8
0
  6
ByBlock
 62
     6
100
AcDbLine
 10
9.525
 20
9.525
 30
0.0
 11
28.575
 21
-9.525
 31
0.0
  0
LWPOLYLINE
  5
3DD
330
1F
100
AcDbEntity
  8
0
  6
ByBlock
100
AcDbPolyline
 90
        8
 70
     1
 43
0.0
 10
31.1
 20
6.0
 42
-0.414214
 10
32.1
 20
7.0
 10
44.1
 20
7.0
 42
-0.414214
 10
45.1
 20
6.0
 10
45.1
 20
-6.0
 42
-0.414214
 10
44.1
 20
-7.0
 10
32.1
 20
-7.0
 42
-0.414214
 10
31.1
 20
-6.0
  0
LINE
  5
3DE
330
1F
100
AcDbEntity
  8
0
  6
ByBlock
 62
     6
100
AcDbLine
 10
32.1
 20
-6.0
 30
0.0
 11
44.1
 21
6.0
 31
0.0
  0
LINE
  5
3DF
330
1F
100
AcDbEntity
  8
0
  6
ByBlock
 62
     6
100
AcDbLine
 10
32.1
 20
6.0
 30
0.0
 11
44.1
 21
-6.0
 31
0.0
  0
LWPOLYLINE
  5
3E0
330
1F
100
AcDbEntity
  8
0
  6
ByBlock
 62
     4
100
AcDbPolyline
 90
        4
 70
     1
 43
0.0
 10
28.575
 20
9.525
 10
47.625
 20
9.525
 10
47.625
 20
-9.525
 10
28.575
 20
-9.525
  0
LINE
  5
3E1
330
1F
100
AcDbEntity
  8
0
  6
ByBlock
 62
     6
100
AcDbLine
 10
28.575
 20
-9.525
 30
0.0
 11
47.625
 21
9.525
 31
0.0
  0
LINE
  5
3E2
330
1F
100
AcDbEntity
  8
0
  6
ByBlock
 62
     6
100
AcDbLine
 10
28.575
 20
9.525
 30
0.0
 11
47.625
 21
-9.525
 31
0.0
  0
LWPOLYLINE
  5
404
330
1F
100
AcDbEntity
  8
0
  6
ByBlock
100
AcDbPolyline
 90
        8
 70
     1
 43
0.0
 10
50.15
 20
6.0
 42
-0.414214
 10
51.15
 20
7.0
 10
63.15
 20
7.0
 42
-0.414214
 10
64.15
 20
6.0
 10
64.15
 20
-6.0
 42
-0.414214
 10
63.15
 20
-7.0
 10
51.15
 20
-7.0
 42
-0.414214
 10
50.15
 20
-6.0
  0
LINE
  5
405
330
1F
100
AcDbEntity
  8
0
  6
ByBlock
 62
     6
100
AcDbLine
 10
51.15
 20
-6.0
 30
0.0
 11
63.15
 21
6.0
 31
0.0
  0
LINE
  5
406
330
1F
100
AcDbEntity
  8
0
  6
ByBlock
 62
     6
100
AcDbLine
 10
51.15
 20
6.0
 30
0.0
 11
63.15
 21
-6.0
 31
0.0
  0
LWPOLYLINE
  5
407
330
1F
100
AcDbEntity
  8
0
  6
ByBlock
 62
     4
100
AcDbPolyline
 90
        4
 70
     1
 43
0.0
 10
47.625
 20
9.525
 10
66.675
 20
9.525
 10
66.675
 20
-9.525
 10
47.625
 20
-9.525
  0
LINE
  5
408
330
1F
100
AcDbEntity
  8
0
  6
ByBlock
 62
     6
100
AcDbLine
 10
47.625
 20
-9.525
 30
0.0
 11
66.675
 21
9.525
 31
0.0
  0
LINE
  5
409
330
1F
100
AcDbEntity
  8
0
  6
ByBlock
 62
     6
100
AcDbLine
 10
47.625
 20
9.525
 30
0.0
 11
66.675
 21
-9.525
 31
0.0
  0
LWPOLYLINE
  5
42B
330
1F
100
AcDbEntity
  8
0
  6
ByBlock
100
AcDbPolyline
 90
        8
 70
     1
 43
0.0
 10
69.2
 20
6.0
 42
-0.414214
 10
70.2
 20
7.0
 10
82.2
 20
7.0
 42
-0.414214
 10
83.2
 20
6.0
 10
83.2
 20
-6.0
 42
-0.414214
 10
82.2
 20
-7.0
 10
70.2
 20
-7.0
 42
-0.414214
 10
69.2
 20
-6.0
  0
LINE
  5
42C
330
1F
100
AcDbEntity
  8
0
  6
ByBlock
 62
     6
100
AcDbLine
 10
70.2
 20
-6.0
 30
0.0
 11
82.2
 21
6.0
 31
0.0
  0
LINE
  5
42D
330
1F
100
AcDbEntity
  8
0
  6
ByBlock
 62
     6
100
AcDbLine
 10
70.2
 20
6.0
 30
0.0
 11
82.2
 21
-6.0
 31
0.0
  0
LWPOLYLINE
  5
42E
330
1F
100
AcDbEntity
  8
0
  6
ByBlock
 62
     4
100
AcDbPolyline
 90
        4
 70
     1
 43
0.0
 10
66.675
 20
9.525
 10
85.725
 20
9.525
 10
85.725
 20
-9.525
 10
66.675
 20
-9.525
  0
LINE
  5
42F
330
1F
100
AcDbEntity
  8
0
  6
ByBlock
 62
     6
100
AcDbLine
 10
66.675
 20
-9.525
 30
0.0
 11
85.725
 21
9.525
 31
0.0
  0
LINE
  5
430
330
1F
100
AcDbEntity
  8
0
  6
ByBlock
 62
     6
100
AcDbLine
 10
66.675
 20
9.525
 30
0.0
 11
85.725
 21
-9.525
 31
0.0
  0
LWPOLYLINE
  5
431
330
1F
100
AcDbEntity
  8
0
  6
ByBlock
100
AcDbPolyline
 90
        8
 70
     1
 43
0.0
 10
88.25
 20
6.0
 42
-0.414214
 10
89.25
 20
7.0
 10
101.25
 20
7.0
 42
-0.414214
 10
102.25
 20
6.0
 10
102.25
 20
-6.0
 42
-0.414214
 10
101.25
 20
-7.0
 10
89.25
 20
-7.0
 42
-0.414214
 10
88.25
 20
-6.0
  0
LINE
  5
432
330
1F
100
AcDbEntity
  8
0
  6
ByBlock
 62
     6
100
AcDbLine
 10
89.25
 20
-6.0
 30
0.0
 11
101.25
 21
6.0
 31
0.0
  0
LINE
  5
433
330
1F
100
AcDbEntity
  8
0
  6
ByBlock
 62
     6
100
AcDbLine
 10
89.25
 20
6.0
 30
0.0
 11
101.25
 21
-6.0
 31
0.0
  0
LWPOLYLINE
  5
434
330
1F
100
AcDbEntity
  8
0
  6
ByBlock
 62
     4
100
AcDbPolyline
 90
        4
 70
     1
 43
0.0
 10
85.725
 20
9.525
 10
104.775
 20
9.525
 10
104.775
 20
-9.525
 10
85.725
 20
-9.525
  0
LINE
  5
435
330
1F
100
AcDbEntity
  8
0
  6
ByBlock
 62
     6
100
AcDbLine
 10
85.725
 20
-9.525
 30
0.0
 11
104.775
 21
9.525
 31
0.0
  0
LINE
  5
436
330
1F
100
AcDbEntity
  8
0
  6
ByBlock
 62
     6
100
AcDbLine
 10
85.725
 20
9.525
 30
0.0
 11
104.775
 21
-9.525
 31
0.0
  0
LWPOLYLINE
  5
437
330
1F
100
AcDbEntity
  8
0
  6
ByBlock
100
AcDbPolyline
 90
        8
 70
     1
 43
0.0
 10
107.3
 20
6.0
 42
-0.414214
 10
108.3
 20
7.0
 10
120.3
 20
7.0
 42
-0.414214
 10
121.3
 20
6.0
 10
121.3
 20
-6.0
 42
-0.414214
 10
120.3
 20
-7.0
 10
108.3
 20
-7.0
 42
-0.414214
 10
107.3
 20
-6.0
  0
LINE
  5
438
330
1F
100
AcDbEntity
  8
0
  6
ByBlock
 62
     6
100
AcDbLine
 10
108.3
 20
-6.0
 30
0.0
 11
120.3
 21
6.0
 31
0.0
  0
LINE
  5
439
330
1F
100
AcDbEntity
  8
0
  6
ByBlock
 62
     6
100
AcDbLine
 10
108.3
 20
6.0
 30
0.0
 11
120.3
 21
-6.0
 31
0.0
  0
LWPOLYLINE
  5
43A
330
1F
100
AcDbEntity
  8
0
  6
ByBlock
 62
     4
100
AcDbPolyline
 90
        4
 70
     1
 43
0.0
 10
104.775
 20
9.525
 10
123.825
 20
9.525
 10
123.825
 20
-9.525
 10
104.775
 20
-9.525
  0
LINE
  5
43B
330
1F
100
AcDbEntity
  8
0
  6
ByBlock
 62
     6
100
AcDbLine
 10
104.775
 20
-9.525
 30
0.0
 11
123.825
 21
9.525
 31
0.0
  0
LINE
  5
43C
330
1F
100
AcDbEntity
  8
0
  6
ByBlock
 62
     6
100
AcDbLine
 10
104.775
 20
9.525
 30
0.0
 11
123.825
 21
-9.525
 31
0.0
  0
LWPOLYLINE
  5
43D
330
1F
100
AcDbEntity
  8
0
  6
ByBlock
100
AcDbPolyline
 90
        8
 70
     1
 43
0.0
 10
126.35
 20
6.0
 42
-0.414214
 10
127.35
 20
7.0
 10
139.35
 20
7.0
 42
-0.414214
 10
140.35
 20
6.0
 10
140.35
 20
-6.0
 42
-0.414214
 10
139.35
 20
-7.0
 10
127.35
 20
-7.0
 42
-0.414214
 10
126.35
 20
-6.0
  0
LINE
  5
43E
330
1F
100
AcDbEntity
  8
0
  6
ByBlock
 62
     6
100
AcDbLine
 10
127.35
 20
-6.0
 30
0.0
 11
139.35
 21
6.0
 31
0.0
  0
LINE
  5
43F
330
1F
100
AcDbEntity
  8
0
  6
ByBlock
 62
     6
100
AcDbLine
 10
127.35
 20
6.0
 30
0.0
 11
139.35
 21
-6.0
 31
0.0
  0
LWPOLYLINE
  5
440
330
1F
100
AcDbEntity
  8
0
  6
ByBlock
 62
     4
100
AcDbPolyline
 90
        4
 70
     1
 43
0.0
 10
123.825
 20
9.525
 10
142.875
 20
9.525
 10
142.875
 20
-9.525
 10
123.825
 20
-9.525
  0
LINE
  5
441
330
1F
100
AcDbEntity
  8
0
  6
ByBlock
 62
     6
100
AcDbLine
 10
123.825
 20
-9.525
 30
0.0
 11
142.875
 21
9.525
 31
0.0
  0
LINE
  5
442
330
1F
100
AcDbEntity
  8
0
  6
ByBlock
 62
     6
100
AcDbLine
 10
123.825
 20
9.525
 30
0.0
 11
142.875
 21
-9.525
 31
0.0
  0
LWPOLYLINE
  5
464
330
1F
100
AcDbEntity
  8
0
  6
ByBlock
100
AcDbPolyline
 90
        8
 70
     1
 43
0.0
 10
145.4
 20
6.0
 42
-0.414214
 10
146.4
 20
7.0
 10
158.4
 20
7.0
 42
-0.414214
 10
159.4
 20
6.0
 10
159.4
 20
-6.0
 42
-0.414214
 10
158.4
 20
-7.0
 10
146.4
 20
-7.0
 42
-0.414214
 10
145.4
 20
-6.0
  0
LINE
  5
465
330
1F
100
AcDbEntity
  8
0
  6
ByBlock
 62
     6
100
AcDbLine
 10
146.4
 20
-6.0
 30
0.0
 11
158.4
 21
6.0
 31
0.0
  0
LINE
  5
466
330
1F
100
AcDbEntity
  8
0
  6
ByBlock
 62
     6
100
AcDbLine
 10
146.4
 20
6.0
 30
0.0
 11
158.4
 21
-6.0
 31
0.0
  0
LWPOLYLINE
  5
467
330
1F
100
AcDbEntity
  8
0
  6
ByBlock
 62
     4
100
AcDbPolyline
 90
        4
 70
     1
 43
0.0
 10
142.875
 20
9.525
 10
161.925
 20
9.525
 10
161.925
 20
-9.525
 10
142.875
 20
-9.525
  0
LINE
  5
468
330
1F
100
AcDbEntity
  8
0
  6
ByBlock
 62
     6
100
AcDbLine
 10
142.875
 20
-9.525
 30
0.0
 11
161.925
 21
9.525
 31
0.0
  0
LINE
  5
469
330
1F
100
AcDbEntity
  8
0
  6
ByBlock
 62
     6
100
AcDbLine
 10
142.875
 20
9.525
 30
0.0
 11
161.925
 21
-9.525
 31
0.0
  0
LWPOLYLINE
  5
46A
330
1F
100
AcDbEntity
  8
0
  6
ByBlock
100
AcDbPolyline
 90
        8
 70
     1
 43
0.0
 10
164.45
 20
6.0
 42
-0.414214
 10
165.45
 20
7.0
 10
177.45
 20
7.0
 42
-0.414214
 10
178.45
 20
6.0
 10
178.45
 20
-6.0
 42
-0.414214
 10
177.45
 20
-7.0
 10
165.45
 20
-7.0
 42
-0.414214
 10
164.45
 20
-6.0
  0
LINE
  5
46B
330
1F
100
AcDbEntity
  8
0
  6
ByBlock
 62
     6
100
AcDbLine
 10
165.45
 20
-6.0
 30
0.0
 11
177.45
 21
6.0
 31
0.0
  0
LINE
  5
46C
330
1F
100
AcDbEntity
  8
0
  6
ByBlock
 62
     6
100
AcDbLine
 10
165.45
 20
6.0
 30
0.0
 11
177.45
 21
-6.0
 31
0.0
  0
LWPOLYLINE
  5
46D
330
1F
100
AcDbEntity
  8
0
  6
ByBlock
 62
     4
100
AcDbPolyline
 90
        4
 70
     1
 43
0.0
 10
161.925
 20
9.525
 10
180.975
 20
9.525
 10
180.975
 20
-9.525
 10
161.925
 20
-9.525
  0
LINE
  5
46E
330
1F
100
AcDbEntity
  8
0
  6
ByBlock
 62
     6
100
AcDbLine
 10
161.925
 20
-9.525
 30
0.0
 11
180.975
 21
9.525
 31
0.0
  0
LINE
  5
46F
330
1F
100
AcDbEntity
  8
0
  6
ByBlock
 62
     6
100
AcDbLine
 10
161.925
 20
9.525
 30
0.0
 11
180.975
 21
-9.525
 31
0.0
  0
LWPOLYLINE
  5
470
330
1F
100
AcDbEntity
  8
0
  6
ByBlock
100
AcDbPolyline
 90
        8
 70
     1
 43
0.0
 10
183.5
 20
6.0
 42
-0.414214
 10
184.5
 20
7.0
 10
196.5
 20
7.0
 42
-0.414214
 10
197.5
 20
6.0
 10
197.5
 20
-6.0
 42
-0.414214
 10
196.5
 20
-7.0
 10
184.5
 20
-7.0
 42
-0.414214
 10
183.5
 20
-6.0
  0
LINE
  5
471
330
1F
100
AcDbEntity
  8
0
  6
ByBlock
 62
     6
100
AcDbLine
 10
184.5
 20
-6.0
 30
0.0
 11
196.5
 21
6.0
 31
0.0
  0
LINE
  5
472
330
1F
100
AcDbEntity
  8
0
  6
ByBlock
 62
     6
100
AcDbLine
 10
184.5
 20
6.0
 30
0.0
 11
196.5
 21
-6.0
 31
0.0
  0
LWPOLYLINE
  5
473
330
1F
100
AcDbEntity
  8
0
  6
ByBlock
 62
     4
100
AcDbPolyline
 90
        4
 70
     1
 43
0.0
 10
180.975
 20
9.525
 10
200.025
 20
9.525
 10
200.025
 20
-9.525
 10
180.975
 20
-9.525
  0
LINE
  5
474
330
1F
100
AcDbEntity
  8
0
  6
ByBlock
 62
     6
100
AcDbLine
 10
180.975
 20
-9.525
 30
0.0
 11
200.025
 21
9.525
 31
0.0
  0
LINE
  5
475
330
1F
100
AcDbEntity
  8
0
  6
ByBlock
 62
     6
100
AcDbLine
 10
180.975
 20
9.525
 30
0.0
 11
200.025
 21
-9.525
 31
0.0
  0
LWPOLYLINE
  5
483
330
1F
100
AcDbEntity
  8
0
  6
ByBlock
100
AcDbPolyline
 90
        8
 70
     1
 43
0.0
 10
-7.0
 20
-13.05
 42
-0.414214
 10
-6.0
 20
-12.05
 10
6.0
 20
-12.05
 42
-0.414214
 10
7.0
 20
-13.05
 10
7.0
 20
-25.05
 42
-0.414214
 10
6.0
 20
-26.05
 10
-6.0
 20
-26.05
 42
-0.414214
 10
-7.0
 20
-25.05
  0
LINE
  5
484
330
1F
100
AcDbEntity
  8
0
  6
ByBlock
 62
     6
100
AcDbLine
 10
-6.0
 20
-25.05
 30
0.0
 11
6.0
 21
-13.05
 31
0.0
  0
LINE
  5
485
330
1F
100
AcDbEntity
  8
0
  6
ByBlock
 62
     6
100
AcDbLine
 10
-6.0
 20
-13.05
 30
0.0
 11
6.0
 21
-25.05
 31
0.0
  0
LWPOLYLINE
  5
486
330
1F
100
AcDbEntity
  8
0
  6
ByBlock
 62
     4
100
AcDbPolyline
 90
        4
 70
     1
 43
0.0
 10
-9.525
 20
-9.525
 10
9.525
 20
-9.525
 10
9.525
 20
-28.575
 10
-9.525
 20
-28.575
  0
LINE
  5
487
330
1F
100
AcDbEntity
  8
0
  6
ByBlock
 62
     6
100
AcDbLine
 10
-9.525
 20
-28.575
 30
0.0
 11
9.525
 21
-9.525
 31
0.0
  0
LINE
  5
488
330
1F
100
AcDbEntity
  8
0
  6
ByBlock
 62
     6
100
AcDbLine
 10
-9.525
 20
-9.525
 30
0.0
 11
9.525
 21
-28.575
 31
0.0
  0
LWPOLYLINE
  5
489
330
1F
100
AcDbEntity
  8
0
  6
ByBlock
100
AcDbPolyline
 90
        8
 70
     1
 43
0.0
 10
12.05
 20
-13.05
 42
-0.414214
 10
13.05
 20
-12.05
 10
25.05
 20
-12.05
 42
-0.414214
 10
26.05
 20
-13.05
 10
26.05
 20
-25.05
 42
-0.414214
 10
25.05
 20
-26.05
 10
13.05
 20
-26.05
 42
-0.414214
 10
12.05
 20
-25.05
  0
LINE
  5
48A
330
1F
100
AcDbEntity
  8
0
  6
ByBlock
 62
     6
100
AcDbLine
 10
13.05
 20
-25.05
 30
0.0
 11
25.05
 21
-13.05
 31
0.0
  0
LINE
  5
48B
330
1F
100
AcDbEntity
  8
0
  6
ByBlock
 62
     6
100
AcDbLine
 10
13.05
 20
-13.05
 30
0.0
 11
25.05
 21
-25.05
 31
0.0
  0
LWPOLYLINE
  5
48C
330
1F
100
AcDbEntity
  8
0
  6
ByBlock
 62
     4
100
AcDbPolyline
 90
        4
 70
     1
 43
0.0
 10
9.525
 20
-9.525
 10
28.575
 20
-9.525
 10
28.575
 20
-28.575
 10
9.525
 20
-28.575
  0
LINE
  5
48D
330
1F
100
AcDbEntity
  8
0
  6
ByBlock
 62
     6
100
AcDbLine
 10
9.525
 20
-28.575
 30
0.0
 11
28.575
 21
-9.525
 31
0.0
  0
LINE
  5
48E
330
1F
100
AcDbEntity
  8
0
  6
ByBlock
 62
     6
100
AcDbLine
 10
9.525
 20
-9.525
 30
0.0
 11
28.575
 21
-28.575
 31
0.0
  0
LWPOLYLINE
  5
48F
330
1F
100
AcDbEntity
  8
0
  6
ByBlock
100
AcDbPolyline
 90
        8
 70
     1
 43
0.0
 10
31.1
 20
-13.05
 42
-0.414214
 10
32.1
 20
-12.05
 10
44.1
 20
-12.05
 42
-0.414214
 10
45.1
 20
-13.05
 10
45.1
 20
-25.05
 42
-0.414214
 10
44.1
 20
-26.05
 10
32.1
 20
-26.05
 42
-0.414214
 10
31.1
 20
-25.05
  0
LINE
  5
490
330
1F
100
AcDbEntity
  8
0
  6
ByBlock
 62
     6
100
AcDbLine
 10
32.1
 20
-25.05
 30
0.0
 11
44.1
 21
-13.05
 31
0.0
  0
LINE
  5
491
330
1F
100
AcDbEntity
  8
0
  6
ByBlock
 62
     6
100
AcDbLine
 10
32.1
 20
-13.05
 30
0.0
 11
44.1
 21
-25.05
 31
0.0
  0
LWPOLYLINE
  5
492
330
1F
100
AcDbEntity
  8
0
  6
ByBlock
 62
     4
100
AcDbPolyline
 90
        4
 70
     1
 43
0.0
 10
28.575
 20
-9.525
 10
47.625
 20
-9.525
 10
47.625
 20
-28.575
 10
28.575
 20
-28.575
  0
LINE
  5
493
330
1F
100
AcDbEntity
  8
0
  6
ByBlock
 62
     6
100
AcDbLine
 10
28.575
 20
-28.575
 30
0.0
 11
47.625
 21
-9.525
 31
0.0
  0
LINE
  5
494
330
1F
100
AcDbEntity
  8
0
  6
ByBlock
 62
     6
100
AcDbLine
 10
28.575
 20
-9.525
 30
0.0
 11
47.625
 21
-28.575
 31
0.0
  0
LWPOLYLINE
  5
495
330
1F
100
AcDbEntity
  8
0
  6
ByBlock
100
AcDbPolyline
 90
        8
 70
     1
 43
0.0
 10
50.15
 20
-13.05
 42
-0.414214
 10
51.15
 20
-12.05
 10
63.15
 20
-12.05
 42
-0.414214
 10
64.15
 20
-13.05
 10
64.15
 20
-25.05
 42
-0.414214
 10
63.15
 20
-26.05
 10
51.15
 20
-26.05
 42
-0.414214
 10
50.15
 20
-25.05
  0
LINE
  5
496
330
1F
100
AcDbEntity
  8
0
  6
ByBlock
 62
     6
100
AcDbLine
 10
51.15
 20
-25.05
 30
0.0
 11
63.15
 21
-13.05
 31
0.0
  0
LINE
  5
497
330
1F
100
AcDbEntity
  8
0
  6
ByBlock
 62
     6
100
AcDbLine
 10
51.15
 20
-13.05
 30
0.0
 11
63.15
 21
-25.05
 31
0.0
  0
LWPOLYLINE
  5
498
330
1F
100
AcDbEntity
  8
0
  6
ByBlock
 62
     4
100
AcDbPolyline
 90
        4
 70
     1
 43
0.0
 10
47.625
 20
-9.525
 10
66.675
 20
-9.525
 10
66.675
 20
-28.575
 10
47.625
 20
-28.575
  0
LINE
  5
499
330
1F
100
AcDbEntity
  8
0
  6
ByBlock
 62
     6
100
AcDbLine
 10
47.625
 20
-28.575
 30
0.0
 11
66.675
 21
-9.525
 31
0.0
  0
LINE
  5
49A
330
1F
100
AcDbEntity
  8
0
  6
ByBlock
 62
     6
100
AcDbLine
 10
47.625
 20
-9.525
 30
0.0
 11
66.675
 21
-28.575
 31
0.0
  0
LWPOLYLINE
  5
49B
330
1F
100
AcDbEntity
  8
0
  6
ByBlock
100
AcDbPolyline
 90
        8
 70
     1
 43
0.0
 10
69.2
 20
-13.05
 42
-0.414214
 10
70.2
 20
-12.05
 10
82.2
 20
-12.05
 42
-0.414214
 10
83.2
 20
-13.05
 10
83.2
 20
-25.05
 42
-0.414214
 10
82.2
 20
-26.05
 10
70.2
 20
-26.05
 42
-0.414214
 10
69.2
 20
-25.05
  0
LINE
  5
49C
330
1F
100
AcDbEntity
  8
0
  6
ByBlock
 62
     6
100
AcDbLine
 10
70.2
 20
-25.05
 30
0.0
 11
82.2
 21
-13.05
 31
0.0
  0
LINE
  5
49D
330
1F
100
AcDbEntity
  8
0
  6
ByBlock
 62
     6
100
AcDbLine
 10
70.2
 20
-13.05
 30
0.0
 11
82.2
 21
-25.05
 31
0.0
  0
LWPOLYLINE
  5
49E
330
1F
100
AcDbEntity
  8
0
  6
ByBlock
 62
     4
100
AcDbPolyline
 90
        4
 70
     1
 43
0.0
 10
66.675
 20
-9.525
 10
85.725
 20
-9.525
 10
85.725
 20
-28.575
 10
66.675
 20
-28.575
  0
LINE
  5
49F
330
1F
100
AcDbEntity
  8
0
  6
ByBlock
 62
     6
100
AcDbLine
 10
66.675
 20
-28.575
 30
0.0
 11
85.725
 21
-9.525
 31
0.0
  0
LINE
  5
4A0
330
1F
100
AcDbEntity
  8
0
  6
ByBlock
 62
     6
100
AcDbLine
 10
66.675
 20
-9.525
 30
0.0
 11
85.725
 21
-28.575
 31
0.0
  0
LWPOLYLINE
  5
4A1
330
1F
100
AcDbEntity
  8
0
  6
ByBlock
100
AcDbPolyline
 90
        8
 70
     1
 43
0.0
 10
88.25
 20
-13.05
 42
-0.414214
 10
89.25
 20
-12.05
 10
101.25
 20
-12.05
 42
-0.414214
 10
102.25
 20
-13.05
 10
102.25
 20
-25.05
 42
-0.414214
 10
101.25
 20
-26.05
 10
89.25
 20
-26.05
 42
-0.414214
 10
88.25
 20
-25.05
  0
LINE
  5
4A2
330
1F
100
AcDbEntity
  8
0
  6
ByBlock
 62
     6
100
AcDbLine
 10
89.25
 20
-25.05
 30
0.0
 11
101.25
 21
-13.05
 31
0.0
  0
LINE
  5
4A3
330
1F
100
AcDbEntity
  8
0
  6
ByBlock
 62
     6
100
AcDbLine
 10
89.25
 20
-13.05
 30
0.0
 11
101.25
 21
-25.05
 31
0.0
  0
LWPOLYLINE
  5
4A4
330
1F
100
AcDbEntity
  8
0
  6
ByBlock
 62
     4
100
AcDbPolyline
 90
        4
 70
     1
 43
0.0
 10
85.725
 20
-9.525
 10
104.775
 20
-9.525
 10
104.775
 20
-28.575
 10
85.725
 20
-28.575
  0
LINE
  5
4A5
330
1F
100
AcDbEntity
  8
0
  6
ByBlock
 62
     6
100
AcDbLine
 10
85.725
 20
-28.575
 30
0.0
 11
104.775
 21
-9.525
 31
0.0
  0
LINE
  5
4A6
330
1F
100
AcDbEntity
  8
0
  6
ByBlock
 62
     6
100
AcDbLine
 10
85.725
 20
-9.525
 30
0.0
 11
104.775
 21
-28.575
 31
0.0
  0
LWPOLYLINE
  5
4A7
330
1F
100
AcDbEntity
  8
0
  6
ByBlock
100
AcDbPolyline
 90
        8
 70
     1
 43
0.0
 10
107.3
 20
-13.05
 42
-0.414214
 10
108.3
 20
-12.05
 10
120.3
 20
-12.05
 42
-0.414214
 10
121.3
 20
-13.05
 10
121.3
 20
-25.05
 42
-0.414214
 10
120.3
 20
-26.05
 10
108.3
 20
-26.05
 42
-0.414214
 10
107.3
 20
-25.05
  0
LINE
  5
4A8
330
1F
100
AcDbEntity
  8
0
  6
ByBlock
 62
     6
100
AcDbLine
 10
108.3
 20
-25.05
 30
0.0
 11
120.3
 21
-13.05
 31
0.0
  0
LINE
  5
4A9
330
1F
100
AcDbEntity
  8
0
  6
ByBlock
 62
     6
100
AcDbLine
 10
108.3
 20
-13.05
 30
0.0
 11
120.3
 21
-25.05
 31
0.0
  0
LWPOLYLINE
  5
4AA
330
1F
100
AcDbEntity
  8
0
  6
ByBlock
 62
     4
100
AcDbPolyline
 90
        4
 70
     1
 43
0.0
 10
104.775
 20
-9.525
 10
123.825
 20
-9.525
 10
123.825
 20
-28.575
 10
104.775
 20
-28.575
  0
LINE
  5
4AB
330
1F
100
AcDbEntity
  8
0
  6
ByBlock
 62
     6
100
AcDbLine
 10
104.775
 20
-28.575
 30
0.0
 11
123.825
 21
-9.525
 31
0.0
  0
LINE
  5
4AC
330
1F
100
AcDbEntity
  8
0
  6
ByBlock
 62
     6
100
AcDbLine
 10
104.775
 20
-9.525
 30
0.0
 11
123.825
 21
-28.575
 31
0.0
  0
LWPOLYLINE
  5
4AD
330
1F
100
AcDbEntity
  8
0
  6
ByBlock
100
AcDbPolyline
 90
        8
 70
     1
 43
0.0
 10
126.35
 20
-13.05
 42
-0.414214
 10
127.35
 20
-12.05
 10
139.35
 20
-12.05
 42
-0.414214
 10
140.35
 20
-13.05
 10
140.35
 20
-25.05
 42
-0.414214
 10
139.35
 20
-26.05
 10
127.35
 20
-26.05
 42
-0.414214
 10
126.35
 20
-25.05
  0
LINE
  5
4AE
330
1F
100
AcDbEntity
  8
0
  6
ByBlock
 62
     6
100
AcDbLine
 10
127.35
 20
-25.05
 30
0.0
 11
139.35
 21
-13.05
 31
0.0
  0
LINE
  5
4AF
330
1F
100
AcDbEntity
  8
0
  6
ByBlock
 62
     6
100
AcDbLine
 10
127.35
 20
-13.05
 30
0.0
 11
139.35
 21
-25.05
 31
0.0
  0
LWPOLYLINE
  5
4B0
330
1F
100
AcDbEntity
  8
0
  6
ByBlock
 62
     4
100
AcDbPolyline
 90
        4
 70
     1
 43
0.0
 10
123.825
 20
-9.525
 10
142.875
 20
-9.525
 10
142.875
 20
-28.575
 10
123.825
 20
-28.575
  0
LINE
  5
4B1
330
1F
100
AcDbEntity
  8
0
  6
ByBlock
 62
     6
100
AcDbLine
 10
123.825
 20
-28.575
 30
0.0
 11
142.875
 21
-9.525
 31
0.0
  0
LINE
  5
4B2
330
1F
100
AcDbEntity
  8
0
  6
ByBlock
 62
     6
100
AcDbLine
 10
123.825
 20
-9.525
 30
0.0
 11
142.875
 21
-28.575
 31
0.0
  0
LWPOLYLINE
  5
4B3
330
1F
100
AcDbEntity
  8
0
  6
ByBlock
100
AcDbPolyline
 90
        8
 70
     1
 43
0.0
 10
145.4
 20
-13.05
 42
-0.414214
 10
146.4
 20
-12.05
 10
158.4
 20
-12.05
 42
-0.414214
 10
159.4
 20
-13.05
 10
159.4
 20
-25.05
 42
-0.414214
 10
158.4
 20
-26.05
 10
146.4
 20
-26.05
 42
-0.414214
 10
145.4
 20
-25.05
  0
LINE
  5
4B4
330
1F
100
AcDbEntity
  8
0
  6
ByBlock
 62
     6
100
AcDbLine
 10
146.4
 20
-25.05
 30
0.0
 11
158.4
 21
-13.05
 31
0.0
  0
LINE
  5
4B5
330
1F
100
AcDbEntity
  8
0
  6
ByBlock
 62
     6
100
AcDbLine
 10
146.4
 20
-13.05
 30
0.0
 11
158.4
 21
-25.05
 31
0.0
  0
LWPOLYLINE
  5
4B6
330
1F
100
AcDbEntity
  8
0
  6
ByBlock
 62
     4
100
AcDbPolyline
 90
        4
 70
     1
 43
0.0
 10
142.875
 20
-9.525
 10
161.925
 20
-9.525
 10
161.925
 20
-28.575
 10
142.875
 20
-28.575
  0
LINE
  5
4B7
330
1F
100
AcDbEntity
  8
0
  6
ByBlock
 62
     6
100
AcDbLine
 10
142.875
 20
-28.575
 30
0.0
 11
161.925
 21
-9.525
 31
0.0
  0
LINE
  5
4B8
330
1F
100
AcDbEntity
  8
0
  6
ByBlock
 62
     6
100
AcDbLine
 10
142.875
 20
-9.525
 30
0.0
 11
161.925
 21
-28.575
 31
0.0
  0
LWPOLYLINE
  5
4B9
330
1F
100
AcDbEntity
  8
0
  6
ByBlock
100
AcDbPolyline
 90
        8
 70
     1
 43
0.0
 10
164.45
 20
-13.05
 42
-0.414214
 10
165.45
 20
-12.05
 10
177.45
 20
-12.05
 42
-0.414214
 10
178.45
 20
-13.05
 10
178.45
 20
-25.05
 42
-0.414214
 10
177.45
 20
-26.05
 10
165.45
 20
-26.05
 42
-0.414214
 10
164.45
 20
-25.05
  0
LINE
  5
4BA
330
1F
100
AcDbEntity
  8
0
  6
ByBlock
 62
     6
100
AcDbLine
 10
165.45
 20
-25.05
 30
0.0
 11
177.45
 21
-13.05
 31
0.0
  0
LINE
  5
4BB
330
1F
100
AcDbEntity
  8
0
  6
ByBlock
 62
     6
100
AcDbLine
 10
165.45
 20
-13.05
 30
0.0
 11
177.45
 21
-25.05
 31
0.0
  0
LWPOLYLINE
  5
4BC
330
1F
100
AcDbEntity
  8
0
  6
ByBlock
 62
     4
100
AcDbPolyline
 90
        4
 70
     1
 43
0.0
 10
161.925
 20
-9.525
 10
180.975
 20
-9.525
 10
180.975
 20
-28.575
 10
161.925
 20
-28.575
  0
LINE
  5
4BD
330
1F
100
AcDbEntity
  8
0
  6
ByBlock
 62
     6
100
AcDbLine
 10
161.925
 20
-28.575
 30
0.0
 11
180.975
 21
-9.525
 31
0.0
  0
LINE
  5
4BE
330
1F
100
AcDbEntity
  8
0
  6
ByBlock
 62
     6
100
AcDbLine
 10
161.925
 20
-9.525
 30
0.0
 11
180.975
 21
-28.575
 31
0.0
  0
LWPOLYLINE
  5
4BF
330
1F
100
AcDbEntity
  8
0
  6
ByBlock
100
AcDbPolyline
 90
        8
 70
     1
 43
0.0
 10
183.5
 20
-13.05
 42
-0.414214
 10
184.5
 20
-12.05
 10
196.5
 20
-12.05
 42
-0.414214
 10
197.5
 20
-13.05
 10
197.5
 20
-25.05
 42
-0.414214
 10
196.5
 20
-26.05
 10
184.5
 20
-26.05
 42
-0.414214
 10
183.5
 20
-25.05
  0
LINE
  5
4C0
330
1F
100
AcDbEntity
  8
0
  6
ByBlock
 62
     6
100
AcDbLine
 10
184.5
 20
-25.05
 30
0.0
 11
196.5
 21
-13.05
 31
0.0
  0
LINE
  5
4C1
330
1F
100
AcDbEntity
  8
0
  6
ByBlock
 62
     6
100
AcDbLine
 10
184.5
 20
-13.05
 30
0.0
 11
196.5
 21
-25.05
 31
0.0
  0
LWPOLYLINE
  5
4C2
330
1F
100
AcDbEntity
  8
0
  6
ByBlock
 62
     4
100
AcDbPolyline
 90
        4
 70
     1
 43
0.0
 10
180.975
 20
-9.525
 10
200.025
 20
-9.525
 10
200.025
 20
-28.575
 10
180.975
 20
-28.575
  0
LINE
  5
4C3
330
1F
100
AcDbEntity
  8
0
  6
ByBlock
 62
     6
100
AcDbLine
 10
180.975
 20
-28.575
 30
0.0
 11
200.025
 21
-9.525
 31
0.0
  0
LINE
  5
4C4
330
1F
100
AcDbEntity
  8
0
  6
ByBlock
 62
     6
100
AcDbLine
 10
180.975
 20
-9.525
 30
0.0
 11
200.025
 21
-28.575
 31
0.0
  0
LWPOLYLINE
  5
4C5
330
1F
100
AcDbEntity
  8
0
  6
ByBlock
100
AcDbPolyline
 90
        8
 70
     1
 43
0.0
 10
202.55
 20
-13.05
 42
-0.414214
 10
203.55
 20
-12.05
 10
215.55
 20
-12.05
 42
-0.414214
 10
216.55
 20
-13.05
 10
216.55
 20
-25.05
 42
-0.414214
 10
215.55
 20
-26.05
 10
203.55
 20
-26.05
 42
-0.414214
 10
202.55
 20
-25.05
  0
LINE
  5
4C6
330
1F
100
AcDbEntity
  8
0
  6
ByBlock
 62
     6
100
AcDbLine
 10
203.55
 20
-25.05
 30
0.0
 11
215.55
 21
-13.05
 31
0.0
  0
LINE
  5
4C7
330
1F
100
AcDbEntity
  8
0
  6
ByBlock
 62
     6
100
AcDbLine
 10
203.55
 20
-13.05
 30
0.0
 11
215.55
 21
-25.05
 31
0.0
  0
LWPOLYLINE
  5
4C8
330
1F
100
AcDbEntity
  8
0
  6
ByBlock
 62
     4
100
AcDbPolyline
 90
        4
 70
     1
 43
0.0
 10
200.025
 20
-9.525
 10
219.075
 20
-9.525
 10
219.075
 20
-28.575
 10
200.025
 20
-28.575
  0
LINE
  5
4C9
330
1F
100
AcDbEntity
  8
0
  6
ByBlock
 62
     6
100
AcDbLine
 10
200.025
 20
-28.575
 30
0.0
 11
219.075
 21
-9.525
 31
0.0
  0
LINE
  5
4CA
330
1F
100
AcDbEntity
  8
0
  6
ByBlock
 62
     6
100
AcDbLine
 10
200.025
 20
-9.525
 30
0.0
 11
219.075
 21
-28.575
 31
0.0
  0
LWPOLYLINE
  5
4D2
330
1F
100
AcDbEntity
  8
0
  6
ByBlock
100
AcDbPolyline
 90
        8
 70
     1
 43
0.0
 10
-7.0
 20
-32.1
 42
-0.414214
 10
-6.0
 20
-31.1
 10
6.0
 20
-31.1
 42
-0.414214
 10
7.0
 20
-32.1
 10
7.0
 20
-44.1
 42
-0.414214
 10
6.0
 20
-45.1
 10
-6.0
 20
-45.1
 42
-0.414214
 10
-7.0
 20
-44.1
  0
LINE
  5
4D3
330
1F
100
AcDbEntity
  8
0
  6
ByBlock
 62
     6
100
AcDbLine
 10
-6.0
 20
-44.1
 30
0.0
 11
6.0
 21
-32.1
 31
0.0
  0
LINE
  5
4D4
330
1F
100
AcDbEntity
  8
0
  6
ByBlock
 62
     6
100
AcDbLine
 10
-6.0
 20
-32.1
 30
0.0
 11
6.0
 21
-44.1
 31
0.0
  0
LWPOLYLINE
  5
4D5
330
1F
100
AcDbEntity
  8
0
  6
ByBlock
 62
     4
100
AcDbPolyline
 90
        4
 70
     1
 43
0.0
 10
-9.525
 20
-28.575
 10
9.525
 20
-28.575
 10
9.525
 20
-47.625
 10
-9.525
 20
-47.625
  0
LINE
  5
4D6
330
1F
100
AcDbEntity
  8
0
  6
ByBlock
 62
     6
100
AcDbLine
 10
-9.525
 20
-47.625
 30
0.0
 11
9.525
 21
-28.575
 31
0.0
  0
LINE
  5
4D7
330
1F
100
AcDbEntity
  8
0
  6
ByBlock
 62
     6
100
AcDbLine
 10
-9.525
 20
-28.575
 30
0.0
 11
9.525
 21
-47.625
 31
0.0
  0
LWPOLYLINE
  5
4D8
330
1F
100
AcDbEntity
  8
0
  6
ByBlock
100
AcDbPolyline
 90
        8
 70
     1
 43
0.0
 10
12.05
 20
-32.1
 42
-0.414214
 10
13.05
 20
-31.1
 10
25.05
 20
-31.1
 42
-0.414214
 10
26.05
 20
-32.1
 10
26.05
 20
-44.1
 42
-0.414214
 10
25.05
 20
-45.1
 10
13.05
 20
-45.1
 42
-0.414214
 10
12.05
 20
-44.1
  0
LINE
  5
4D9
330
1F
100
AcDbEntity
  8
0
  6
ByBlock
 62
     6
100
AcDbLine
 10
13.05
 20
-44.1
 30
0.0
 11
25.05
 21
-32.1
 31
0.0
  0
LINE
  5
4DA
330
1F
100
AcDbEntity
  8
0
  6
ByBlock
 62
     6
100
AcDbLine
 10
13.05
 20
-32.1
 30
0.0
 11
25.05
 21
-44.1
 31
0.0
  0
LWPOLYLINE
  5
4DB
330
1F
100
AcDbEntity
  8
0
  6
ByBlock
 62
     4
100
AcDbPolyline
 90
        4
 70
     1
 43
0.0
 10
9.525
 20
-28.575
 10
28.575
 20
-28.575
 10
28.575
 20
-47.625
 10
9.525
 20
-47.625
  0
LINE
  5
4DC
330
1F
100
AcDbEntity
  8
0
  6
ByBlock
 62
     6
100
AcDbLine
 10
9.525
 20
-47.625
 30
0.0
 11
28.575
 21
-28.575
 31
0.0
  0
LINE
  5
4DD
330
1F
100
AcDbEntity
  8
0
  6
ByBlock
 62
     6
100
AcDbLine
 10
9.525
 20
-28.575
 30
0.0
 11
28.575
 21
-47.625
 31
0.0
  0
LWPOLYLINE
  5
4DE
330
1F
100
AcDbEntity
  8
0
  6
ByBlock
100
AcDbPolyline
 90
        8
 70
     1
 43
0.0
 10
31.1
 20
-32.1
 42
-0.414214
 10
32.1
 20
-31.1
 10
44.1
 20
-31.1
 42
-0.414214
 10
45.1
 20
-32.1
 10
45.1
 20
-44.1
 42
-0.414214
 10
44.1
 20
-45.1
 10
32.1
 20
-45.1
 42
-0.414214
 10
31.1
 20
-44.1
  0
LINE
  5
4DF
330
1F
100
AcDbEntity
  8
0
  6
ByBlock
 62
     6
100
AcDbLine
 10
32.1
 20
-44.1
 30
0.0
 11
44.1
 21
-32.1
 31
0.0
  0
LINE
  5
4E0
330
1F
100
AcDbEntity
  8
0
  6
ByBlock
 62
     6
100
AcDbLine
 10
32.1
 20
-32.1
 30
0.0
 11
44.1
 21
-44.1
 31
0.0
  0
LWPOLYLINE
  5
4E1
330
1F
100
AcDbEntity
  8
0
  6
ByBlock
 62
     4
100
AcDbPolyline
 90
        4
 70
     1
 43
0.0
 10
28.575
 20
-28.575
 10
47.625
 20
-28.575
 10
47.625
 20
-47.625
 10
28.575
 20
-47.625
  0
LINE
  5
4E2
330
1F
100
AcDbEntity
  8
0
  6
ByBlock
 62
     6
100
AcDbLine
 10
28.575
 20
-47.625
 30
0.0
 11
47.625
 21
-28.575
 31
0.0
  0
LINE
  5
4E3
330
1F
100
AcDbEntity
  8
0
  6
ByBlock
 62
     6
100
AcDbLine
 10
28.575
 20
-28.575
 30
0.0
 11
47.625
 21
-47.625
 31
0.0
  0
LWPOLYLINE
  5
4E4
330
1F
100
AcDbEntity
  8
0
  6
ByBlock
100
AcDbPolyline
 90
        8
 70
     1
 43
0.0
 10
50.15
 20
-32.1
 42
-0.414214
 10
51.15
 20
-31.1
 10
63.15
 20
-31.1
 42
-0.414214
 10
64.15
 20
-32.1
 10
64.15
 20
-44.1
 42
-0.414214
 10
63.15
 20
-45.1
 10
51.15
 20
-45.1
 42
-0.414214
 10
50.15
 20
-44.1
  0
LINE
  5
4E5
330
1F
100
AcDbEntity
  8
0
  6
ByBlock
 62
     6
100
AcDbLine
 10
51.15
 20
-44.1
 30
0.0
 11
63.15
 21
-32.1
 31
0.0
  0
LINE
  5
4E6
330
1F
100
AcDbEntity
  8
0
  6
ByBlock
 62
     6
100
AcDbLine
 10
51.15
 20
-32.1
 30
0.0
 11
63.15
 21
-44.1
 31
0.0
  0
LWPOLYLINE
  5
4E7
330
1F
100
AcDbEntity
  8
0
  6
ByBlock
 62
     4
100
AcDbPolyline
 90
        4
 70
     1
 43
0.0
 10
47.625
 20
-28.575
 10
66.675
 20
-28.575
 10
66.675
 20
-47.625
 10
47.625
 20
-47.625
  0
LINE
  5
4E8
330
1F
100
AcDbEntity
  8
0
  6
ByBlock
 62
     6
100
AcDbLine
 10
47.625
 20
-47.625
 30
0.0
 11
66.675
 21
-28.575
 31
0.0
  0
LINE
  5
4E9
330
1F
100
AcDbEntity
  8
0
  6
ByBlock
 62
     6
100
AcDbLine
 10
47.625
 20
-28.575
 30
0.0
 11
66.675
 21
-47.625
 31
0.0
  0
LWPOLYLINE
  5
4EA
330
1F
100
AcDbEntity
  8
0
  6
ByBlock
100
AcDbPolyline
 90
        8
 70
     1
 43
0.0
 10
69.2
 20
-32.1
 42
-0.414214
 10
70.2
 20
-31.1
 10
82.2
 20
-31.1
 42
-0.414214
 10
83.2
 20
-32.1
 10
83.2
 20
-44.1
 42
-0.414214
 10
82.2
 20
-45.1
 10
70.2
 20
-45.1
 42
-0.414214
 10
69.2
 20
-44.1
  0
LINE
  5
4EB
330
1F
100
AcDbEntity
  8
0
  6
ByBlock
 62
     6
100
AcDbLine
 10
70.2
 20
-44.1
 30
0.0
 11
82.2
 21
-32.1
 31
0.0
  0
LINE
  5
4EC
330
1F
100
AcDbEntity
  8
0
  6
ByBlock
 62
     6
100
AcDbLine
 10
70.2
 20
-32.1
 30
0.0
 11
82.2
 21
-44.1
 31
0.0
  0
LWPOLYLINE
  5
4ED
330
1F
100
AcDbEntity
  8
0
  6
ByBlock
 62
     4
100
AcDbPolyline
 90
        4
 70
     1
 43
0.0
 10
66.675
 20
-28.575
 10
85.725
 20
-28.575
 10
85.725
 20
-47.625
 10
66.675
 20
-47.625
  0
LINE
  5
4EE
330
1F
100
AcDbEntity
  8
0
  6
ByBlock
 62
     6
100
AcDbLine
 10
66.675
 20
-47.625
 30
0.0
 11
85.725
 21
-28.575
 31
0.0
  0
LINE
  5
4EF
330
1F
100
AcDbEntity
  8
0
  6
ByBlock
 62
     6
100
AcDbLine
 10
66.675
 20
-28.575
 30
0.0
 11
85.725
 21
-47.625
 31
0.0
  0
LWPOLYLINE
  5
4F0
330
1F
100
AcDbEntity
  8
0
  6
ByBlock
100
AcDbPolyline
 90
        8
 70
     1
 43
0.0
 10
88.25
 20
-32.1
 42
-0.414214
 10
89.25
 20
-31.1
 10
101.25
 20
-31.1
 42
-0.414214
 10
102.25
 20
-32.1
 10
102.25
 20
-44.1
 42
-0.414214
 10
101.25
 20
-45.1
 10
89.25
 20
-45.1
 42
-0.414214
 10
88.25
 20
-44.1
  0
LINE
  5
4F1
330
1F
100
AcDbEntity
  8
0
  6
ByBlock
 62
     6
100
AcDbLine
 10
89.25
 20
-44.1
 30
0.0
 11
101.25
 21
-32.1
 31
0.0
  0
LINE
  5
4F2
330
1F
100
AcDbEntity
  8
0
  6
ByBlock
 62
     6
100
AcDbLine
 10
89.25
 20
-32.1
 30
0.0
 11
101.25
 21
-44.1
 31
0.0
  0
LWPOLYLINE
  5
4F3
330
1F
100
AcDbEntity
  8
0
  6
ByBlock
 62
     4
100
AcDbPolyline
 90
        4
 70
     1
 43
0.0
 10
85.725
 20
-28.575
 10
104.775
 20
-28.575
 10
104.775
 20
-47.625
 10
85.725
 20
-47.625
  0
LINE
  5
4F4
330
1F
100
AcDbEntity
  8
0
  6
ByBlock
 62
     6
100
AcDbLine
 10
85.725
 20
-47.625
 30
0.0
 11
104.775
 21
-28.575
 31
0.0
  0
LINE
  5
4F5
330
1F
100
AcDbEntity
  8
0
  6
ByBlock
 62
     6
100
AcDbLine
 10
85.725
 20
-28.575
 30
0.0
 11
104.775
 21
-47.625
 31
0.0
  0
LWPOLYLINE
  5
4F6
330
1F
100
AcDbEntity
  8
0
  6
ByBlock
100
AcDbPolyline
 90
        8
 70
     1
 43
0.0
 10
107.3
 20
-32.1
 42
-0.414214
 10
108.3
 20
-31.1
 10
120.3
 20
-31.1
 42
-0.414214
 10
121.3
 20
-32.1
 10
121.3
 20
-44.1
 42
-0.414214
 10
120.3
 20
-45.1
 10
108.3
 20
-45.1
 42
-0.414214
 10
107.3
 20
-44.1
  0
LINE
  5
4F7
330
1F
100
AcDbEntity
  8
0
  6
ByBlock
 62
     6
100
AcDbLine
 10
108.3
 20
-44.1
 30
0.0
 11
120.3
 21
-32.1
 31
0.0
  0
LINE
  5
4F8
330
1F
100
AcDbEntity
  8
0
  6
ByBlock
 62
     6
100
AcDbLine
 10
108.3
 20
-32.1
 30
0.0
 11
120.3
 21
-44.1
 31
0.0
  0
LWPOLYLINE
  5
4F9
330
1F
100
AcDbEntity
  8
0
  6
ByBlock
 62
     4
100
AcDbPolyline
 90
        4
 70
     1
 43
0.0
 10
104.775
 20
-28.575
 10
123.825
 20
-28.575
 10
123.825
 20
-47.625
 10
104.775
 20
-47.625
  0
LINE
  5
4FA
330
1F
100
AcDbEntity
  8
0
  6
ByBlock
 62
     6
100
AcDbLine
 10
104.775
 20
-47.625
 30
0.0
 11
123.825
 21
-28.575
 31
0.0
  0
LINE
  5
4FB
330
1F
100
AcDbEntity
  8
0
  6
ByBlock
 62
     6
100
AcDbLine
 10
104.775
 20
-28.575
 30
0.0
 11
123.825
 21
-47.625
 31
0.0
  0
LWPOLYLINE
  5
4FC
330
1F
100
AcDbEntity
  8
0
  6
ByBlock
100
AcDbPolyline
 90
        8
 70
     1
 43
0.0
 10
126.35
 20
-32.1
 42
-0.414214
 10
127.35
 20
-31.1
 10
139.35
 20
-31.1
 42
-0.414214
 10
140.35
 20
-32.1
 10
140.35
 20
-44.1
 42
-0.414214
 10
139.35
 20
-45.1
 10
127.35
 20
-45.1
 42
-0.414214
 10
126.35
 20
-44.1
  0
LINE
  5
4FD
330
1F
100
AcDbEntity
  8
0
  6
ByBlock
 62
     6
100
AcDbLine
 10
127.35
 20
-44.1
 30
0.0
 11
139.35
 21
-32.1
 31
0.0
  0
LINE
  5
4FE
330
1F
100
AcDbEntity
  8
0
  6
ByBlock
 62
     6
100
AcDbLine
 10
127.35
 20
-32.1
 30
0.0
 11
139.35
 21
-44.1
 31
0.0
  0
LWPOLYLINE
  5
4FF
330
1F
100
AcDbEntity
  8
0
  6
ByBlock
 62
     4
100
AcDbPolyline
 90
        4
 70
     1
 43
0.0
 10
123.825
 20
-28.575
 10
142.875
 20
-28.575
 10
142.875
 20
-47.625
 10
123.825
 20
-47.625
  0
LINE
  5
500
330
1F
100
AcDbEntity
  8
0
  6
ByBlock
 62
     6
100
AcDbLine
 10
123.825
 20
-47.625
 30
0.0
 11
142.875
 21
-28.575
 31
0.0
  0
LINE
  5
501
330
1F
100
AcDbEntity
  8
0
  6
ByBlock
 62
     6
100
AcDbLine
 10
123.825
 20
-28.575
 30
0.0
 11
142.875
 21
-47.625
 31
0.0
  0
LWPOLYLINE
  5
502
330
1F
100
AcDbEntity
  8
0
  6
ByBlock
100
AcDbPolyline
 90
        8
 70
     1
 43
0.0
 10
145.4
 20
-32.1
 42
-0.414214
 10
146.4
 20
-31.1
 10
158.4
 20
-31.1
 42
-0.414214
 10
159.4
 20
-32.1
 10
159.4
 20
-44.1
 42
-0.414214
 10
158.4
 20
-45.1
 10
146.4
 20
-45.1
 42
-0.414214
 10
145.4
 20
-44.1
  0
LINE
  5
503
330
1F
100
AcDbEntity
  8
0
  6
ByBlock
 62
     6
100
AcDbLine
 10
146.4
 20
-44.1
 30
0.0
 11
158.4
 21
-32.1
 31
0.0
  0
LINE
  5
504
330
1F
100
AcDbEntity
  8
0
  6
ByBlock
 62
     6
100
AcDbLine
 10
146.4
 20
-32.1
 30
0.0
 11
158.4
 21
-44.1
 31
0.0
  0
LWPOLYLINE
  5
505
330
1F
100
AcDbEntity
  8
0
  6
ByBlock
 62
     4
100
AcDbPolyline
 90
        4
 70
     1
 43
0.0
 10
142.875
 20
-28.575
 10
161.925
 20
-28.575
 10
161.925
 20
-47.625
 10
142.875
 20
-47.625
  0
LINE
  5
506
330
1F
100
AcDbEntity
  8
0
  6
ByBlock
 62
     6
100
AcDbLine
 10
142.875
 20
-47.625
 30
0.0
 11
161.925
 21
-28.575
 31
0.0
  0
LINE
  5
507
330
1F
100
AcDbEntity
  8
0
  6
ByBlock
 62
     6
100
AcDbLine
 10
142.875
 20
-28.575
 30
0.0
 11
161.925
 21
-47.625
 31
0.0
  0
LWPOLYLINE
  5
508
330
1F
100
AcDbEntity
  8
0
  6
ByBlock
100
AcDbPolyline
 90
        8
 70
     1
 43
0.0
 10
164.45
 20
-32.1
 42
-0.414214
 10
165.45
 20
-31.1
 10
177.45
 20
-31.1
 42
-0.414214
 10
178.45
 20
-32.1
 10
178.45
 20
-44.1
 42
-0.414214
 10
177.45
 20
-45.1
 10
165.45
 20
-45.1
 42
-0.414214
 10
164.45
 20
-44.1
  0
LINE
  5
509
330
1F
100
AcDbEntity
  8
0
  6
ByBlock
 62
     6
100
AcDbLine
 10
165.45
 20
-44.1
 30
0.0
 11
177.45
 21
-32.1
 31
0.0
  0
LINE
  5
50A
330
1F
100
AcDbEntity
  8
0
  6
ByBlock
 62
     6
100
AcDbLine
 10
165.45
 20
-32.1
 30
0.0
 11
177.45
 21
-44.1
 31
0.0
  0
LWPOLYLINE
  5
50B
330
1F
100
AcDbEntity
  8
0
  6
ByBlock
 62
     4
100
AcDbPolyline
 90
        4
 70
     1
 43
0.0
 10
161.925
 20
-28.575
 10
180.975
 20
-28.575
 10
180.975
 20
-47.625
 10
161.925
 20
-47.625
  0
LINE
  5
50C
330
1F
100
AcDbEntity
  8
0
  6
ByBlock
 62
     6
100
AcDbLine
 10
161.925
 20
-47.625
 30
0.0
 11
180.975
 21
-28.575
 31
0.0
  0
LINE
  5
50D
330
1F
100
AcDbEntity
  8
0
  6
ByBlock
 62
     6
100
AcDbLine
 10
161.925
 20
-28.575
 30
0.0
 11
180.975
 21
-47.625
 31
0.0
  0
LWPOLYLINE
  5
50E
330
1F
100
AcDbEntity
  8
0
  6
ByBlock
100
AcDbPolyline
 90
        8
 70
     1
 43
0.0
 10
183.5
 20
-32.1
 42
-0.414214
 10
184.5
 20
-31.1
 10
196.5
 20
-31.1
 42
-0.414214
 10
197.5
 20
-32.1
 10
197.5
 20
-44.1
 42
-0.414214
 10
196.5
 20
-45.1
 10
184.5
 20
-45.1
 42
-0.414214
 10
183.5
 20
-44.1
  0
LINE
  5
50F
330
1F
100
AcDbEntity
  8
0
  6
ByBlock
 62
     6
100
AcDbLine
 10
184.5
 20
-44.1
 30
0.0
 11
196.5
 21
-32.1
 31
0.0
  0
LINE
  5
510
330
1F
100
AcDbEntity
  8
0
  6
ByBlock
 62
     6
100
AcDbLine
 10
184.5
 20
-32.1
 30
0.0
 11
196.5
 21
-44.1
 31
0.0
  0
LWPOLYLINE
  5
511
330
1F
100
AcDbEntity
  8
0
  6
ByBlock
 62
     4
100
AcDbPolyline
 90
        4
 70
     1
 43
0.0
 10
180.975
 20
-28.575
 10
200.025
 20
-28.575
 10
200.025
 20
-47.625
 10
180.975
 20
-47.625
  0
LINE
  5
512
330
1F
100
AcDbEntity
  8
0
  6
ByBlock
 62
     6
100
AcDbLine
 10
180.975
 20
-47.625
 30
0.0
 11
200.025
 21
-28.575
 31
0.0
  0
LINE
  5
513
330
1F
100
AcDbEntity
  8
0
  6
ByBlock
 62
     6
100
AcDbLine
 10
180.975
 20
-28.575
 30
0.0
 11
200.025
 21
-47.625
 31
0.0
  0
LWPOLYLINE
  5
514
330
1F
100
AcDbEntity
  8
0
  6
ByBlock
100
AcDbPolyline
 90
        8
 70
     1
 43
0.0
 10
202.55
 20
-32.1
 42
-0.414214
 10
203.55
 20
-31.1
 10
215.55
 20
-31.1
 42
-0.414214
 10
216.55
 20
-32.1
 10
216.55
 20
-44.1
 42
-0.414214
 10
215.55
 20
-45.1
 10
203.55
 20
-45.1
 42
-0.414214
 10
202.55
 20
-44.1
  0
LINE
  5
515
330
1F
100
AcDbEntity
  8
0
  6
ByBlock
 62
     6
100
AcDbLine
 10
203.55
 20
-44.1
 30
0.0
 11
215.55
 21
-32.1
 31
0.0
  0
LINE
  5
516
330
1F
100
AcDbEntity
  8
0
  6
ByBlock
 62
     6
100
AcDbLine
 10
203.55
 20
-32.1
 30
0.0
 11
215.55
 21
-44.1
 31
0.0
  0
LWPOLYLINE
  5
517
330
1F
100
AcDbEntity
  8
0
  6
ByBlock
 62
     4
100
AcDbPolyline
 90
        4
 70
     1
 43
0.0
 10
200.025
 20
-28.575
 10
219.075
 20
-28.575
 10
219.075
 20
-47.625
 10
200.025
 20
-47.625
  0
LINE
  5
518
330
1F
100
AcDbEntity
  8
0
  6
ByBlock
 62
     6
100
AcDbLine
 10
200.025
 20
-47.625
 30
0.0
 11
219.075
 21
-28.575
 31
0.0
  0
LINE
  5
519
330
1F
100
AcDbEntity
  8
0
  6
ByBlock
 62
     6
100
AcDbLine
 10
200.025
 20
-28.575
 30
0.0
 11
219.075
 21
-47.625
 31
0.0
  0
LWPOLYLINE
  5
570
330
1F
100
AcDbEntity
  8
0
  6
ByBlock
100
AcDbPolyline
 90
        8
 70
     1
 43
0.0
 10
31.1
 20
-55.9125
 42
-0.414214
 10
32.1
 20
-54.9125
 10
44.1
 20
-54.9125
 42
-0.414214
 10
45.1
 20
-55.9125
 10
45.1
 20
-67.9125
 42
-0.414214
 10
44.1
 20
-68.9125
 10
32.1
 20
-68.9125
 42
-0.414214
 10
31.1
 20
-67.9125
  0
LINE
  5
571
330
1F
100
AcDbEntity
  8
0
  6
ByBlock
 62
     6
100
AcDbLine
 10
32.1
 20
-67.9125
 30
0.0
 11
44.1
 21
-55.9125
 31
0.0
  0
LINE
  5
572
330
1F
100
AcDbEntity
  8
0
  6
ByBlock
 62
     6
100
AcDbLine
 10
32.1
 20
-55.9125
 30
0.0
 11
44.1
 21
-67.9125
 31
0.0
  0
LWPOLYLINE
  5
573
330
1F
100
AcDbEntity
  8
0
  6
ByBlock
 62
     4
100
AcDbPolyline
 90
        4
 70
     1
 43
0.0
 10
28.575
 20
-52.3875
 10
47.625
 20
-52.3875
 10
47.625
 20
-71.4375
 10
28.575
 20
-71.4375
  0
LINE
  5
574
330
1F
100
AcDbEntity
  8
0
  6
ByBlock
 62
     6
100
AcDbLine
 10
28.575
 20
-71.4375
 30
0.0
 11
47.625
 21
-52.3875
 31
0.0
  0
LINE
  5
575
330
1F
100
AcDbEntity
  8
0
  6
ByBlock
 62
     6
100
AcDbLine
 10
28.575
 20
-52.3875
 30
0.0
 11
47.625
 21
-71.4375
 31
0.0
  0
LWPOLYLINE
  5
576
330
1F
100
AcDbEntity
  8
0
  6
ByBlock
100
AcDbPolyline
 90
        8
 70
     1
 43
0.0
 10
50.15
 20
-55.9125
 42
-0.414214
 10
51.15
 20
-54.9125
 10
63.15
 20
-54.9125
 42
-0.414214
 10
64.15
 20
-55.9125
 10
64.15
 20
-67.9125
 42
-0.414214
 10
63.15
 20
-68.9125
 10
51.15
 20
-68.9125
 42
-0.414214
 10
50.15
 20
-67.9125
  0
LINE
  5
577
330
1F
100
AcDbEntity
  8
0
  6
ByBlock
 62
     6
100
AcDbLine
 10
51.15
 20
-67.9125
 30
0.0
 11
63.15
 21
-55.9125
 31
0.0
  0
LINE
  5
578
330
1F
100
AcDbEntity
  8
0
  6
ByBlock
 62
     6
100
AcDbLine
 10
51.15
 20
-55.9125
 30
0.0
 11
63.15
 21
-67.9125
 31
0.0
  0
LWPOLYLINE
  5
579
330
1F
100
AcDbEntity
  8
0
  6
ByBlock
 62
     4
100
AcDbPolyline
 90
        4
 70
     1
 43
0.0
 10
47.625
 20
-52.3875
 10
66.675
 20
-52.3875
 10
66.675
 20
-71.4375
 10
47.625
 20
-71.4375
  0
LINE
  5
57A
330
1F
100
AcDbEntity
  8
0
  6
ByBlock
 62
     6
100
AcDbLine
 10
47.625
 20
-71.4375
 30
0.0
 11
66.675
 21
-52.3875
 31
0.0
  0
LINE
  5
57B
330
1F
100
AcDbEntity
  8
0
  6
ByBlock
 62
     6
100
AcDbLine
 10
47.625
 20
-52.3875
 30
0.0
 11
66.675
 21
-71.4375
 31
0.0
  0
LWPOLYLINE
  5
57C
330
1F
100
AcDbEntity
  8
0
  6
ByBlock
100
AcDbPolyline
 90
        8
 70
     1
 43
0.0
 10
69.2
 20
-55.9125
 42
-0.414214
 10
70.2
 20
-54.9125
 10
82.2
 20
-54.9125
 42
-0.414214
 10
83.2
 20
-55.9125
 10
83.2
 20
-67.9125
 42
-0.414214
 10
82.2
 20
-68.9125
 10
70.2
 20
-68.9125
 42
-0.414214
 10
69.2
 20
-67.9125
  0
LINE
  5
57D
330
1F
100
AcDbEntity
  8
0
  6
ByBlock
 62
     6
100
AcDbLine
 10
70.2
 20
-67.9125
 30
0.0
 11
82.2
 21
-55.9125
 31
0.0
  0
LINE
  5
57E
330
1F
100
AcDbEntity
  8
0
  6
ByBlock
 62
     6
100
AcDbLine
 10
70.2
 20
-55.9125
 30
0.0
 11
82.2
 21
-67.9125
 31
0.0
  0
LWPOLYLINE
  5
57F
330
1F
100
AcDbEntity
  8
0
  6
ByBlock
 62
     4
100
AcDbPolyline
 90
        4
 70
     1
 43
0.0
 10
66.675
 20
-52.3875
 10
85.725
 20
-52.3875
 10
85.725
 20
-71.4375
 10
66.675
 20
-71.4375
  0
LINE
  5
580
330
1F
100
AcDbEntity
  8
0
  6
ByBlock
 62
     6
100
AcDbLine
 10
66.675
 20
-71.4375
 30
0.0
 11
85.725
 21
-52.3875
 31
0.0
  0
LINE
  5
581
330
1F
100
AcDbEntity
  8
0
  6
ByBlock
 62
     6
100
AcDbLine
 10
66.675
 20
-52.3875
 30
0.0
 11
85.725
 21
-71.4375
 31
0.0
  0
LWPOLYLINE
  5
58E
330
1F
100
AcDbEntity
  8
0
  6
ByBlock
100
AcDbPolyline
 90
        8
 70
     1
 43
0.0
 10
126.35
 20
-55.9125
 42
-0.414214
 10
127.35
 20
-54.9125
 10
139.35
 20
-54.9125
 42
-0.414214
 10
140.35
 20
-55.9125
 10
140.35
 20
-67.9125
 42
-0.414214
 10
139.35
 20
-68.9125
 10
127.35
 20
-68.9125
 42
-0.414214
 10
126.35
 20
-67.9125
  0
LINE
  5
58F
330
1F
100
AcDbEntity
  8
0
  6
ByBlock
 62
     6
100
AcDbLine
 10
127.35
 20
-67.9125
 30
0.0
 11
139.35
 21
-55.9125
 31
0.0
  0
LINE
  5
590
330
1F
100
AcDbEntity
  8
0
  6
ByBlock
 62
     6
100
AcDbLine
 10
127.35
 20
-55.9125
 30
0.0
 11
139.35
 21
-67.9125
 31
0.0
  0
LWPOLYLINE
  5
591
330
1F
100
AcDbEntity
  8
0
  6
ByBlock
 62
     4
100
AcDbPolyline
 90
        4
 70
     1
 43
0.0
 10
123.825
 20
-52.3875
 10
142.875
 20
-52.3875
 10
142.875
 20
-71.4375
 10
123.825
 20
-71.4375
  0
LINE
  5
592
330
1F
100
AcDbEntity
  8
0
  6
ByBlock
 62
     6
100
AcDbLine
 10
123.825
 20
-71.4375
 30
0.0
 11
142.875
 21
-52.3875
 31
0.0
  0
LINE
  5
593
330
1F
100
AcDbEntity
  8
0
  6
ByBlock
 62
     6
100
AcDbLine
 10
123.825
 20
-52.3875
 30
0.0
 11
142.875
 21
-71.4375
 31
0.0
  0
LWPOLYLINE
  5
594
330
1F
100
AcDbEntity
  8
0
  6
ByBlock
100
AcDbPolyline
 90
        8
 70
     1
 43
0.0
 10
145.4
 20
-55.9125
 42
-0.414214
 10
146.4
 20
-54.9125
 10
158.4
 20
-54.9125
 42
-0.414214
 10
159.4
 20
-55.9125
 10
159.4
 20
-67.9125
 42
-0.414214
 10
158.4
 20
-68.9125
 10
146.4
 20
-68.9125
 42
-0.414214
 10
145.4
 20
-67.9125
  0
LINE
  5
595
330
1F
100
AcDbEntity
  8
0
  6
ByBlock
 62
     6
100
AcDbLine
 10
146.4
 20
-67.9125
 30
0.0
 11
158.4
 21
-55.9125
 31
0.0
  0
LINE
  5
596
330
1F
100
AcDbEntity
  8
0
  6
ByBlock
 62
     6
100
AcDbLine
 10
146.4
 20
-55.9125
 30
0.0
 11
158.4
 21
-67.9125
 31
0.0
  0
LWPOLYLINE
  5
597
330
1F
100
AcDbEntity
  8
0
  6
ByBlock
 62
     4
100
AcDbPolyline
 90
        4
 70
     1
 43
0.0
 10
142.875
 20
-52.3875
 10
161.925
 20
-52.3875
 10
161.925
 20
-71.4375
 10
142.875
 20
-71.4375
  0
LINE
  5
598
330
1F
100
AcDbEntity
  8
0
  6
ByBlock
 62
     6
100
AcDbLine
 10
142.875
 20
-71.4375
 30
0.0
 11
161.925
 21
-52.3875
 31
0.0
  0
LINE
  5
599
330
1F
100
AcDbEntity
  8
0
  6
ByBlock
 62
     6
100
AcDbLine
 10
142.875
 20
-52.3875
 30
0.0
 11
161.925
 21
-71.4375
 31
0.0
  0
LWPOLYLINE
  5
59A
330
1F
100
AcDbEntity
  8
0
  6
ByBlock
100
AcDbPolyline
 90
        8
 70
     1
 43
0.0
 10
164.45
 20
-55.9125
 42
-0.414214
 10
165.45
 20
-54.9125
 10
177.45
 20
-54.9125
 42
-0.414214
 10
178.45
 20
-55.9125
 10
178.45
 20
-67.9125
 42
-0.414214
 10
177.45
 20
-68.9125
 10
165.45
 20
-68.9125
 42
-0.414214
 10
164.45
 20
-67.9125
  0
LINE
  5
59B
330
1F
100
AcDbEntity
  8
0
  6
ByBlock
 62
     6
100
AcDbLine
 10
165.45
 20
-67.9125
 30
0.0
 11
177.45
 21
-55.9125
 31
0.0
  0
LINE
  5
59C
330
1F
100
AcDbEntity
  8
0
  6
ByBlock
 62
     6
100
AcDbLine
 10
165.45
 20
-55.9125
 30
0.0
 11
177.45
 21
-67.9125
 31
0.0
  0
LWPOLYLINE
  5
59D
330
1F
100
AcDbEntity
  8
0
  6
ByBlock
 62
     4
100
AcDbPolyline
 90
        4
 70
     1
 43
0.0
 10
161.925
 20
-52.3875
 10
180.975
 20
-52.3875
 10
180.975
 20
-71.4375
 10
161.925
 20
-71.4375
  0
LINE
  5
59E
330
1F
100
AcDbEntity
  8
0
  6
ByBlock
 62
     6
100
AcDbLine
 10
161.925
 20
-71.4375
 30
0.0
 11
180.975
 21
-52.3875
 31
0.0
  0
LINE
  5
59F
330
1F
100
AcDbEntity
  8
0
  6
ByBlock
 62
     6
100
AcDbLine
 10
161.925
 20
-52.3875
 30
0.0
 11
180.975
 21
-71.4375
 31
0.0
  0
LINE
  5
5A0
330
1F
100
AcDbEntity
  8
0
 62
     4
100
AcDbLine
 10
28.575
 20
-47.625
 30
0.0
 11
24.590036
 21
-47.625
 31
0.0
  0
LWPOLYLINE
  5
5A3
330
1F
100
AcDbEntity
  8
0
 62
     4
100
AcDbPolyline
 90
        4
 70
     1
 43
0.0
 10
85.725
 20
-52.3875
 10
123.825
 20
-52.3875
 10
123.825
 20
-71.4375
 10
85.725
 20
-71.4375
  0
LINE
  5
5A4
330
1F
100
AcDbEntity
  8
0
 62
     6
100
AcDbLine
 10
85.725
 20
-71.4375
 30
0.0
 11
123.825
 21
-52.3875
 31
0.0
  0
LINE
  5
5A5
330
1F
100
AcDbEntity
  8
0
 62
     6
100
AcDbLine
 10
85.725
 20
-52.3875
 30
0.0
 11
123.825
 21
-71.4375
 31
0.0
  0
LWPOLYLINE
  5
5C7
330
1F
100
AcDbEntity
  8
0
  6
ByBlock
100
AcDbPolyline
 90
        8
 70
     1
 43
0.0
 10
97.775
 20
-55.9125
 42
-0.414214
 10
98.775
 20
-54.9125
 10
110.775
 20
-54.9125
 42
-0.414214
 10
111.775
 20
-55.9125
 10
111.775
 20
-67.9125
 42
-0.414214
 10
110.775
 20
-68.9125
 10
98.775
 20
-68.9125
 42
-0.414214
 10
97.775
 20
-67.9125
  0
LINE
  5
5C8
330
1F
100
AcDbEntity
  8
0
  6
ByBlock
 62
     6
100
AcDbLine
 10
98.775
 20
-67.9125
 30
0.0
 11
110.775
 21
-55.9125
 31
0.0
  0
LINE
  5
5C9
330
1F
100
AcDbEntity
  8
0
  6
ByBlock
 62
     6
100
AcDbLine
 10
98.775
 20
-55.9125
 30
0.0
 11
110.775
 21
-67.9125
 31
0.0
  0
LWPOLYLINE
  5
5FC
330
1F
100
AcDbEntity
  8
0
100
AcDbPolyline
 90
        8
 70
     1
 43
0.0
 10
89.335
 20
-53.9125
 42
-0.414214
 10
90.335
 20
-52.9125
 10
95.335
 20
-52.9125
 42
-0.414214
 10
96.335
 20
-53.9125
 10
96.335
 20
-67.9125
 42
-0.414214
 10
95.335
 20
-68.9125
 10
90.335
 20
-68.9125
 42
-0.414214
 10
89.335
 20
-67.9125
  0
LWPOLYLINE
  5
61E
330
1F
100
AcDbEntity
  8
0
100
AcDbPolyline
 90
        8
 70
     1
 43
0.0
 10
113.215
 20
-53.9125
 42
-0.414214
 10
114.215
 20
-52.9125
 10
119.215
 20
-52.9125
 42
-0.414214
 10
120.215
 20
-53.9125
 10
120.215
 20
-67.9125
 42
-0.414214
 10
119.215
 20
-68.9125
 10
114.215
 20
-68.9125
 42
-0.414214
 10
113.215
 20
-67.9125
  0
LINE
  5
61F
330
1F
100
AcDbEntity
  8
0
 62
     6
100
AcDbLine
 10
104.775
 20
-61.9125
 30
0.0
 11
104.775
 21
-58.571699
 31
0.0
  0
LINE
  5
620
330
1F
100
AcDbEntity
  8
0
 62
     6
100
AcDbLine
 10
116.715
 20
-65.456494
 30
0.0
 11
116.715
 21
-58.571699
 31
0.0
  0
LINE
  5
621
330
1F
100
AcDbEntity
  8
0
 62
     6
100
AcDbLine
 10
92.835
 20
-63.953818
 30
0.0
 11
92.835
 21
-58.571699
 31
0.0
  0
LINE
  5
622
330
1F
100
AcDbEntity
  8
0
 62
     6
100
AcDbLine
 10
95.335
 20
-53.9125
 30
0.0
 11
90.335
 21
-67.9125
 31
0.0
  0
LINE
  5
623
330
1F
100
AcDbEntity
  8
0
 62
     6
100
AcDbLine
 10
90.335
 20
-53.9125
 30
0.0
 11
95.335
 21
-67.9125
 31
0.0
  0
LINE
  5
645
330
1F
100
AcDbEntity
  8
0
 62
     6
100
AcDbLine
 10
119.215
 20
-53.922601
 30
0.0
 11
114.215
 21
-67.922601
 31
0.0
  0
LINE
  5
646
330
1F
100
AcDbEntity
  8
0
 62
     6
100
AcDbLine
 10
114.215
 20
-53.922601
 30
0.0
 11
119.215
 21
-67.922601
 31
0.0
  0
LINE
  5
9D5
330
1F
100
AcDbEntity
  8
0
 62
     4
100
AcDbLine
 10
47.625
 20
-71.4375
 30
0.0
 11
47.625
 21
-72.4375
 31
0.0
  0
LINE
  5
9D6
330
1F
100
AcDbEntity
  8
0
 62
     4
100
AcDbLine
 10
161.925
 20
-71.4375
 30
0.0
 11
161.925
 21
-72.4375
 31
0.0
  0
LWPOLYLINE
  5
C9B
330
1F
100
AcDbEntity
  8
0
  6
ByBlock
100
AcDbPolyline
 90
        8
 70
     1
 43
0.0
 10
-7.0
 20
-55.9125
 42
-0.414214
 10
-6.0
 20
-54.9125
 10
6.0
 20
-54.9125
 42
-0.414214
 10
7.0
 20
-55.9125
 10
7.0
 20
-67.9125
 42
-0.414214
 10
6.0
 20
-68.9125
 10
-6.0
 20
-68.9125
 42
-0.414214
 10
-7.0
 20
-67.9125
  0
LINE
  5
C9C
330
1F
100
AcDbEntity
  8
0
  6
ByBlock
 62
     6
100
AcDbLine
 10
-6.0
 20
-67.9125
 30
0.0
 11
6.0
 21
-55.9125
 31
0.0
  0
LINE
  5
C9D
330
1F
100
AcDbEntity
  8
0
  6
ByBlock
 62
     6
100
AcDbLine
 10
-6.0
 20
-55.9125
 30
0.0
 11
6.0
 21
-67.9125
 31
0.0
  0
LWPOLYLINE
  5
C9E
330
1F
100
AcDbEntity
  8
0
  6
ByBlock
 62
     4
100
AcDbPolyline
 90
        4
 70
     1
 43
0.0
 10
-9.525
 20
-52.3875
 10
9.525
 20
-52.3875
 10
9.525
 20
-71.4375
 10
-9.525
 20
-71.4375
  0
LINE
  5
C9F
330
1F
100
AcDbEntity
  8
0
  6
ByBlock
 62
     6
100
AcDbLine
 10
-9.525
 20
-71.4375
 30
0.0
 11
9.525
 21
-52.3875
 31
0.0
  0
LINE
  5
CA0
330
1F
100
AcDbEntity
  8
0
  6
ByBlock
 62
     6
100
AcDbLine
 10
-9.525
 20
-52.3875
 30
0.0
 11
9.525
 21
-71.4375
 31
0.0
  0
LWPOLYLINE
  5
CA1
330
1F
100
AcDbEntity
  8
0
  6
ByBlock
100
AcDbPolyline
 90
        8
 70
     1
 43
0.0
 10
12.05
 20
-55.9125
 42
-0.414214
 10
13.05
 20
-54.9125
 10
25.05
 20
-54.9125
 42
-0.414214
 10
26.05
 20
-55.9125
 10
26.05
 20
-67.9125
 42
-0.414214
 10
25.05
 20
-68.9125
 10
13.05
 20
-68.9125
 42
-0.414214
 10
12.05
 20
-67.9125
  0
LINE
  5
CA2
330
1F
100
AcDbEntity
  8
0
  6
ByBlock
 62
     6
100
AcDbLine
 10
13.05
 20
-67.9125
 30
0.0
 11
25.05
 21
-55.9125
 31
0.0
  0
LINE
  5
CA3
330
1F
100
AcDbEntity
  8
0
  6
ByBlock
 62
     6
100
AcDbLine
 10
13.05
 20
-55.9125
 30
0.0
 11
25.05
 21
-67.9125
 31
0.0
  0
LWPOLYLINE
  5
CA4
330
1F
100
AcDbEntity
  8
0
  6
ByBlock
 62
     4
100
AcDbPolyline
 90
        4
 70
     1
 43
0.0
 10
9.525
 20
-52.3875
 10
28.575
 20
-52.3875
 10
28.575
 20
-71.4375
 10
9.525
 20
-71.4375
  0
LINE
  5
CA5
330
1F
100
AcDbEntity
  8
0
  6
ByBlock
 62
     6
100
AcDbLine
 10
9.525
 20
-71.4375
 30
0.0
 11
28.575
 21
-52.3875
 31
0.0
  0
LINE
  5
CA6
330
1F
100
AcDbEntity
  8
0
  6
ByBlock
 62
     6
100
AcDbLine
 10
9.525
 20
-52.3875
 30
0.0
 11
28.575
 21
-71.4375
 31
0.0
  0
LINE
  5
CA7
330
1F
100
AcDbEntity
  8
0
 62
     4
100
AcDbLine
 10
9.525
 20
-71.4375
 30
0.0
 11
9.525
 21
-72.4375
 31
0.0
  0
LWPOLYLINE
  5
CA8
330
1F
100
AcDbEntity
  8
0
  6
ByBlock
100
AcDbPolyline
 90
        8
 70
     1
 43
0.0
 10
202.55
 20
-55.9125
 42
-0.414214
 10
203.55
 20
-54.9125
 10
215.55
 20
-54.9125
 42
-0.414214
 10
216.55
 20
-55.9125
 10
216.55
 20
-67.9125
 42
-0.414214
 10
215.55
 20
-68.9125
 10
203.55
 20
-68.9125
 42
-0.414214
 10
202.55
 20
-67.9125
  0
LINE
  5
CA9
330
1F
100
AcDbEntity
  8
0
  6
ByBlock
 62
     6
100
AcDbLine
 10
203.55
 20
-67.9125
 30
0.0
 11
215.55
 21
-55.9125
 31
0.0
  0
LINE
  5
CAA
330
1F
100
AcDbEntity
  8
0
  6
ByBlock
 62
     6
100
AcDbLine
 10
203.55
 20
-55.9125
 30
0.0
 11
215.55
 21
-67.9125
 31
0.0
  0
LWPOLYLINE
  5
CAB
330
1F
100
AcDbEntity
  8
0
  6
ByBlock
 62
     4
100
AcDbPolyline
 90
        4
 70
     1
 43
0.0
 10
200.025
 20
-52.3875
 10
219.075
 20
-52.3875
 10
219.075
 20
-71.4375
 10
200.025
 20
-71.4375
  0
LINE
  5
CAC
330
1F
100
AcDbEntity
  8
0
  6
ByBlock
 62
     6
100
AcDbLine
 10
200.025
 20
-71.4375
 30
0.0
 11
219.075
 21
-52.3875
 31
0.0
  0
LINE
  5
CAD
330
1F
100
AcDbEntity
  8
0
  6
ByBlock
 62
     6
100
AcDbLine
 10
200.025
 20
-52.3875
 30
0.0
 11
219.075
 21
-71.4375
 31
0.0
  0
LWPOLYLINE
  5
CE7
330
1F
100
AcDbEntity
  8
0
100
AcDbPolyline
 90
        6
 70
     1
 43
0.0
 10
-10.525
 20
-72.4375
 10
220.075
 20
-72.4375
 10
220.075
 20
-8.525
 10
201.025
 20
-8.525
 10
201.025
 20
10.525
 10
-10.525
 20
10.525
  0
LWPOLYLINE
  5
D12
330
1F
100
AcDbEntity
  8
0
100
AcDbPolyline
 90
        4
 70
     1
 43
0.0
 10
42.625
 20
12.525
 10
52.625
 20
12.525
 10
52.625
 20
10.525
 10
42.625
 20
10.525
  0
LINE
  5
D13
330
1F
100
AcDbEntity
  8
0
 62
     6
100
AcDbLine
 10
37.125
 20
12.525
 30
0.0
 11
58.125
 21
16.025
 31
0.0
  0
LINE
  5
D14
330
1F
100
AcDbEntity
  8
0
 62
     6
100
AcDbLine
 10
37.125
 20
16.025
 30
0.0
 11
58.125
 21
12.525
 31
0.0
  0
LINE
  5
D15
330
1F
100
AcDbEntity
  8
0
 62
     6
100
AcDbLine
 10
42.625
 20
10.525
 30
0.0
 11
52.625
 21
12.525
 31
0.0
  0
LINE
  5
D16
330
1F
100
AcDbEntity
  8
0
 62
     6
100
AcDbLine
 10
42.625
 20
12.525
 30
0.0
 11
52.625
 21
10.525
 31
0.0
  0
LINE
  5
D17
330
1F
100
AcDbEntity
  8
0
 62
     4
100
AcDbLine
 10
47.625
 20
14.275
 30
0.0
 11
47.625
 21
12.525
 31
0.0
  0
LINE
  5
D18
330
1F
100
AcDbEntity
  8
0
 62
     4
100
AcDbLine
 10
47.625
 20
11.525
 30
0.0
 11
47.625
 21
12.525
 31
0.0
  0
LWPOLYLINE
  5
D19
330
1F
100
AcDbEntity
  8
0
100
AcDbPolyline
 90
        8
 70
     1
 43
0.0
 10
37.125
 20
15.025
 42
-0.414214
 10
38.125
 20
16.025
 10
57.125
 20
16.025
 42
-0.414214
 10
58.125
 20
15.025
 10
58.125
 20
13.525
 42
-0.414214
 10
57.125
 20
12.525
 10
38.125
 20
12.525
 42
-0.414214
 10
37.125
 20
13.525
  0
LINE
  5
D1A
330
1F
100
AcDbEntity
  8
0
 62
     4
100
AcDbLine
 10
47.625
 20
11.525
 30
0.0
 11
47.625
 21
10.525
 31
0.0
  0
LWPOLYLINE
  5
D1B
330
1F
100
AcDbEntity
  8
0
100
AcDbPolyline
 90
        4
 70
     1
 43
0.0
 10
156.925
 20
12.525
 10
166.925
 20
12.525
 10
166.925
 20
10.525
 10
156.925
 20
10.525
  0
LINE
  5
D1C
330
1F
100
AcDbEntity
  8
0
 62
     6
100
AcDbLine
 10
151.425
 20
12.525
 30
0.0
 11
172.425
 21
16.025
 31
0.0
  0
LINE
  5
D1D
330
1F
100
AcDbEntity
  8
0
 62
     6
100
AcDbLine
 10
151.425
 20
16.025
 30
0.0
 11
172.425
 21
12.525
 31
0.0
  0
LINE
  5
D1E
330
1F
100
AcDbEntity
  8
0
 62
     6
100
AcDbLine
 10
156.925
 20
10.525
 30
0.0
 11
166.925
 21
12.525
 31
0.0
  0
LINE
  5
D1F
330
1F
100
AcDbEntity
  8
0
 62
     6
100
AcDbLine
 10
156.925
 20
12.525
 30
0.0
 11
166.925
 21
10.525
 31
0.0
  0
LINE
  5
D20
330
1F
100
AcDbEntity
  8
0
 62
     4
100
AcDbLine
 10
161.925
 20
14.275
 30
0.0
 11
161.925
 21
12.525
 31
0.0
  0
LINE
  5
D21
330
1F
100
AcDbEntity
  8
0
 62
     4
100
AcDbLine
 10
161.925
 20
11.525
 30
0.0
 11
161.925
 21
12.525
 31
0.0
  0
LWPOLYLINE
  5
D22
330
1F
100
AcDbEntity
  8
0
100
AcDbPolyline
 90
        8
 70
     1
 43
0.0
 10
151.425
 20
15.025
 42
-0.414214
 10
152.425
 20
16.025
 10
171.425
 20
16.025
 42
-0.414214
 10
172.425
 20
15.025
 10
172.425
 20
13.525
 42
-0.414214
 10
171.425
 20
12.525
 10
152.425
 20
12.525
 42
-0.414214
 10
151.425
 20
13.525
  0
LINE
  5
D23
330
1F
100
AcDbEntity
  8
0
 62
     4
100
AcDbLine
 10
161.925
 20
11.525
 30
0.0
 11
161.925
 21
10.525
 31
0.0
  0
LWPOLYLINE
  5
D24
330
1F
100
AcDbEntity
  8
0
100
AcDbPolyline
 90
        4
 70
     1
 43
0.0
 10
52.625
 20
-74.4375
 10
42.625
 20
-74.4375
 10
42.625
 20
-72.4375
 10
52.625
 20
-72.4375
  0
LINE
  5
D25
330
1F
100
AcDbEntity
  8
0
 62
     6
100
AcDbLine
 10
58.125
 20
-74.4375
 30
0.0
 11
37.125
 21
-77.9375
 31
0.0
  0
LINE
  5
D26
330
1F
100
AcDbEntity
  8
0
 62
     6
100
AcDbLine
 10
58.125
 20
-77.9375
 30
0.0
 11
37.125
 21
-74.4375
 31
0.0
  0
LINE
  5
D27
330
1F
100
AcDbEntity
  8
0
 62
     6
100
AcDbLine
 10
52.625
 20
-72.4375
 30
0.0
 11
42.625
 21
-74.4375
 31
0.0
  0
LINE
  5
D28
330
1F
100
AcDbEntity
  8
0
 62
     6
100
AcDbLine
 10
52.625
 20
-74.4375
 30
0.0
 11
42.625
 21
-72.4375
 31
0.0
  0
LINE
  5
D29
330
1F
100
AcDbEntity
  8
0
 62
     4
100
AcDbLine
 10
47.625
 20
-76.1875
 30
0.0
 11
47.625
 21
-74.4375
 31
0.0
  0
LINE
  5
D2A
330
1F
100
AcDbEntity
  8
0
 62
     4
100
AcDbLine
 10
47.625
 20
-73.4375
 30
0.0
 11
47.625
 21
-74.4375
 31
0.0
  0
LWPOLYLINE
  5
D2B
330
1F
100
AcDbEntity
  8
0
100
AcDbPolyline
 90
        8
 70
     1
 43
0.0
 10
58.125
 20
-76.9375
 42
-0.414214
 10
57.125
 20
-77.9375
 10
38.125
 20
-77.9375
 42
-0.414214
 10
37.125
 20
-76.9375
 10
37.125
 20
-75.4375
 42
-0.414214
 10
38.125
 20
-74.4375
 10
57.125
 20
-74.4375
 42
-0.414214
 10
58.125
 20
-75.4375
  0
LINE
  5
D2C
330
1F
100
AcDbEntity
  8
0
 62
     4
100
AcDbLine
 10
47.625
 20
-73.4375
 30
0.0
 11
47.625
 21
-72.4375
 31
0.0
  0
LWPOLYLINE
  5
D2D
330
1F
100
AcDbEntity
  8
0
100
AcDbPolyline
 90
        4
 70
     1
 43
0.0
 10
166.925
 20
-74.4375
 10
156.925
 20
-74.4375
 10
156.925
 20
-72.4375
 10
166.925
 20
-72.4375
  0
LINE
  5
D2E
330
1F
100
AcDbEntity
  8
0
 62
     6
100
AcDbLine
 10
172.425
 20
-74.4375
 30
0.0
 11
151.425
 21
-77.9375
 31
0.0
  0
LINE
  5
D2F
330
1F
100
AcDbEntity
  8
0
 62
     6
100
AcDbLine
 10
172.425
 20
-77.9375
 30
0.0
 11
151.425
 21
-74.4375
 31
0.0
  0
LINE
  5
D30
330
1F
100
AcDbEntity
  8
0
 62
     6
100
AcDbLine
 10
166.925
 20
-72.4375
 30
0.0
 11
156.925
 21
-74.4375
 31
0.0
  0
LINE
  5
D31
330
1F
100
AcDbEntity
  8
0
 62
     6
100
AcDbLine
 10
166.925
 20
-74.4375
 30
0.0
 11
156.925
 21
-72.4375
 31
0.0
  0
LINE
  5
D32
330
1F
100
AcDbEntity
  8
0
 62
     4
100
AcDbLine
 10
161.925
 20
-76.1875
 30
0.0
 11
161.925
 21
-74.4375
 31
0.0
  0
LINE
  5
D33
330
1F
100
AcDbEntity
  8
0
 62
     4
100
AcDbLine
 10
161.925
 20
-73.4375
 30
0.0
 11
161.925
 21
-74.4375
 31
0.0
  0
LWPOLYLINE
  5
D34
330
1F
100
AcDbEntity
  8
0
100
AcDbPolyline
 90
        8
 70
     1
 43
0.0
 10
172.425
 20
-76.9375
 42
-0.414214
 10
171.425
 20
-77.9375
 10
152.425
 20
-77.9375
 42
-0.414214
 10
151.425
 20
-76.9375
 10
151.425
 20
-75.4375
 42
-0.414214
 10
152.425
 20
-74.4375
 10
171.425
 20
-74.4375
 42
-0.414214
 10
172.425
 20
-75.4375
  0
LINE
  5
D35
330
1F
100
AcDbEntity
  8
0
 62
     4
100
AcDbLine
 10
161.925
 20
-73.4375
 30
0.0
 11
161.925
 21
-72.4375
 31
0.0
  0
LINE
  5
DCE
330
1F
100
AcDbEntity
  8
0
 62
     4
100
AcDbLine
 10
47.625
 20
9.525
 30
0.0
 11
47.625
 21
10.525
 31
0.0
  0
LINE
  5
DCF
330
1F
100
AcDbEntity
  8
0
 62
     4
100
AcDbLine
 10
161.925
 20
9.525
 30
0.0
 11
161.925
 21
10.525
 31
0.0
  0
VIEWPORT
  5
20F
330
D6
100
AcDbEntity
 67
     1
  8
0
 48
100.0
100
AcDbViewport
 10
0.0
 20
0.0
 30
0.0
 40
466.965848
 41
238.196088
 68
     1
 69
     1
 12
128.5
 22
97.5
 13
0.0
 23
0.0
 14
10.0
 24
10.0
 15
10.0
 25
10.0
 16
0.0
 26
0.0
 36
1.0
 17
0.0
 27
0.0
 37
0.0
 42
50.0
 43
0.0
 44
0.0
 45
238.196088
 50
0.0
 51
0.0
 72
   100
 90
   557168
  1

281
     0
 71
     1
 74
     0
110
0.0
120
0.0
130
0.0
111
1.0
121
0.0
131
0.0
112
0.0
122
1.0
132
0.0
 79
     0
146
0.0
170
     0
 61
     5
348
F5
292
     1
282
     1
141
0.0
142
0.0
 63
   256
  0
ENDSEC
  0
SECTION
  2
OBJECTS
  0
DICTIONARY
  5
C
330
0
100
AcDbDictionary
281
     1
  3
ACAD_COLOR
350
6B
  3
ACAD_DETAILVIEWSTYLE
350
648
  3
ACAD_GROUP
350
D
  3
ACAD_IMAGE_DICT
350
351
  3
ACAD_LAYOUT
350
1A
  3
ACAD_MATERIAL
350
6A
  3
ACAD_MLEADERSTYLE
350
12D
  3
ACAD_MLINESTYLE
350
17
  3
ACAD_PLOTSETTINGS
350
19
  3
ACAD_PLOTSTYLENAME
350
E
  3
ACAD_SCALELIST
350
10C
  3
ACAD_SECTIONVIEWSTYLE
350
649
  3
ACAD_TABLESTYLE
350
7E
  3
ACAD_VISUALSTYLE
350
EF
  3
ACDB_RECOMPOSE_DATA
350
E3D
  3
AcDbVariableDictionary
350
5E
  3
HOST_DOC_SETTINGS
350
365
  3
MCS_STREAM_DICT
350
34E
  0
SUN
  5
364
330
EA
100
AcDbSun
 90
        1
290
     0
 63
     7
421
 16777215
 40
1.0
291
     1
 91
  2455826
 92
 54000000
292
     0
 70
     2
 71
   256
280
     1
  0
DICTIONARY
  5
234
330
1F
100
AcDbDictionary
280
     1
281
     1
  3
ACAD_SORTENTS
360
235
  0
DICTIONARY
  5
6B
102
{ACAD_REACTORS
330
C
102
}
330
C
100
AcDbDictionary
281
     1
  0
DICTIONARY
  5
648
102
{ACAD_REACTORS
330
C
102
}
330
C
100
AcDbDictionary
281
     1
  0
DICTIONARY
  5
D
102
{ACAD_REACTORS
330
C
102
}
330
C
100
AcDbDictionary
281
     1
  0
DICTIONARY
  5
351
102
{ACAD_REACTORS
330
C
102
}
330
C
100
AcDbDictionary
281
     1
  0
DICTIONARY
  5
1A
102
{ACAD_REACTORS
330
C
102
}
330
C
100
AcDbDictionary
281
     1
  3
A0
350
225
  3
A1
350
220
  3
A2
350
21B
  3
A3
350
216
  3
A4
350
211
  3
Layout1
350
D3
  3
Layout2
350
D7
  3
Model
350
22
  0
DICTIONARY
  5
6A
102
{ACAD_REACTORS
330
C
102
}
330
C
100
AcDbDictionary
281
     1
  3
ByBlock
350
ED
  3
ByLayer
350
EC
  3
Global
350
EE
  0
DICTIONARY
  5
12D
102
{ACAD_REACTORS
330
C
102
}
330
C
100
AcDbDictionary
281
     1
  3
Standard
350
12E
  3
Аннотативный
350
13B
  0
DICTIONARY
  5
17
102
{ACAD_REACTORS
330
C
102
}
330
C
100
AcDbDictionary
281
     1
  3
Standard
350
18
  0
DICTIONARY
  5
19
102
{ACAD_REACTORS
330
C
102
}
330
C
100
AcDbDictionary
281
     1
  0
ACDBDICTIONARYWDFLT
  5
E
102
{ACAD_REACTORS
330
C
102
}
330
C
100
AcDbDictionary
281
     1
  3
Normal
350
F
100
AcDbDictionaryWithDefault
340
F
  0
DICTIONARY
  5
10C
102
{ACAD_REACTORS
330
C
102
}
330
C
100
AcDbDictionary
281
     1
  3
A0
350
10D
  3
A1
350
1BE
  3
A2
350
1BF
  3
A3
350
1C0
  3
A4
350
1C1
  3
A5
350
1C2
  3
A6
350
1C3
  3
A7
350
1C4
  3
A8
350
1C5
  3
A9
350
1C6
  3
B0
350
1C7
  3
B1
350
1C8
  3
B2
350
1C9
  3
B3
350
1CA
  3
B4
350
1CB
  3
B5
350
1CC
  3
B6
350
1CD
  0
DICTIONARY
  5
649
102
{ACAD_REACTORS
330
C
102
}
330
C
100
AcDbDictionary
281
     1
  0
DICTIONARY
  5
7E
102
{ACAD_REACTORS
330
C
102
}
330
C
100
AcDbDictionary
281
     1
  3
Standard
350
7F
  0
DICTIONARY
  5
EF
102
{ACAD_REACTORS
330
C
102
}
330
C
100
AcDbDictionary
281
     1
  3
2dWireframe
350
F5
  3
3D Hidden
350
F7
  3
3dWireframe
350
F6
  3
Basic
350
F4
  3
Brighten
350
FB
  3
ColorChange
350
FF
  3
Conceptual
350
F8
  3
Dim
350
FA
  3
EdgeColorOff
350
35E
  3
Facepattern
350
FE
  3
Flat
350
F0
  3
FlatWithEdges
350
F1
  3
Gouraud
350
F2
  3
GouraudWithEdges
350
F3
  3
Hidden
350
35B
  3
JitterOff
350
35C
  3
Linepattern
350
FD
  3
OverhangOff
350
35D
  3
Realistic
350
F9
  3
Shaded
350
363
  3
Shaded with edges
350
362
  3
Shades of Gray
350
35F
  3
Sketchy
350
360
  3
Thicken
350
FC
  3
Wireframe
350
35A
  3
X-Ray
350
361
  0
XRECORD
  5
E3D
102
{ACAD_REACTORS
330
C
102
}
330
C
100
AcDbXrecord
280
     1
 90
        1
330
7F
  0
DICTIONARY
  5
5E
102
{ACAD_REACTORS
330
C
102
}
330
C
100
AcDbDictionary
281
     1
  3
CANNOSCALE
350
146
  3
CMLEADERSTYLE
350
145
  3
CTABLESTYLE
350
84
  3
DIMASSOC
350
5F
  3
HIDETEXT
350
63
  3
LAYEREVAL
350
1AE
  3
LAYERNOTIFY
350
1AF
  3
XCLIPFRAME
350
356
  0
DICTIONARY
  5
365
102
{ACAD_REACTORS
330
C
102
}
330
C
100
AcDbDictionary
281
     1
  3
NCDocParameters
350
366
  0
DICTIONARY
  5
34E
102
{ACAD_REACTORS
330
C
102
}
330
C
100
AcDbDictionary
281
     1
  3
MC_VERSION_DATA
350
647
  3
MCS_DOCUMENT_ID
350
357
  3
MCS_PARAMS_DATA
350
367
  0
SORTENTSTABLE
  5
235
102
{ACAD_REACTORS
330
234
102
}
330
234
100
AcDbSortentsTable
330
1F
331
0
  5
237
  0
LAYOUT
  5
225
102
{ACAD_REACTORS
330
1A
102
}
330
1A
100
AcDbPlotSettings
  1

  2
none_device
  4
ISO_A0_(1189.00_x_841.00_MM)
  6

 40
7.5
 41
20.0
 42
7.5
 43
20.0
 44
1189.0
 45
841.0
 46
0.0
 47
0.0
 48
0.0
 49
0.0
140
0.0
141
0.0
142
1.0
143
1.0
 70
   688
 72
     1
 73
     0
 74
     5
  7

 75
    16
 76
     0
 77
     2
 78
   300
147
1.0
148
0.0
149
0.0
100
AcDbLayout
  1
A0
 70
     0
 71
     7
 10
0.0
 20
0.0
 11
0.0
 21
0.0
 12
0.0
 22
0.0
 32
0.0
 14
0.0
 24
0.0
 34
0.0
 15
0.0
 25
0.0
 35
0.0
146
0.0
 13
0.0
 23
0.0
 33
0.0
 16
1.0
 26
0.0
 36
0.0
 17
0.0
 27
1.0
 37
0.0
 76
     0
330
224
331
228
  0
LAYOUT
  5
220
102
{ACAD_REACTORS
330
1A
102
}
330
1A
100
AcDbPlotSettings
  1

  2
none_device
  4
ISO_A1_(841.00_x_594.00_MM)
  6

 40
7.5
 41
20.0
 42
7.5
 43
20.0
 44
841.0
 45
594.0
 46
0.0
 47
0.0
 48
0.0
 49
0.0
140
0.0
141
0.0
142
1.0
143
1.0
 70
   688
 72
     1
 73
     0
 74
     5
  7

 75
    16
 76
     0
 77
     2
 78
   300
147
1.0
148
0.0
149
0.0
100
AcDbLayout
  1
A1
 70
     1
 71
     6
 10
-20.0
 20
-7.5
 11
277.0
 21
202.5
 12
0.0
 22
0.0
 32
0.0
 14
0.0
 24
0.0
 34
0.0
 15
0.0
 25
0.0
 35
0.0
146
0.0
 13
0.0
 23
0.0
 33
0.0
 16
1.0
 26
0.0
 36
0.0
 17
0.0
 27
1.0
 37
0.0
 76
     0
330
21F
331
223
  0
LAYOUT
  5
21B
102
{ACAD_REACTORS
330
1A
102
}
330
1A
100
AcDbPlotSettings
  1

  2
none_device
  4
ISO_A2_(594.00_x_420.00_MM)
  6

 40
7.5
 41
20.0
 42
7.5
 43
20.0
 44
594.0
 45
420.0
 46
0.0
 47
0.0
 48
0.0
 49
0.0
140
0.0
141
0.0
142
1.0
143
1.0
 70
   688
 72
     1
 73
     0
 74
     5
  7

 75
    16
 76
     0
 77
     2
 78
   300
147
1.0
148
0.0
149
0.0
100
AcDbLayout
  1
A2
 70
     1
 71
     5
 10
0.0
 20
0.0
 11
0.0
 21
0.0
 12
0.0
 22
0.0
 32
0.0
 14
0.0
 24
0.0
 34
0.0
 15
0.0
 25
0.0
 35
0.0
146
0.0
 13
0.0
 23
0.0
 33
0.0
 16
1.0
 26
0.0
 36
0.0
 17
0.0
 27
1.0
 37
0.0
 76
     0
330
21A
331
21E
  0
LAYOUT
  5
216
102
{ACAD_REACTORS
330
1A
102
}
330
1A
100
AcDbPlotSettings
  1

  2
none_device
  4
ISO_A3_(420.00_x_297.00_MM)
  6

 40
7.5
 41
20.0
 42
7.5
 43
20.0
 44
420.0
 45
297.0
 46
0.0
 47
0.0
 48
0.0
 49
0.0
140
0.0
141
0.0
142
1.0
143
1.0
 70
   688
 72
     1
 73
     0
 74
     5
  7

 75
    16
 76
     0
 77
     2
 78
   300
147
1.0
148
0.0
149
0.0
100
AcDbLayout
  1
A3
 70
     1
 71
     4
 10
0.0
 20
0.0
 11
0.0
 21
0.0
 12
0.0
 22
0.0
 32
0.0
 14
0.0
 24
0.0
 34
0.0
 15
0.0
 25
0.0
 35
0.0
146
0.0
 13
0.0
 23
0.0
 33
0.0
 16
1.0
 26
0.0
 36
0.0
 17
0.0
 27
1.0
 37
0.0
 76
     0
330
215
331
219
  0
LAYOUT
  5
211
102
{ACAD_REACTORS
330
1A
102
}
330
1A
100
AcDbPlotSettings
  1

  2
none_device
  4
ISO_A4_(210.00_x_297.00_MM)
  6

 40
7.5
 41
20.0
 42
7.5
 43
20.0
 44
210.0
 45
297.0
 46
0.0
 47
0.0
 48
0.0
 49
0.0
140
0.0
141
0.0
142
1.0
143
1.0
 70
   688
 72
     1
 73
     0
 74
     5
  7

 75
    16
 76
     0
 77
     2
 78
   300
147
1.0
148
0.0
149
0.0
100
AcDbLayout
  1
A4
 70
     1
 71
     3
 10
0.0
 20
0.0
 11
0.0
 21
0.0
 12
0.0
 22
0.0
 32
0.0
 14
0.0
 24
0.0
 34
0.0
 15
0.0
 25
0.0
 35
0.0
146
0.0
 13
0.0
 23
0.0
 33
0.0
 16
1.0
 26
0.0
 36
0.0
 17
0.0
 27
1.0
 37
0.0
 76
     0
330
210
331
214
  0
LAYOUT
  5
D3
102
{ACAD_REACTORS
330
1A
102
}
330
1A
100
AcDbPlotSettings
  1

  2
none_device
  4
ISO_A4_(210.00_x_297.00_MM)
  6

 40
7.5
 41
20.0
 42
7.5
 43
20.0
 44
210.0
 45
297.0
 46
0.0
 47
0.0
 48
0.0
 49
0.0
140
0.0
141
0.0
142
1.0
143
1.0
 70
   688
 72
     1
 73
     1
 74
     5
  7

 75
    16
 76
     0
 77
     2
 78
   300
147
1.0
148
0.0
149
0.0
100
AcDbLayout
  1
Layout1
 70
     0
 71
     1
 10
0.0
 20
0.0
 11
12.0
 21
9.0
 12
0.0
 22
0.0
 32
0.0
 14
0.0
 24
0.0
 34
0.0
 15
0.0
 25
0.0
 35
0.0
146
0.0
 13
0.0
 23
0.0
 33
0.0
 16
1.0
 26
0.0
 36
0.0
 17
0.0
 27
1.0
 37
0.0
 76
     0
330
D2
331
229
  0
LAYOUT
  5
D7
102
{ACAD_REACTORS
330
1A
102
}
330
1A
100
AcDbPlotSettings
  1

  2
none_device
  4
ISO_A4_(210.00_x_297.00_MM)
  6

 40
7.5
 41
20.0
 42
7.5
 43
20.0
 44
210.0
 45
297.0
 46
0.0
 47
0.0
 48
0.0
 49
0.0
140
0.0
141
0.0
142
1.0
143
1.0
 70
   688
 72
     1
 73
     1
 74
     5
  7

 75
    16
 76
     0
 77
     2
 78
   300
147
1.0
148
0.0
149
0.0
100
AcDbLayout
  1
Layout2
 70
     0
 71
     2
 10
-20.0
 20
-7.5
 11
277.0
 21
202.5
 12
0.0
 22
0.0
 32
0.0
 14
0.0
 24
0.0
 34
0.0
 15
0.0
 25
0.0
 35
0.0
146
0.0
 13
0.0
 23
0.0
 33
0.0
 16
1.0
 26
0.0
 36
0.0
 17
0.0
 27
1.0
 37
0.0
 76
     0
330
D6
331
20F
  0
LAYOUT
  5
22
102
{ACAD_REACTORS
330
1A
102
}
102
{ACAD_XDICTIONARY
360
358
102
}
330
1A
100
AcDbPlotSettings
  1

  2
none_device
  4
ISO_A4_(210.00_x_297.00_MM)
  6

 40
7.5
 41
20.0
 42
7.5
 43
20.0
 44
210.0
 45
297.0
 46
0.0
 47
0.0
 48
0.0
 49
0.0
140
0.0
141
0.0
142
1.0
143
3.249677
 70
 11952
 72
     1
 73
     0
 74
     0
  7

 75
     0
 76
     0
 77
     2
 78
   300
147
0.307723
148
0.0
149
0.0
100
AcDbLayout
  1
Model
 70
     1
 71
     0
 10
0.0
 20
0.0
 11
420.0
 21
297.0
 12
0.0
 22
0.0
 32
0.0
 14
-9.525
 24
-71.4375
 34
0.0
 15
266.7
 25
9.525
 35
0.0
146
0.0
 13
0.0
 23
0.0
 33
0.0
 16
1.0
 26
0.0
 36
0.0
 17
0.0
 27
1.0
 37
0.0
 76
     0
330
1F
331
EA
1001
ACAD_PSEXT
1000
None
1000
None
1000
Not applicable
1000
The layout will not be plotted unless a new plotter configuration name is selected.
1070
     0
  0
MATERIAL
  5
ED
102
{ACAD_REACTORS
330
6A
102
}
330
6A
100
AcDbMaterial
  1
ByBlock
 72
     1
 73
     2
 78
     2
172
     2
176
     2
270
     2
274
     2
 94
       63
  0
MATERIAL
  5
EC
102
{ACAD_REACTORS
330
6A
102
}
330
6A
100
AcDbMaterial
  1
ByLayer
 72
     1
 73
     2
 78
     2
172
     2
176
     2
270
     2
274
     2
 94
       63
  0
MATERIAL
  5
EE
102
{ACAD_REACTORS
330
6A
102
}
330
6A
100
AcDbMaterial
  1
Global
 72
     1
 73
     2
 43
0.0008
 43
0.0
 43
0.0
 43
0.0
 43
0.0
 43
0.0008
 43
0.0
 43
0.0
 43
0.0
 43
0.0
 43
1.0
 43
0.0
 43
0.0
 43
0.0
 43
0.0
 43
1.0
 78
     2
172
     2
 49
0.0008
 49
0.0
 49
0.0
 49
0.0
 49
0.0
 49
0.0008
 49
0.0
 49
0.0
 49
0.0
 49
0.0
 49
1.0
 49
0.0
 49
0.0
 49
0.0
 49
0.0
 49
1.0
176
     2
142
0.0008
142
0.0
142
0.0
142
0.0
142
0.0
142
0.0008
142
0.0
142
0.0
142
0.0
142
0.0
142
1.0
142
0.0
142
0.0
142
0.0
142
0.0
142
1.0
270
     2
144
0.0008
144
0.0
144
0.0
144
0.0
144
0.0
144
0.0008
144
0.0
144
0.0
144
0.0
144
0.0
144
1.0
144
0.0
144
0.0
144
0.0
144
0.0
144
1.0
274
     2
 94
       63
1001
ACAD
1070
    -1
1070
     3
1070
     0
1000

1071
        0
1070
     0
  0
MLEADERSTYLE
  5
12E
102
{ACAD_REACTORS
330
12D
102
}
330
12D
100
AcDbMLeaderStyle
179
     2
170
     2
171
     1
172
     0
 90
        2
 40
0.0
 41
0.0
173
     1
 91
-1056964608
340
14
 92
       -2
290
     1
 42
2.0
291
     1
 43
8.0
  3
Standard
341
0
 44
4.0
300

342
11
174
     1
178
     1
175
     1
176
     0
 93
-1056964608
 45
4.0
292
     0
297
     0
 46
4.0
343
0
 94
-1056964608
 47
1.0
 49
1.0
140
1.0
293
     1
141
0.0
294
     1
177
     0
142
1.0
295
     0
296
     0
143
3.75
271
     0
272
     9
273
     9
1001
ACAD_MLEADERVER
1070
     2
  0
MLEADERSTYLE
  5
13B
102
{ACAD_REACTORS
330
12D
102
}
330
12D
100
AcDbMLeaderStyle
179
     2
170
     2
171
     1
172
     0
 90
        2
 40
0.0
 41
0.0
173
     1
 91
-1056964608
340
14
 92
       -2
290
     1
 42
2.0
291
     1
 43
8.0
  3
Standard
341
0
 44
4.0
300

342
11
174
     1
178
     1
175
     1
176
     0
 93
-1056964608
 45
4.0
292
     0
297
     0
 46
4.0
343
0
 94
-1056964608
 47
1.0
 49
1.0
140
1.0
293
     1
141
0.0
294
     1
177
     0
142
1.0
295
     1
296
     0
143
3.75
271
     0
272
     9
273
     9
1001
ACAD_MLEADERVER
1070
     2
  0
MLINESTYLE
  5
18
102
{ACAD_REACTORS
330
17
102
}
330
17
100
AcDbMlineStyle
  2
STANDARD
 70
     0
  3

 62
   256
 51
90.0
 52
90.0
 71
     2
 49
0.5
 62
   256
  6
BYLAYER
 49
-0.5
 62
   256
  6
BYLAYER
  0
ACDBPLACEHOLDER
  5
F
102
{ACAD_REACTORS
330
E
102
}
330
E
  0
SCALE
  5
10D
102
{ACAD_REACTORS
330
10C
102
}
330
10C
100
AcDbScale
 70
     0
300
1:1
140
1.0
141
1.0
290
     1
  0
SCALE
  5
1BE
102
{ACAD_REACTORS
330
10C
102
}
330
10C
100
AcDbScale
 70
     0
300
1:2
140
1.0
141
2.0
290
     0
  0
SCALE
  5
1BF
102
{ACAD_REACTORS
330
10C
102
}
330
10C
100
AcDbScale
 70
     0
300
1:4
140
1.0
141
4.0
290
     0
  0
SCALE
  5
1C0
102
{ACAD_REACTORS
330
10C
102
}
330
10C
100
AcDbScale
 70
     0
300
1:5
140
1.0
141
5.0
290
     0
  0
SCALE
  5
1C1
102
{ACAD_REACTORS
330
10C
102
}
330
10C
100
AcDbScale
 70
     0
300
1:8
140
1.0
141
8.0
290
     0
  0
SCALE
  5
1C2
102
{ACAD_REACTORS
330
10C
102
}
330
10C
100
AcDbScale
 70
     0
300
1:10
140
1.0
141
10.0
290
     0
  0
SCALE
  5
1C3
102
{ACAD_REACTORS
330
10C
102
}
330
10C
100
AcDbScale
 70
     0
300
1:16
140
1.0
141
16.0
290
     0
  0
SCALE
  5
1C4
102
{ACAD_REACTORS
330
10C
102
}
330
10C
100
AcDbScale
 70
     0
300
1:20
140
1.0
141
20.0
290
     0
  0
SCALE
  5
1C5
102
{ACAD_REACTORS
330
10C
102
}
330
10C
100
AcDbScale
 70
     0
300
1:30
140
1.0
141
30.0
290
     0
  0
SCALE
  5
1C6
102
{ACAD_REACTORS
330
10C
102
}
330
10C
100
AcDbScale
 70
     0
300
1:40
140
1.0
141
40.0
290
     0
  0
SCALE
  5
1C7
102
{ACAD_REACTORS
330
10C
102
}
330
10C
100
AcDbScale
 70
     0
300
1:50
140
1.0
141
50.0
290
     0
  0
SCALE
  5
1C8
102
{ACAD_REACTORS
330
10C
102
}
330
10C
100
AcDbScale
 70
     0
300
1:100
140
1.0
141
100.0
290
     0
  0
SCALE
  5
1C9
102
{ACAD_REACTORS
330
10C
102
}
330
10C
100
AcDbScale
 70
     0
300
2:1
140
2.0
141
1.0
290
     0
  0
SCALE
  5
1CA
102
{ACAD_REACTORS
330
10C
102
}
330
10C
100
AcDbScale
 70
     0
300
4:1
140
4.0
141
1.0
290
     0
  0
SCALE
  5
1CB
102
{ACAD_REACTORS
330
10C
102
}
330
10C
100
AcDbScale
 70
     0
300
8:1
140
8.0
141
1.0
290
     0
  0
SCALE
  5
1CC
102
{ACAD_REACTORS
330
10C
102
}
330
10C
100
AcDbScale
 70
     0
300
10:1
140
10.0
141
1.0
290
     0
  0
SCALE
  5
1CD
102
{ACAD_REACTORS
330
10C
102
}
330
10C
100
AcDbScale
 70
     0
300
100:1
140
100.0
141
1.0
290
     0
  0
TABLESTYLE
  5
7F
102
{ACAD_REACTORS
330
7E
102
}
102
{ACAD_XDICTIONARY
360
E07
102
}
330
7E
100
AcDbTableStyle
  3
Standard
 70
     0
 71
     0
 40
1.5
 41
1.5
280
     0
281
     0
  7
Standard
140
4.5
170
     2
 62
     0
 63
   257
283
     0
 90
      512
 91
        0
  1

274
    -2
284
     1
 64
     0
275
    -2
285
     1
 65
     0
276
    -2
286
     1
 66
     0
277
    -2
287
     1
 67
     0
278
    -2
288
     1
 68
     0
279
    -2
289
     1
 69
     0
  7
Standard
140
6.0
170
     5
 62
     0
 63
   257
283
     0
 90
      512
 91
        0
  1

274
    -2
284
     1
 64
     0
275
    -2
285
     1
 65
     0
276
    -2
286
     1
 66
     0
277
    -2
287
     1
 67
     0
278
    -2
288
     1
 68
     0
279
    -2
289
     1
 69
     0
  7
Standard
140
4.5
170
     5
 62
     0
 63
   257
283
     0
 90
      512
 91
        0
  1

274
    -2
284
     1
 64
     0
275
    -2
285
     1
 65
     0
276
    -2
286
     1
 66
     0
277
    -2
287
     1
 67
     0
278
    -2
288
     1
 68
     0
279
    -2
289
     1
 69
     0
  0
VISUALSTYLE
  5
F5
102
{ACAD_REACTORS
330
EF
102
}
102
{ACAD_XDICTIONARY
360
E09
102
}
330
EF
100
AcDbVisualStyle
  2
2dWireframe
 70
     4
177
     2
291
     0
 71
     0
176
     1
 72
     2
176
     1
 73
     1
176
     1
 90
        0
176
     1
 40
-0.6
176
     1
 41
-30.0
176
     1
 62
     5
 63
     7
421
 16777215
176
     1
 74
     1
176
     1
 91
        4
176
     1
 64
     7
176
     1
 65
   257
176
     1
 75
     1
176
     1
175
     1
176
     1
 42
1.0
176
     1
 92
        0
176
     1
 66
   257
176
     1
 43
1.0
176
     1
 76
     1
176
     1
 77
     6
176
     1
 78
     2
176
     1
 67
     7
176
     1
 79
     5
176
     1
170
     0
176
     1
171
     0
176
     1
290
     0
176
     1
 93
        1
176
     1
 44
0.0
176
     1
173
     0
176
     1
  0
VISUALSTYLE
  5
F7
102
{ACAD_REACTORS
330
EF
102
}
102
{ACAD_XDICTIONARY
360
E0B
102
}
330
EF
100
AcDbVisualStyle
  2
3D Hidden
 70
     6
177
     2
291
     0
 71
     1
176
     1
 72
     2
176
     1
 73
     2
176
     1
 90
        0
176
     1
 40
-0.6
176
     1
 41
-30.0
176
     1
 62
     5
 63
     7
421
 16777215
176
     1
 74
     2
176
     1
 91
        2
176
     1
 64
     7
176
     1
 65
   257
176
     1
 75
     2
176
     1
175
     1
176
     1
 42
40.0
176
     1
 92
        0
176
     1
 66
   257
176
     1
 43
1.0
176
     1
 76
     1
176
     1
 77
     6
176
     1
 78
     2
176
     1
 67
     7
176
     1
 79
     3
176
     1
170
     0
176
     1
171
     0
176
     1
290
     0
176
     1
 93
        1
176
     1
 44
0.0
176
     1
173
     0
176
     1
  0
VISUALSTYLE
  5
F6
102
{ACAD_REACTORS
330
EF
102
}
102
{ACAD_XDICTIONARY
360
E0D
102
}
330
EF
100
AcDbVisualStyle
  2
3dWireframe
 70
     5
177
     2
291
     0
 71
     0
176
     1
 72
     2
176
     1
 73
     1
176
     1
 90
        0
176
     1
 40
-0.6
176
     1
 41
-30.0
176
     1
 62
     5
 63
     7
421
 16777215
176
     1
 74
     1
176
     1
 91
        4
176
     1
 64
     7
176
     1
 65
   257
176
     1
 75
     1
176
     1
175
     1
176
     1
 42
1.0
176
     1
 92
        0
176
     1
 66
   257
176
     1
 43
1.0
176
     1
 76
     1
176
     1
 77
     6
176
     1
 78
     2
176
     1
 67
     7
176
     1
 79
     5
176
     1
170
     0
176
     1
171
     0
176
     1
290
     0
176
     1
 93
        1
176
     1
 44
0.0
176
     1
173
     0
176
     1
  0
VISUALSTYLE
  5
F4
102
{ACAD_REACTORS
330
EF
102
}
102
{ACAD_XDICTIONARY
360
E0F
102
}
330
EF
100
AcDbVisualStyle
  2
Basic
 70
     7
177
     2
291
     1
 71
     1
176
     1
 72
     0
176
     1
 73
     1
176
     1
 90
        0
176
     1
 40
-0.6
176
     1
 41
-30.0
176
     1
 62
     5
 63
     7
421
 16777215
176
     1
 74
     0
176
     1
 91
        4
176
     1
 64
     7
176
     1
 65
   257
176
     1
 75
     1
176
     1
175
     1
176
     1
 42
1.0
176
     1
 92
        8
176
     1
 66
     7
176
     1
 43
1.0
176
     1
 76
     1
176
     1
 77
     6
176
     1
 78
     2
176
     1
 67
     7
176
     1
 79
     5
176
     1
170
     0
176
     1
171
     0
176
     1
290
     0
176
     1
 93
        1
176
     1
 44
0.0
176
     1
173
     0
176
     1
  0
VISUALSTYLE
  5
FB
102
{ACAD_REACTORS
330
EF
102
}
102
{ACAD_XDICTIONARY
360
E11
102
}
330
EF
100
AcDbVisualStyle
  2
Brighten
 70
    12
177
     2
291
     1
 71
     2
176
     1
 72
     2
176
     1
 73
     1
176
     1
 90
        0
176
     1
 40
-0.6
176
     1
 41
-30.0
176
     1
 62
     5
 63
     7
421
 16777215
176
     1
 74
     1
176
     1
 91
        4
176
     1
 64
     7
176
     1
 65
   257
176
     1
 75
     1
176
     1
175
     1
176
     1
 42
1.0
176
     1
 92
        8
176
     1
 66
     7
176
     1
 43
1.0
176
     1
 76
     1
176
     1
 77
     6
176
     1
 78
     2
176
     1
 67
     7
176
     1
 79
     5
176
     1
170
     0
176
     1
171
     0
176
     1
290
     0
176
     1
 93
        1
176
     1
 44
50.0
176
     1
173
     0
176
     1
  0
VISUALSTYLE
  5
FF
102
{ACAD_REACTORS
330
EF
102
}
102
{ACAD_XDICTIONARY
360
E13
102
}
330
EF
100
AcDbVisualStyle
  2
ColorChange
 70
    16
177
     2
291
     1
 71
     2
176
     1
 72
     2
176
     1
 73
     3
176
     1
 90
        0
176
     1
 40
-0.6
176
     1
 41
-30.0
176
     1
 62
     5
 63
     8
421
  8421504
176
     1
 74
     1
176
     1
 91
        4
176
     1
 64
     7
176
     1
 65
   257
176
     1
 75
     1
176
     1
175
     1
176
     1
 42
1.0
176
     1
 92
        8
176
     1
 66
     8
424
  8421504
176
     1
 43
1.0
176
     1
 76
     1
176
     1
 77
     6
176
     1
 78
     2
176
     1
 67
     7
176
     1
 79
     5
176
     1
170
     0
176
     1
171
     0
176
     1
290
     0
176
     1
 93
        1
176
     1
 44
0.0
176
     1
173
     0
176
     1
  0
VISUALSTYLE
  5
F8
102
{ACAD_REACTORS
330
EF
102
}
102
{ACAD_XDICTIONARY
360
E15
102
}
330
EF
100
AcDbVisualStyle
  2
Conceptual
 70
     9
177
     2
291
     0
 71
     3
176
     1
 72
     2
176
     1
 73
     1
176
     1
 90
        0
176
     1
 40
-0.6
176
     1
 41
-30.0
176
     1
 62
     5
 63
     7
421
 16777215
176
     1
 74
     2
176
     1
 91
        2
176
     1
 64
     7
176
     1
 65
   257
176
     1
 75
     1
176
     1
175
     1
176
     1
 42
40.0
176
     1
 92
        8
176
     1
 66
     7
176
     1
 43
1.0
176
     1
 76
     1
176
     1
 77
     6
176
     1
 78
     2
176
     1
 67
     7
176
     1
 79
     3
176
     1
170
     0
176
     1
171
     0
176
     1
290
     0
176
     1
 93
        1
176
     1
 44
0.0
176
     1
173
     0
176
     1
  0
VISUALSTYLE
  5
FA
102
{ACAD_REACTORS
330
EF
102
}
102
{ACAD_XDICTIONARY
360
E17
102
}
330
EF
100
AcDbVisualStyle
  2
Dim
 70
    11
177
     2
291
     1
 71
     2
176
     1
 72
     2
176
     1
 73
     1
176
     1
 90
        0
176
     1
 40
-0.6
176
     1
 41
-30.0
176
     1
 62
     5
 63
     7
421
 16777215
176
     1
 74
     1
176
     1
 91
        4
176
     1
 64
     7
176
     1
 65
   257
176
     1
 75
     1
176
     1
175
     1
176
     1
 42
1.0
176
     1
 92
        8
176
     1
 66
     7
176
     1
 43
1.0
176
     1
 76
     1
176
     1
 77
     6
176
     1
 78
     2
176
     1
 67
     7
176
     1
 79
     5
176
     1
170
     0
176
     1
171
     0
176
     1
290
     0
176
     1
 93
        1
176
     1
 44
-50.0
176
     1
173
     0
176
     1
  0
VISUALSTYLE
  5
35E
102
{ACAD_REACTORS
330
EF
102
}
102
{ACAD_XDICTIONARY
360
E19
102
}
330
EF
100
AcDbVisualStyle
  2
EdgeColorOff
 70
    22
177
     2
291
     1
 71
     2
176
     0
 72
     2
176
     0
 73
     0
176
     0
 90
        0
176
     0
 40
0.6
176
     0
 41
30.0
176
     0
 62
     5
 63
     7
421
 16777215
176
     0
 74
     1
176
     0
 91
        4
176
     0
 64
     7
176
     0
 65
   257
176
     0
 75
     1
176
     0
175
     1
176
     0
 42
1.0
176
     0
 92
        8
176
     2
 66
     7
176
     0
 43
1.0
176
     0
 76
     1
176
     0
 77
     6
176
     0
 78
     2
176
     0
 67
     7
176
     0
 79
     5
176
     0
170
     0
176
     0
171
     0
176
     0
290
     0
176
     0
 93
        1
176
     0
 44
0.0
176
     0
173
     0
176
     0
  0
VISUALSTYLE
  5
FE
102
{ACAD_REACTORS
330
EF
102
}
102
{ACAD_XDICTIONARY
360
E1B
102
}
330
EF
100
AcDbVisualStyle
  2
Facepattern
 70
    15
177
     2
291
     1
 71
     2
176
     1
 72
     2
176
     1
 73
     1
176
     1
 90
        0
176
     1
 40
-0.6
176
     1
 41
-30.0
176
     1
 62
     5
 63
     7
421
 16777215
176
     1
 74
     1
176
     1
 91
        4
176
     1
 64
     7
176
     1
 65
   257
176
     1
 75
     1
176
     1
175
     1
176
     1
 42
1.0
176
     1
 92
        8
176
     1
 66
     7
176
     1
 43
1.0
176
     1
 76
     1
176
     1
 77
     6
176
     1
 78
     2
176
     1
 67
     7
176
     1
 79
     5
176
     1
170
     0
176
     1
171
     0
176
     1
290
     0
176
     1
 93
        1
176
     1
 44
0.0
176
     1
173
     0
176
     1
  0
VISUALSTYLE
  5
F0
102
{ACAD_REACTORS
330
EF
102
}
102
{ACAD_XDICTIONARY
360
E1D
102
}
330
EF
100
AcDbVisualStyle
  2
Flat
 70
     0
177
     2
291
     1
 71
     2
176
     1
 72
     1
176
     1
 73
     1
176
     1
 90
        2
176
     1
 40
-0.6
176
     1
 41
30.0
176
     1
 62
     5
 63
     7
421
 16777215
176
     1
 74
     0
176
     1
 91
        4
176
     1
 64
     7
176
     1
 65
   257
176
     1
 75
     1
176
     1
175
     1
176
     1
 42
1.0
176
     1
 92
        8
176
     1
 66
     7
176
     1
 43
1.0
176
     1
 76
     1
176
     1
 77
     6
176
     1
 78
     2
176
     1
 67
     7
176
     1
 79
     5
176
     1
170
     0
176
     1
171
     0
176
     1
290
     0
176
     1
 93
        1
176
     1
 44
0.0
176
     1
173
     0
176
     1
  0
VISUALSTYLE
  5
F1
102
{ACAD_REACTORS
330
EF
102
}
102
{ACAD_XDICTIONARY
360
E1F
102
}
330
EF
100
AcDbVisualStyle
  2
FlatWithEdges
 70
     1
177
     2
291
     1
 71
     2
176
     1
 72
     1
176
     1
 73
     1
176
     1
 90
        2
176
     1
 40
-0.6
176
     1
 41
30.0
176
     1
 62
     5
 63
     7
421
 16777215
176
     1
 74
     1
176
     1
 91
        4
176
     1
 64
     7
176
     1
 65
   257
176
     1
 75
     1
176
     1
175
     1
176
     1
 42
1.0
176
     1
 92
        0
176
     1
 66
   257
176
     1
 43
1.0
176
     1
 76
     1
176
     1
 77
     6
176
     1
 78
     2
176
     1
 67
     7
176
     1
 79
     5
176
     1
170
     0
176
     1
171
     0
176
     1
290
     0
176
     1
 93
        1
176
     1
 44
0.0
176
     1
173
     0
176
     1
  0
VISUALSTYLE
  5
F2
102
{ACAD_REACTORS
330
EF
102
}
102
{ACAD_XDICTIONARY
360
E21
102
}
330
EF
100
AcDbVisualStyle
  2
Gouraud
 70
     2
177
     2
291
     1
 71
     2
176
     1
 72
     2
176
     1
 73
     1
176
     1
 90
        2
176
     1
 40
-0.6
176
     1
 41
30.0
176
     1
 62
     5
 63
     7
421
 16777215
176
     1
 74
     0
176
     1
 91
        4
176
     1
 64
     7
176
     1
 65
   257
176
     1
 75
     1
176
     1
175
     1
176
     1
 42
1.0
176
     1
 92
        0
176
     1
 66
     7
176
     1
 43
1.0
176
     1
 76
     1
176
     1
 77
     6
176
     1
 78
     2
176
     1
 67
     7
176
     1
 79
     5
176
     1
170
     0
176
     1
171
     0
176
     1
290
     0
176
     1
 93
        1
176
     1
 44
0.0
176
     1
173
     0
176
     1
  0
VISUALSTYLE
  5
F3
102
{ACAD_REACTORS
330
EF
102
}
102
{ACAD_XDICTIONARY
360
E23
102
}
330
EF
100
AcDbVisualStyle
  2
GouraudWithEdges
 70
     3
177
     2
291
     1
 71
     2
176
     1
 72
     2
176
     1
 73
     1
176
     1
 90
        2
176
     1
 40
-0.6
176
     1
 41
30.0
176
     1
 62
     5
 63
     7
421
 16777215
176
     1
 74
     1
176
     1
 91
        4
176
     1
 64
     7
176
     1
 65
   257
176
     1
 75
     1
176
     1
175
     1
176
     1
 42
1.0
176
     1
 92
        0
176
     1
 66
   257
176
     1
 43
1.0
176
     1
 76
     1
176
     1
 77
     6
176
     1
 78
     2
176
     1
 67
     7
176
     1
 79
     5
176
     1
170
     0
176
     1
171
     0
176
     1
290
     0
176
     1
 93
        1
176
     1
 44
0.0
176
     1
173
     0
176
     1
  0
VISUALSTYLE
  5
35B
102
{ACAD_REACTORS
330
EF
102
}
102
{ACAD_XDICTIONARY
360
E25
102
}
330
EF
100
AcDbVisualStyle
  2
Hidden
 70
     6
177
     2
291
     0
 71
     1
176
     1
 72
     2
176
     1
 73
     2
176
     1
 90
        0
176
     1
 40
0.6
176
     1
 41
30.0
176
     1
 62
     5
 63
     7
421
 16777215
176
     1
 74
     2
176
     1
 91
        2
176
     1
 64
     7
176
     1
 65
   257
176
     1
 75
     2
176
     1
175
     1
176
     1
 42
40.0
176
     1
 92
        0
176
     1
 66
   257
176
     1
 43
1.0
176
     1
 76
     1
176
     1
 77
     6
176
     1
 78
     2
176
     1
 67
     7
176
     1
 79
     3
176
     1
170
     0
176
     1
171
     0
176
     1
290
     0
176
     1
 93
        1
176
     1
 44
0.0
176
     1
173
     0
176
     1
  0
VISUALSTYLE
  5
35C
102
{ACAD_REACTORS
330
EF
102
}
102
{ACAD_XDICTIONARY
360
E27
102
}
330
EF
100
AcDbVisualStyle
  2
JitterOff
 70
    20
177
     2
291
     1
 71
     2
176
     0
 72
     2
176
     0
 73
     0
176
     0
 90
        0
176
     0
 40
0.6
176
     0
 41
30.0
176
     0
 62
     5
 63
     7
421
 16777215
176
     0
 74
     1
176
     0
 91
        4
176
     0
 64
     7
176
     0
 65
   257
176
     0
 75
     1
176
     0
175
     1
176
     0
 42
1.0
176
     0
 92
       10
176
     2
 66
     7
176
     0
 43
1.0
176
     0
 76
     1
176
     0
 77
     6
176
     0
 78
     2
176
     0
 67
     7
176
     0
 79
     5
176
     0
170
     0
176
     0
171
     0
176
     0
290
     0
176
     0
 93
        1
176
     0
 44
0.0
176
     0
173
     0
176
     0
  0
VISUALSTYLE
  5
FD
102
{ACAD_REACTORS
330
EF
102
}
102
{ACAD_XDICTIONARY
360
E29
102
}
330
EF
100
AcDbVisualStyle
  2
Linepattern
 70
    14
177
     2
291
     1
 71
     2
176
     1
 72
     2
176
     1
 73
     1
176
     1
 90
        0
176
     1
 40
-0.6
176
     1
 41
-30.0
176
     1
 62
     5
 63
     7
421
 16777215
176
     1
 74
     1
176
     1
 91
        4
176
     1
 64
     7
176
     1
 65
   257
176
     1
 75
     7
176
     1
175
     7
176
     1
 42
1.0
176
     1
 92
        8
176
     1
 66
     7
176
     1
 43
1.0
176
     1
 76
     1
176
     1
 77
     6
176
     1
 78
     2
176
     1
 67
     7
176
     1
 79
     5
176
     1
170
     0
176
     1
171
     0
176
     1
290
     0
176
     1
 93
        1
176
     1
 44
0.0
176
     1
173
     0
176
     1
  0
VISUALSTYLE
  5
35D
102
{ACAD_REACTORS
330
EF
102
}
102
{ACAD_XDICTIONARY
360
E2B
102
}
330
EF
100
AcDbVisualStyle
  2
OverhangOff
 70
    21
177
     2
291
     1
 71
     2
176
     0
 72
     2
176
     0
 73
     0
176
     0
 90
        0
176
     0
 40
0.6
176
     0
 41
30.0
176
     0
 62
     5
 63
     7
421
 16777215
176
     0
 74
     1
176
     0
 91
        4
176
     0
 64
     7
176
     0
 65
   257
176
     0
 75
     1
176
     0
175
     1
176
     0
 42
1.0
176
     0
 92
        9
176
     2
 66
     7
176
     0
 43
1.0
176
     0
 76
     1
176
     0
 77
     6
176
     0
 78
     2
176
     0
 67
     7
176
     0
 79
     5
176
     0
170
     0
176
     0
171
     0
176
     0
290
     0
176
     0
 93
        1
176
     0
 44
0.0
176
     0
173
     0
176
     0
  0
VISUALSTYLE
  5
F9
102
{ACAD_REACTORS
330
EF
102
}
102
{ACAD_XDICTIONARY
360
E2D
102
}
330
EF
100
AcDbVisualStyle
  2
Realistic
 70
     8
177
     2
291
     0
 71
     2
176
     1
 72
     2
176
     1
 73
     1
176
     1
 90
        0
176
     1
 40
-0.6
176
     1
 41
-30.0
176
     1
 62
     5
 63
     7
421
 16777215
176
     1
 74
     1
176
     1
 91
        0
176
     1
 64
     7
176
     1
 65
   257
176
     1
 75
     1
176
     1
175
     1
176
     1
 42
1.0
176
     1
 92
        8
176
     1
 66
     8
424
  7895160
176
     1
 43
1.0
176
     1
 76
     1
176
     1
 77
     6
176
     1
 78
     2
176
     1
 67
     7
176
     1
 79
     5
176
     1
170
     0
176
     1
171
     0
176
     1
290
     0
176
     1
 93
       13
176
     1
 44
0.0
176
     1
173
     0
176
     1
  0
VISUALSTYLE
  5
363
102
{ACAD_REACTORS
330
EF
102
}
102
{ACAD_XDICTIONARY
360
E2F
102
}
330
EF
100
AcDbVisualStyle
  2
Shaded
 70
    27
177
     2
291
     0
 71
     2
176
     1
 72
     2
176
     1
 73
     1
176
     1
 90
        2
176
     1
 40
0.6
176
     1
 41
30.0
176
     1
 62
     5
 63
     7
421
 16777215
176
     1
 74
     0
176
     1
 91
        4
176
     1
 64
     7
176
     1
 65
   257
176
     1
 75
     1
176
     1
175
     1
176
     1
 42
1.0
176
     1
 92
        8
176
     1
 66
   257
176
     1
 43
1.0
176
     1
 76
     1
176
     1
 77
     6
176
     1
 78
     2
176
     1
 67
     8
425
  7895160
176
     1
 79
     3
176
     1
170
     0
176
     1
171
     0
176
     1
290
     0
176
     1
 93
        5
176
     1
 44
0.0
176
     1
173
     0
176
     1
  0
VISUALSTYLE
  5
362
102
{ACAD_REACTORS
330
EF
102
}
102
{ACAD_XDICTIONARY
360
E31
102
}
330
EF
100
AcDbVisualStyle
  2
Shaded with edges
 70
    26
177
     2
291
     0
 71
     2
176
     1
 72
     2
176
     1
 73
     1
176
     1
 90
        2
176
     1
 40
0.6
176
     1
 41
30.0
176
     1
 62
     5
 63
     7
421
 16777215
176
     1
 74
     1
176
     1
 91
       10
176
     1
 64
     7
176
     1
 65
   257
176
     1
 75
     2
176
     1
175
     1
176
     1
 42
1.0
176
     1
 92
        8
176
     1
 66
   257
176
     1
 43
1.0
176
     1
 76
     1
176
     1
 77
     6
176
     1
 78
     2
176
     1
 67
     7
176
     1
 79
     3
176
     1
170
     0
176
     1
171
     0
176
     1
290
     0
176
     1
 93
        5
176
     1
 44
0.0
176
     1
173
     0
176
     1
  0
VISUALSTYLE
  5
35F
102
{ACAD_REACTORS
330
EF
102
}
102
{ACAD_XDICTIONARY
360
E33
102
}
330
EF
100
AcDbVisualStyle
  2
Shades of Gray
 70
    23
177
     2
291
     0
 71
     2
176
     1
 72
     2
176
     1
 73
     3
176
     1
 90
        0
176
     1
 40
0.6
176
     1
 41
30.0
176
     1
 62
     5
 63
     7
421
 16777215
176
     1
 74
     2
176
     1
 91
        2
176
     1
 64
     7
176
     1
 65
     7
176
     1
 75
     1
176
     1
175
     1
176
     1
 42
40.0
176
     1
 92
        8
176
     1
 66
     7
176
     1
 43
1.0
176
     1
 76
     1
176
     1
 77
     6
176
     1
 78
     2
176
     1
 67
     7
176
     1
 79
     3
176
     1
170
     0
176
     1
171
     0
176
     1
290
     0
176
     1
 93
        1
176
     1
 44
0.0
176
     1
173
     0
176
     1
  0
VISUALSTYLE
  5
360
102
{ACAD_REACTORS
330
EF
102
}
102
{ACAD_XDICTIONARY
360
E35
102
}
330
EF
100
AcDbVisualStyle
  2
Sketchy
 70
    24
177
     2
291
     0
 71
     1
176
     1
 72
     2
176
     1
 73
     2
176
     1
 90
        0
176
     1
 40
0.6
176
     1
 41
30.0
176
     1
 62
     5
 63
     7
421
 16777215
176
     1
 74
     2
176
     1
 91
        2
176
     1
 64
     7
176
     1
 65
     7
176
     1
 75
     1
176
     1
175
     1
176
     1
 42
40.0
176
     1
 92
       11
176
     1
 66
     7
176
     1
 43
1.0
176
     1
 76
     1
176
     1
 77
     6
176
     1
 78
     2
176
     1
 67
     7
176
     1
 79
     6
176
     1
170
     0
176
     1
171
     0
176
     1
290
     0
176
     1
 93
        1
176
     1
 44
0.0
176
     1
173
     0
176
     1
  0
VISUALSTYLE
  5
FC
102
{ACAD_REACTORS
330
EF
102
}
102
{ACAD_XDICTIONARY
360
E37
102
}
330
EF
100
AcDbVisualStyle
  2
Thicken
 70
    13
177
     2
291
     1
 71
     2
176
     1
 72
     2
176
     1
 73
     1
176
     1
 90
        0
176
     1
 40
-0.6
176
     1
 41
-30.0
176
     1
 62
     5
 63
     7
421
 16777215
176
     1
 74
     1
176
     1
 91
        4
176
     1
 64
     7
176
     1
 65
   257
176
     1
 75
     1
176
     1
175
     1
176
     1
 42
1.0
176
     1
 92
       12
176
     1
 66
     7
176
     1
 43
1.0
176
     1
 76
     1
176
     1
 77
     6
176
     1
 78
     2
176
     1
 67
     7
176
     1
 79
     5
176
     1
170
     0
176
     1
171
     0
176
     1
290
     0
176
     1
 93
        1
176
     1
 44
0.0
176
     1
173
     0
176
     1
  0
VISUALSTYLE
  5
35A
102
{ACAD_REACTORS
330
EF
102
}
102
{ACAD_XDICTIONARY
360
E39
102
}
330
EF
100
AcDbVisualStyle
  2
Wireframe
 70
     5
177
     2
291
     0
 71
     0
176
     1
 72
     2
176
     1
 73
     0
176
     1
 90
        0
176
     1
 40
0.6
176
     1
 41
30.0
176
     1
 62
     5
 63
     7
421
 16777215
176
     1
 74
     1
176
     1
 91
        4
176
     1
 64
     7
176
     1
 65
   257
176
     1
 75
     1
176
     1
175
     1
176
     1
 42
1.0
176
     1
 92
        0
176
     1
 66
   257
176
     1
 43
1.0
176
     1
 76
     1
176
     1
 77
     6
176
     1
 78
     2
176
     1
 67
     7
176
     1
 79
     3
176
     1
170
     0
176
     1
171
     0
176
     1
290
     0
176
     1
 93
        1
176
     1
 44
0.0
176
     1
173
     0
176
     1
  0
VISUALSTYLE
  5
361
102
{ACAD_REACTORS
330
EF
102
}
102
{ACAD_XDICTIONARY
360
E3B
102
}
330
EF
100
AcDbVisualStyle
  2
X-Ray
 70
    25
177
     2
291
     0
 71
     2
176
     1
 72
     2
176
     1
 73
     1
176
     1
 90
        1
176
     1
 40
0.5
176
     1
 41
30.0
176
     1
 62
     5
 63
     7
421
 16777215
176
     1
 74
     1
176
     1
 91
        0
176
     1
 64
     7
176
     1
 65
   257
176
     1
 75
     1
176
     1
175
     1
176
     1
 42
1.0
176
     1
 92
        8
176
     1
 66
     7
176
     1
 43
1.0
176
     1
 76
     1
176
     1
 77
     6
176
     1
 78
     2
176
     1
 67
     7
176
     1
 79
     3
176
     1
170
     0
176
     1
171
     0
176
     1
290
     0
176
     1
 93
       13
176
     1
 44
0.0
176
     1
173
     0
176
     1
  0
DICTIONARYVAR
  5
146
102
{ACAD_REACTORS
330
5E
102
}
330
5E
100
DictionaryVariables
280
     0
  1
1:1
  0
DICTIONARYVAR
  5
145
102
{ACAD_REACTORS
330
5E
102
}
330
5E
100
DictionaryVariables
280
     0
  1
Standard
  0
DICTIONARYVAR
  5
84
102
{ACAD_REACTORS
330
5E
102
}
330
5E
100
DictionaryVariables
280
     0
  1
Standard
  0
DICTIONARYVAR
  5
5F
102
{ACAD_REACTORS
330
5E
102
}
330
5E
100
DictionaryVariables
280
     0
  1
2
  0
DICTIONARYVAR
  5
63
102
{ACAD_REACTORS
330
5E
102
}
330
5E
100
DictionaryVariables
280
     0
  1
1
  0
DICTIONARYVAR
  5
1AE
102
{ACAD_REACTORS
330
5E
102
}
330
5E
100
DictionaryVariables
280
     0
  1
0
  0
DICTIONARYVAR
  5
1AF
102
{ACAD_REACTORS
330
5E
102
}
330
5E
100
DictionaryVariables
280
     0
  1
0
  0
DICTIONARYVAR
  5
356
102
{ACAD_REACTORS
330
5E
102
}
330
5E
100
DictionaryVariables
280
     0
  1
0
  0
CSACDOCUMENTOPTIONS
  5
366
102
{ACAD_REACTORS
330
365
102
}
330
365
  0
XRECORD
  5
647
102
{ACAD_REACTORS
330
34E
102
}
330
34E
100
AcDbXrecord
280
     1
300
MC_VERSION_DATA
 90
       95
310
0600000002000000570000001C000000B503000000000000000000007801936764E5D8CFFA9993818115C460606066E0646662626666706006F218793899F8DE3171E725E6E53B3BBA2878E6951050AF75FEFFFFFF520036E40F2657000000
  0
XRECORD
  5
357
102
{ACAD_REACTORS
330
34E
102
}
330
34E
100
AcDbXrecord
280
     1
300
MCS_DOCUMENT_ID
 90
       61
310
0600000002000000150000001C000000B503000000000000000000007801E34D35FD277070E162EF15776D0F9EDBF06CC67F2000007A390D8115000000
1001
MCS_DOCUMENT_ID
1071
       45
1004
05000000000000001500000018000100E3040000000000000DBF618EF1E6FC7F438A70C1EC46F95924FFFFFFFF
  0
XRECORD
  5
367
102
{ACAD_REACTORS
330
34E
102
}
330
34E
100
AcDbXrecord
280
     1
300
MCS_PARAMS_DATA
 90
     3313
310
0600000002000000F64B00001C000000B503000000000000000000007801C55C5B6C5CC519DE9D595FD6B9DF494B53970A1A6F4A58DF92A6426A1A1210527090E23EF0543976A2BA75E25CAC160A6DA92AF5A55255A96AD556551F4A49A0CF15A03EC0438190865E482021147221409310B6900B3826B1FB7F7366CEFC73E6
310
1CAFBDDE3D9B07D8FF3F73CEF7DFE6FB67E6ECBA757EA3143929F767A4FCCE8636299AA49C90529036BB402C105929F279912F89C6DEAF6FD8BC69AB14A46C51EAC2B9898909BA39945F872C1FCD848A834A91A13B1AD51D6D5266E8A9FAF627E9AABE92BD45CA6F03BD81A3CFC24D59D990C96408C7E066656E0232E13A03
310
14B0AB01724443F05CC3F08780DFC8F19B03FC710A073DC8486413411B49060E3311A05C24C45064703B01D7CCE196A818E5C59C9268B967CBD6DED68ED59DC52EEB78BEF08E09F8223D745649346F1DE9DB35D0B777C089FC5FC3C8EB60BF1A286CF47FE3467F17CC59C5CD990B0CD948C1A77FB9F5CA0E4F479188EA541E
310
3C25A2E22BC99C8892456878B2821857F6B05492C2AD881B41409C21325211340605C9C6DC6006EC49AC088A0CCBB25B1159B72248E415019155047D5453031360047082A7405D92B72AB0F03379693EAB50870260AC609E2C6F6510BB3D081DFE4EF5EFECD71494A7B3590EC7F12C5B25CB32539229914732934ECE22AF1D
310
D259AC8B7B7649E437DE7BDFA69EADF76EE95186E95A7ED74C032DBFA66A9BF1CEF341B19B78E45DDED9EF56FE29189043E4814BF734E1FF34659991678231F23A51010DA578E8294D435524988818E84710A7B2643B4F7C134F5CC6936D1E4176D01398C4D0A83AE0A6BDC86B0BB5C3E1E8299D70A5A945AC12322FE697C4
310
9C8DC3BBBE34D2BA77FBEEA1BEFEED79D15C120DF70F0FEE1A093EF60C8FF47F4BCAB3B0ED666EDB17F5733E2B445B5E2C298985C507BB8BEBBA3A3A3774178B1D777FA5B36B9D327BBE1ED84C030BC74C9EDAB5B64D88BC405AEF1E1CD9D73A34B88F70838775AD5DDBD1B9B6BBABBB73A0ABA37F5D7BE0E757F57D1DB80F
310
037BFBB60D6D6F1DDED1DA3B3CB47D6FDF2EF8A0AD5933506CEF2FF6F7ADD9D6B56D5DFF9A60D6A95222FF670B51F8295953F8455019945B7EE9315C7A8AFEC352DE9D4B4A5050256AA6D1B42D5F0C265BEED4473538E9811F770DEFDCDD3732B86D706870E4A1D69DC303E45F6349C807B6EFCB8B8692103DC352AE816545
310
9E9E798813B5E9A692C86DD9B1A355A5424F8E0BF018466AF90D150136590E2905AA568F782650907D5A7180140B84AD0159F8156902B8F63BDA8BE1A72E29AF48322EA98B5F578631B6F5489B26184C63434803DB221A328E6B58DEAED6DB808FEB6DC068BD0DF8A4DE065CABB7018B3045EB390B3EAD7704C6EA6DC07518
310
10B79C17773A0DB6C361F03BDD064B22C8C7303844629E5064B47323116EB9039777E096BB70247238880C6E39831B9F221C81B3E543C57019D4736C30574EE2DD4AD73B12B9771099772B997713E97A974DF4CECD5D9582B938116EC00926492C777A7F676A8F441E4C882C98032C983211AE26DE8974E196022EC7174366
310
F9AE62C95769E105B5C4B012E2E82ED8CD3516C5E34D519CF0D1F6765A8551C6CC0505130A3E8ABEC46EF81CED54DC1DA04AB7BC4DB0CA082453194AB29B82400C2B438BA6322032B88FE093B3E13470C11297490C8EEF78E88158D51A8AD42283A38F61044E78707A57F8BBDFE2DF2167F36975041D1DA7FCF59430C35792
310
05112533A905D5D3CAAB4759DBB4CA160F3E9309466F934A1794E7E1154C402D3088858048DCDF7EA3E7FECD5B7A7B376D5480CBF43A7E5E49CCBE6BEB37D945B2402FC65F52AB73B67E7F3A58AE93F37A04F6B7011D680556EBCCA2819BC8A21C320F385BBDB4EE56E6E32CE2CB18E358AD7676B4C7C096B1674BAF7B1278
310
1E906198B0DF8681EA696AF34D20563061CAB731C0DB01185B8B0DCA46538BD880EB0E2C6FC3120B40E62289BC162112587895C11513E18290E892090EBF46A9321968C513E0BB89A0AE8F2431B88A7DFC9E07A7BD0A8E668E3AF3CDEA083A3A8ECFB770A00AB53712018F2859D8DB3D93C2E4D422CB77A40BB73A5DB807A7
310
0857A5727AC8838BE45965D0D3D5B29CBEEF99145F4E558AC0C3E9C23D922EDC0FD285FBA107E7958EEDE721E98018A3E3AAC64E7F5C166D7ABA81B65C437BB31D766C74A6ED6E1FBC2766B7AFDAD87156F9771BF44A2A724C461AB43EE729AAFB710D63E2111810BBA3ABC9AE6037E09AB9BF3AB40BE8309F8736AB64CAB2
310
BE7E3364E5AC569CA6976081AF5A311628A8EF68C5B3A4609E3E86AC3AA156E3E83562F4B5A292099A878C61EB3B549CF92354989982613F016CE7AD5A4D09AA1F5126387AAD451EE384D9C035A925859E39C1AA865EE9A9B8DA21CEE289167F7CF1D4C4BC7A125EC5AED5D8BB0B5A9D9144D134CFA71BF85A8D44BE568348
310
F6AA55A2F3CAEACF6982FD29118CC249D3CBF852A586F278BA70FBD3853B90085793EDE51E143F0AD06C6B4CB2242BDDBDD1419166C2865E85F9CE1648F3CBF54B2E655D5432557AB8C599EEE6E763403914E55050D879E2BFFA30F366F009F0CB378371CA9B99D05949929DD07465EA8797A3808B6B06B9536E64AF9C844C
310
903AF2F3709D3783A318A078E4F37AEBBCEC2DD1B228B722F785DC2DB9D64C476675A63353CC74E937B1FA39BFA7DB58A6AFC19E49583A4A9B6110A6BA038D3C80418F79D091B18A763C1D8524AA5361F194EC4CC4B23EDBA3192533E95398E41423EB6DCA1C239B4DBF91D13F6D762A6897D7013D496371DC8BECCAA7D45E
310
0C251095ABC98AA38E1B6540CD3DACF829EF15C38D27C2B92DA64A071D13897001094F16523EC1C9E5A99FF465029665AB5B13C49AF8984D174EA40B273D389D33BB29A272F6749622C2719C22AC925104534E7A8CF33714555C6B3CF3BE4BE0AF28994CA9B8353E0F28878DD26D8D2F007FBAAD11BD305CEB4EAB35BE08B8
310
B8D678FEB81BD9134AB6ADF10A644BBEF9C2334A81E4EAA6772450D87DD2AF49C178F020A0EBD3055FF292CC5B8AB3FC4114C86BA708ACDB15F49C43C04EBBE7FCBD0CA8A1CB2AF59CC3897035E1E39713E16AD873FE91085A131FFF19C04DBEDBF8D75406FD3B3A2842E56C8ABE82A171BC3BF89ECB0E0F287926BC7B0450
310
75E4DDA3C09F2EEF56BE2579157071BCBBE7881BD93E255BDE7D04B225A07C61BD5230DE1DBA8C1158736B225E412358525F03747D78F79897E472BCCBAF5BAF2BA0DDE3804E9B765F2F035A65DA3D910857134A7A2311AE52DA8D6E0E9C1341735A873DD47F12A16BE2E99BE9C275792B70532835F1AEDB838B7404B509F7
310
74C449519D9AA19EB28205FF5B08785CE3F9307262735AC933693C270155C7C6730AF8E9359ED3808B6B3CA387DDC6734EC9B6F1C897238DE72006D89713F9C2E58B91C6F3388D608DE70CA0A7DA7866D30F8008DC16BEAA2D26A2AAB848F4108A0CF46D0F54D7A73989E2C56D75B6B8431D2F6EAB64C5CD94644C04869974
310
1626C5B6A280378D1BEE62BCE2C3917700E714386FAA719B1D7E7D464DF7DD444F8317374E8CAA75BEF65E19D0F8F0523EC21D7470DCC60B8CAEF29753FC38EF4760CFDBF99B4673F680D0869F6742513F06849341B61DF57EE3400A02734628D75C0DBC8B68A868B98655ECA330208EA3C6F1B52E3DF1E8849E2433679564
310
431A886148B568E62C4406F75F64308EFD2F9D7039EA6D259B5B2BF91AD8396F72B01004EFC5CD6C88F911E8CCDF849C077E5C64E9488747967101058B73015D99FA9B900B808B63FFB117DCC85E50324556799F2F34BC086EC70CD18A4318C0D9FF2AB6807CDB718046B0A4BE0FE8B4D9FFA207EA504E3D7E65FA014C7226
310
B329B0E8D703AAFEBAA304E869379E693123CD68457958A4FF2F11AE86ECFF6119D078F6E7138AD87FF2370F86D6E1E34789702D76FED2134932CCA824CB8C811832A3160D33426421BD940847AF6F0C11D33DEECB1CFE9B7175D1F926045DE5BD8DBFBDBE9C081764D0049324E6DDB40A8607F34A225C4D16463974B5B836
310
F3B3A32E193EACE499B49986C93A780A6DA631A981D7A6CD34012EAECDFCF23937B23F51B26D337F80CCDBCC36A5C0ECD07DE7E7A7236D663D8D6033A419D0536D33E07F56B8C4CA7C0D48229F9610695A461A0883CE7B494E8DD95B004DF38E8247AB09FE45AC1A52EDAC32A0861DD8DA85D8A76276989D08579353913989
310
700119397510D9BB4CAB9DF096393711B4263ECE4B176E7EBA700B3C389DB3F0B5335AA6A7234288EA142D784A9083AFB414616018456CF64C3293C4CD2F49D3E5A5F0410CEE3E0F2E6A6FEA11580893E29AEE529C2FC11C4DF48D4AA628982DB44A422820F8563073C8F989CF2240392BED74F7768B819FDEDE6E09E0E29A
310
EE0AFA030B3CB273954C91D5916E83CC9BEE074FAB1E6B73B11CFB6CBEB73B4C23589D2D05F4CC9AAE2E4C768646F0614DBB4BD40606BDCC4B726A4DF72640A7DD749797013521AB4ED3C5971C1BF2225712D922FD192CAA82F186C253F467B664EED8B163100EA1787299890C1D4314EEF90B040C236113FD72905624B8F0
310
99FF03A92412CEF64B0000
  0
DICTIONARY
  5
358
330
22
100
AcDbDictionary
280
     1
281
     1
  3
CSD_PLOT_CONFIG
360
359
  0
DICTIONARY
  5
E07
330
7F
100
AcDbDictionary
280
     1
281
     1
  3
ACAD_ROUNDTRIP_2008_TABLESTYLE_CELLSTYLEMAP
360
E08
  0
DICTIONARY
  5
E09
330
F5
100
AcDbDictionary
280
     1
281
     1
  3
ACAD_XREC_ROUNDTRIP
360
E0A
  0
DICTIONARY
  5
E0B
330
F7
100
AcDbDictionary
280
     1
281
     1
  3
ACAD_XREC_ROUNDTRIP
360
E0C
  0
DICTIONARY
  5
E0D
330
F6
100
AcDbDictionary
280
     1
281
     1
  3
ACAD_XREC_ROUNDTRIP
360
E0E
  0
DICTIONARY
  5
E0F
330
F4
100
AcDbDictionary
280
     1
281
     1
  3
ACAD_XREC_ROUNDTRIP
360
E10
  0
DICTIONARY
  5
E11
330
FB
100
AcDbDictionary
280
     1
281
     1
  3
ACAD_XREC_ROUNDTRIP
360
E12
  0
DICTIONARY
  5
E13
330
FF
100
AcDbDictionary
280
     1
281
     1
  3
ACAD_XREC_ROUNDTRIP
360
E14
  0
DICTIONARY
  5
E15
330
F8
100
AcDbDictionary
280
     1
281
     1
  3
ACAD_XREC_ROUNDTRIP
360
E16
  0
DICTIONARY
  5
E17
330
FA
100
AcDbDictionary
280
     1
281
     1
  3
ACAD_XREC_ROUNDTRIP
360
E18
  0
DICTIONARY
  5
E19
330
35E
100
AcDbDictionary
280
     1
281
     1
  3
ACAD_XREC_ROUNDTRIP
360
E1A
  0
DICTIONARY
  5
E1B
330
FE
100
AcDbDictionary
280
     1
281
     1
  3
ACAD_XREC_ROUNDTRIP
360
E1C
  0
DICTIONARY
  5
E1D
330
F0
100
AcDbDictionary
280
     1
281
     1
  3
ACAD_XREC_ROUNDTRIP
360
E1E
  0
DICTIONARY
  5
E1F
330
F1
100
AcDbDictionary
280
     1
281
     1
  3
ACAD_XREC_ROUNDTRIP
360
E20
  0
DICTIONARY
  5
E21
330
F2
100
AcDbDictionary
280
     1
281
     1
  3
ACAD_XREC_ROUNDTRIP
360
E22
  0
DICTIONARY
  5
E23
330
F3
100
AcDbDictionary
280
     1
281
     1
  3
ACAD_XREC_ROUNDTRIP
360
E24
  0
DICTIONARY
  5
E25
330
35B
100
AcDbDictionary
280
     1
281
     1
  3
ACAD_XREC_ROUNDTRIP
360
E26
  0
DICTIONARY
  5
E27
330
35C
100
AcDbDictionary
280
     1
281
     1
  3
ACAD_XREC_ROUNDTRIP
360
E28
  0
DICTIONARY
  5
E29
330
FD
100
AcDbDictionary
280
     1
281
     1
  3
ACAD_XREC_ROUNDTRIP
360
E2A
  0
DICTIONARY
  5
E2B
330
35D
100
AcDbDictionary
280
     1
281
     1
  3
ACAD_XREC_ROUNDTRIP
360
E2C
  0
DICTIONARY
  5
E2D
330
F9
100
AcDbDictionary
280
     1
281
     1
  3
ACAD_XREC_ROUNDTRIP
360
E2E
  0
DICTIONARY
  5
E2F
330
363
100
AcDbDictionary
280
     1
281
     1
  3
ACAD_XREC_ROUNDTRIP
360
E30
  0
DICTIONARY
  5
E31
330
362
100
AcDbDictionary
280
     1
281
     1
  3
ACAD_XREC_ROUNDTRIP
360
E32
  0
DICTIONARY
  5
E33
330
35F
100
AcDbDictionary
280
     1
281
     1
  3
ACAD_XREC_ROUNDTRIP
360
E34
  0
DICTIONARY
  5
E35
330
360
100
AcDbDictionary
280
     1
281
     1
  3
ACAD_XREC_ROUNDTRIP
360
E36
  0
DICTIONARY
  5
E37
330
FC
100
AcDbDictionary
280
     1
281
     1
  3
ACAD_XREC_ROUNDTRIP
360
E38
  0
DICTIONARY
  5
E39
330
35A
100
AcDbDictionary
280
     1
281
     1
  3
ACAD_XREC_ROUNDTRIP
360
E3A
  0
DICTIONARY
  5
E3B
330
361
100
AcDbDictionary
280
     1
281
     1
  3
ACAD_XREC_ROUNDTRIP
360
E3C
  0
LAYOUTPRINTCONFIG
  5
359
102
{ACAD_REACTORS
330
358
102
}
330
358
100
AcDbEntity
  8
0
160
                 8
310
0800000000000000
100
CAcLayoutPrintConfig
 93
        0
  0
CELLSTYLEMAP
  5
E08
102
{ACAD_REACTORS
330
E07
102
}
330
E07
100
AcDbCellStyleMap
 90
        3
300
CELLSTYLE
  1
TABLEFORMAT_BEGIN
 90
        5
170
     1
 91
        0
 92
    32768
 62
   257
 93
        1
300
CONTENTFORMAT
  1
CONTENTFORMAT_BEGIN
 90
        0
 91
        0
 92
      512
 93
        0
300

 40
0.0
140
1.0
 94
        5
 62
     0
340
11
144
6.0
309
CONTENTFORMAT_END
171
     1
301
MARGIN
  1
CELLMARGIN_BEGIN
 40
1.5
 40
1.5
 40
1.5
 40
1.5
 40
4.5
 40
4.5
309
CELLMARGIN_END
 94
        6
 95
        1
302
GRIDFORMAT
  1
GRIDFORMAT_BEGIN
 90
        0
 91
        1
 62
     0
 92
       -2
340
14
 93
        0
 40
1.125
309
GRIDFORMAT_END
 95
        2
302
GRIDFORMAT
  1
GRIDFORMAT_BEGIN
 90
        0
 91
        1
 62
     0
 92
       -2
340
14
 93
        0
 40
1.125
309
GRIDFORMAT_END
 95
        4
302
GRIDFORMAT
  1
GRIDFORMAT_BEGIN
 90
        0
 91
        1
 62
     0
 92
       -2
340
14
 93
        0
 40
1.125
309
GRIDFORMAT_END
 95
        8
302
GRIDFORMAT
  1
GRIDFORMAT_BEGIN
 90
        0
 91
        1
 62
     0
 92
       -2
340
14
 93
        0
 40
1.125
309
GRIDFORMAT_END
 95
       16
302
GRIDFORMAT
  1
GRIDFORMAT_BEGIN
 90
        0
 91
        1
 62
     0
 92
       -2
340
14
 93
        0
 40
1.125
309
GRIDFORMAT_END
 95
       32
302
GRIDFORMAT
  1
GRIDFORMAT_BEGIN
 90
        0
 91
        1
 62
     0
 92
       -2
340
14
 93
        0
 40
1.125
309
GRIDFORMAT_END
309
TABLEFORMAT_END
  1
CELLSTYLE_BEGIN
 90
        1
 91
        1
300
_TITLE
309
CELLSTYLE_END
300
CELLSTYLE
  1
TABLEFORMAT_BEGIN
 90
        5
170
     1
 91
        0
 92
        0
 62
   257
 93
        1
300
CONTENTFORMAT
  1
CONTENTFORMAT_BEGIN
 90
        0
 91
        0
 92
      512
 93
        0
300

 40
0.0
140
1.0
 94
        5
 62
     0
340
11
144
4.5
309
CONTENTFORMAT_END
171
     1
301
MARGIN
  1
CELLMARGIN_BEGIN
 40
1.5
 40
1.5
 40
1.5
 40
1.5
 40
4.5
 40
4.5
309
CELLMARGIN_END
 94
        6
 95
        1
302
GRIDFORMAT
  1
GRIDFORMAT_BEGIN
 90
        0
 91
        1
 62
     0
 92
       -2
340
14
 93
        0
 40
1.125
309
GRIDFORMAT_END
 95
        2
302
GRIDFORMAT
  1
GRIDFORMAT_BEGIN
 90
        0
 91
        1
 62
     0
 92
       -2
340
14
 93
        0
 40
1.125
309
GRIDFORMAT_END
 95
        4
302
GRIDFORMAT
  1
GRIDFORMAT_BEGIN
 90
        0
 91
        1
 62
     0
 92
       -2
340
14
 93
        0
 40
1.125
309
GRIDFORMAT_END
 95
        8
302
GRIDFORMAT
  1
GRIDFORMAT_BEGIN
 90
        0
 91
        1
 62
     0
 92
       -2
340
14
 93
        0
 40
1.125
309
GRIDFORMAT_END
 95
       16
302
GRIDFORMAT
  1
GRIDFORMAT_BEGIN
 90
        0
 91
        1
 62
     0
 92
       -2
340
14
 93
        0
 40
1.125
309
GRIDFORMAT_END
 95
       32
302
GRIDFORMAT
  1
GRIDFORMAT_BEGIN
 90
        0
 91
        1
 62
     0
 92
       -2
340
14
 93
        0
 40
1.125
309
GRIDFORMAT_END
309
TABLEFORMAT_END
  1
CELLSTYLE_BEGIN
 90
        2
 91
        1
300
_HEADER
309
CELLSTYLE_END
300
CELLSTYLE
  1
TABLEFORMAT_BEGIN
 90
        5
170
     1
 91
        0
 92
        0
 62
   257
 93
        1
300
CONTENTFORMAT
  1
CONTENTFORMAT_BEGIN
 90
        0
 91
        0
 92
      512
 93
        0
300

 40
0.0
140
1.0
 94
        2
 62
     0
340
11
144
4.5
309
CONTENTFORMAT_END
171
     1
301
MARGIN
  1
CELLMARGIN_BEGIN
 40
1.5
 40
1.5
 40
1.5
 40
1.5
 40
4.5
 40
4.5
309
CELLMARGIN_END
 94
        6
 95
        1
302
GRIDFORMAT
  1
GRIDFORMAT_BEGIN
 90
        0
 91
        1
 62
     0
 92
       -2
340
14
 93
        0
 40
1.125
309
GRIDFORMAT_END
 95
        2
302
GRIDFORMAT
  1
GRIDFORMAT_BEGIN
 90
        0
 91
        1
 62
     0
 92
       -2
340
14
 93
        0
 40
1.125
309
GRIDFORMAT_END
 95
        4
302
GRIDFORMAT
  1
GRIDFORMAT_BEGIN
 90
        0
 91
        1
 62
     0
 92
       -2
340
14
 93
        0
 40
1.125
309
GRIDFORMAT_END
 95
        8
302
GRIDFORMAT
  1
GRIDFORMAT_BEGIN
 90
        0
 91
        1
 62
     0
 92
       -2
340
14
 93
        0
 40
1.125
309
GRIDFORMAT_END
 95
       16
302
GRIDFORMAT
  1
GRIDFORMAT_BEGIN
 90
        0
 91
        1
 62
     0
 92
       -2
340
14
 93
        0
 40
1.125
309
GRIDFORMAT_END
 95
       32
302
GRIDFORMAT
  1
GRIDFORMAT_BEGIN
 90
        0
 91
        1
 62
     0
 92
       -2
340
14
 93
        0
 40
1.125
309
GRIDFORMAT_END
309
TABLEFORMAT_END
  1
CELLSTYLE_BEGIN
 90
        3
 91
        2
300
_DATA
309
CELLSTYLE_END
  0
XRECORD
  5
E0A
102
{ACAD_REACTORS
330
E09
102
}
330
E09
100
AcDbXrecord
280
     1
102
RTVSPost2010Prop28
280
     1
102
RTVSPost2010PropOp28
 70
     1
102
RTVSPost2010Prop29
280
     1
102
RTVSPost2010PropOp29
 70
     1
102
RTVSPost2010Prop30
280
     0
102
RTVSPost2010PropOp30
 70
     1
102
RTVSPost2010Prop31
280
     0
102
RTVSPost2010PropOp31
 70
     1
102
RTVSPost2010Prop32
280
     0
102
RTVSPost2010PropOp32
 70
     1
102
RTVSPost2010Prop33
280
     0
102
RTVSPost2010PropOp33
 70
     1
102
RTVSPost2010Prop34
280
     0
102
RTVSPost2010PropOp34
 70
     1
102
RTVSPost2010Prop35
280
     0
102
RTVSPost2010PropOp35
 70
     1
102
RTVSPost2010Prop36
280
     0
102
RTVSPost2010PropOp36
 70
     1
102
RTVSPost2010Prop37
 90
       50
102
RTVSPost2010PropOp37
 70
     1
102
RTVSPost2010Prop38
140
0.0
102
RTVSPost2010PropOp38
 70
     1
102
RTVSPost2010Prop39
140
1.0
102
RTVSPost2010PropOp39
 70
     1
102
RTVSPost2010Prop40
 90
        0
102
RTVSPost2010PropOp40
 70
     1
102
RTVSPost2010Prop41ColorIndex
 90
       18
102
RTVSPost2010Prop41ColorRGB
 90
        0
102
RTVSPost2010PropOp41
 70
     1
102
RTVSPost2010Prop42
 90
       50
102
RTVSPost2010PropOp42
 70
     1
102
RTVSPost2010Prop43
 90
        3
102
RTVSPost2010PropOp43
 70
     1
102
RTVSPost2010Prop44ColorIndex
 90
        5
102
RTVSPost2010Prop44ColorRGB
 90
      255
102
RTVSPost2010PropOp44
 70
     1
102
RTVSPost2010Prop45
280
     0
102
RTVSPost2010PropOp45
 70
     1
102
RTVSPost2010Prop46
 90
       50
102
RTVSPost2010PropOp46
 70
     1
102
RTVSPost2010Prop47
 90
       50
102
RTVSPost2010PropOp47
 70
     1
102
RTVSPost2010Prop48
 90
       50
102
RTVSPost2010PropOp48
 70
     1
102
RTVSPost2010Prop49
280
     0
102
RTVSPost2010PropOp49
 70
     1
102
RTVSPost2010Prop50
 90
       50
102
RTVSPost2010PropOp50
 70
     1
102
RTVSPost2010Prop51ColorIndex
 90
      256
102
RTVSPost2010Prop51ColorRGB
 90
-16777216
102
RTVSPost2010PropOp51
 70
     0
102
RTVSPost2010Prop52
140
1.0
102
RTVSPost2010PropOp52
 70
     0
102
RTVSPost2010Prop53
 90
        2
102
RTVSPost2010PropOp53
 70
     1
102
RTVSPost2010Prop54
  1
strokes_ogs.tif
102
RTVSPost2010PropOp54
 70
     1
102
RTVSPost2010Prop55
280
     0
102
RTVSPost2010PropOp55
 70
     1
102
RTVSPost2010Prop56
140
1.0
102
RTVSPost2010PropOp56
 70
     1
102
RTVSPost2010Prop57
140
1.0
102
RTVSPost2010PropOp57
 70
     1
  0
XRECORD
  5
E0C
102
{ACAD_REACTORS
330
E0B
102
}
330
E0B
100
AcDbXrecord
280
     1
102
RTVSPost2010Prop28
280
     0
102
RTVSPost2010PropOp28
 70
     1
102
RTVSPost2010Prop29
280
     1
102
RTVSPost2010PropOp29
 70
     1
102
RTVSPost2010Prop30
280
     1
102
RTVSPost2010PropOp30
 70
     1
102
RTVSPost2010Prop31
280
     0
102
RTVSPost2010PropOp31
 70
     1
102
RTVSPost2010Prop32
280
     0
102
RTVSPost2010PropOp32
 70
     1
102
RTVSPost2010Prop33
280
     0
102
RTVSPost2010PropOp33
 70
     1
102
RTVSPost2010Prop34
280
     0
102
RTVSPost2010PropOp34
 70
     1
102
RTVSPost2010Prop35
280
     0
102
RTVSPost2010PropOp35
 70
     1
102
RTVSPost2010Prop36
280
     0
102
RTVSPost2010PropOp36
 70
     1
102
RTVSPost2010Prop37
 90
       50
102
RTVSPost2010PropOp37
 70
     1
102
RTVSPost2010Prop38
140
0.0
102
RTVSPost2010PropOp38
 70
     1
102
RTVSPost2010Prop39
140
1.0
102
RTVSPost2010PropOp39
 70
     1
102
RTVSPost2010Prop40
 90
        0
102
RTVSPost2010PropOp40
 70
     1
102
RTVSPost2010Prop41ColorIndex
 90
       18
102
RTVSPost2010Prop41ColorRGB
 90
        0
102
RTVSPost2010PropOp41
 70
     1
102
RTVSPost2010Prop42
 90
       50
102
RTVSPost2010PropOp42
 70
     1
102
RTVSPost2010Prop43
 90
        3
102
RTVSPost2010PropOp43
 70
     1
102
RTVSPost2010Prop44ColorIndex
 90
        5
102
RTVSPost2010Prop44ColorRGB
 90
      255
102
RTVSPost2010PropOp44
 70
     1
102
RTVSPost2010Prop45
280
     0
102
RTVSPost2010PropOp45
 70
     1
102
RTVSPost2010Prop46
 90
       50
102
RTVSPost2010PropOp46
 70
     1
102
RTVSPost2010Prop47
 90
       50
102
RTVSPost2010PropOp47
 70
     1
102
RTVSPost2010Prop48
 90
       50
102
RTVSPost2010PropOp48
 70
     1
102
RTVSPost2010Prop49
280
     0
102
RTVSPost2010PropOp49
 70
     1
102
RTVSPost2010Prop50
 90
       50
102
RTVSPost2010PropOp50
 70
     1
102
RTVSPost2010Prop51ColorIndex
 90
      256
102
RTVSPost2010Prop51ColorRGB
 90
-16777216
102
RTVSPost2010PropOp51
 70
     0
102
RTVSPost2010Prop52
140
1.0
102
RTVSPost2010PropOp52
 70
     0
102
RTVSPost2010Prop53
 90
        2
102
RTVSPost2010PropOp53
 70
     1
102
RTVSPost2010Prop54
  1
strokes_ogs.tif
102
RTVSPost2010PropOp54
 70
     1
102
RTVSPost2010Prop55
280
     0
102
RTVSPost2010PropOp55
 70
     1
102
RTVSPost2010Prop56
140
1.0
102
RTVSPost2010PropOp56
 70
     1
102
RTVSPost2010Prop57
140
1.0
102
RTVSPost2010PropOp57
 70
     1
  0
XRECORD
  5
E0E
102
{ACAD_REACTORS
330
E0D
102
}
330
E0D
100
AcDbXrecord
280
     1
102
RTVSPost2010Prop28
280
     0
102
RTVSPost2010PropOp28
 70
     1
102
RTVSPost2010Prop29
280
     1
102
RTVSPost2010PropOp29
 70
     1
102
RTVSPost2010Prop30
280
     1
102
RTVSPost2010PropOp30
 70
     1
102
RTVSPost2010Prop31
280
     0
102
RTVSPost2010PropOp31
 70
     1
102
RTVSPost2010Prop32
280
     0
102
RTVSPost2010PropOp32
 70
     1
102
RTVSPost2010Prop33
280
     0
102
RTVSPost2010PropOp33
 70
     1
102
RTVSPost2010Prop34
280
     0
102
RTVSPost2010PropOp34
 70
     1
102
RTVSPost2010Prop35
280
     0
102
RTVSPost2010PropOp35
 70
     1
102
RTVSPost2010Prop36
280
     0
102
RTVSPost2010PropOp36
 70
     1
102
RTVSPost2010Prop37
 90
       50
102
RTVSPost2010PropOp37
 70
     1
102
RTVSPost2010Prop38
140
0.0
102
RTVSPost2010PropOp38
 70
     1
102
RTVSPost2010Prop39
140
1.0
102
RTVSPost2010PropOp39
 70
     1
102
RTVSPost2010Prop40
 90
        0
102
RTVSPost2010PropOp40
 70
     1
102
RTVSPost2010Prop41ColorIndex
 90
       18
102
RTVSPost2010Prop41ColorRGB
 90
        0
102
RTVSPost2010PropOp41
 70
     1
102
RTVSPost2010Prop42
 90
       50
102
RTVSPost2010PropOp42
 70
     1
102
RTVSPost2010Prop43
 90
        3
102
RTVSPost2010PropOp43
 70
     1
102
RTVSPost2010Prop44ColorIndex
 90
        5
102
RTVSPost2010Prop44ColorRGB
 90
      255
102
RTVSPost2010PropOp44
 70
     1
102
RTVSPost2010Prop45
280
     0
102
RTVSPost2010PropOp45
 70
     1
102
RTVSPost2010Prop46
 90
       50
102
RTVSPost2010PropOp46
 70
     1
102
RTVSPost2010Prop47
 90
       50
102
RTVSPost2010PropOp47
 70
     1
102
RTVSPost2010Prop48
 90
       50
102
RTVSPost2010PropOp48
 70
     1
102
RTVSPost2010Prop49
280
     0
102
RTVSPost2010PropOp49
 70
     1
102
RTVSPost2010Prop50
 90
       50
102
RTVSPost2010PropOp50
 70
     1
102
RTVSPost2010Prop51ColorIndex
 90
      256
102
RTVSPost2010Prop51ColorRGB
 90
-16777216
102
RTVSPost2010PropOp51
 70
     0
102
RTVSPost2010Prop52
140
1.0
102
RTVSPost2010PropOp52
 70
     0
102
RTVSPost2010Prop53
 90
        2
102
RTVSPost2010PropOp53
 70
     1
102
RTVSPost2010Prop54
  1
strokes_ogs.tif
102
RTVSPost2010PropOp54
 70
     1
102
RTVSPost2010Prop55
280
     0
102
RTVSPost2010PropOp55
 70
     1
102
RTVSPost2010Prop56
140
1.0
102
RTVSPost2010PropOp56
 70
     1
102
RTVSPost2010Prop57
140
1.0
102
RTVSPost2010PropOp57
 70
     1
  0
XRECORD
  5
E10
102
{ACAD_REACTORS
330
E0F
102
}
330
E0F
100
AcDbXrecord
280
     1
102
RTVSPost2010Prop28
280
     0
102
RTVSPost2010PropOp28
 70
     1
102
RTVSPost2010Prop29
280
     1
102
RTVSPost2010PropOp29
 70
     1
102
RTVSPost2010Prop30
280
     1
102
RTVSPost2010PropOp30
 70
     1
102
RTVSPost2010Prop31
280
     0
102
RTVSPost2010PropOp31
 70
     1
102
RTVSPost2010Prop32
280
     0
102
RTVSPost2010PropOp32
 70
     1
102
RTVSPost2010Prop33
280
     0
102
RTVSPost2010PropOp33
 70
     1
102
RTVSPost2010Prop34
280
     0
102
RTVSPost2010PropOp34
 70
     1
102
RTVSPost2010Prop35
280
     0
102
RTVSPost2010PropOp35
 70
     1
102
RTVSPost2010Prop36
280
     0
102
RTVSPost2010PropOp36
 70
     1
102
RTVSPost2010Prop37
 90
       50
102
RTVSPost2010PropOp37
 70
     1
102
RTVSPost2010Prop38
140
0.0
102
RTVSPost2010PropOp38
 70
     1
102
RTVSPost2010Prop39
140
1.0
102
RTVSPost2010PropOp39
 70
     1
102
RTVSPost2010Prop40
 90
        0
102
RTVSPost2010PropOp40
 70
     1
102
RTVSPost2010Prop41ColorIndex
 90
       18
102
RTVSPost2010Prop41ColorRGB
 90
        0
102
RTVSPost2010PropOp41
 70
     1
102
RTVSPost2010Prop42
 90
       50
102
RTVSPost2010PropOp42
 70
     1
102
RTVSPost2010Prop43
 90
        3
102
RTVSPost2010PropOp43
 70
     1
102
RTVSPost2010Prop44ColorIndex
 90
        5
102
RTVSPost2010Prop44ColorRGB
 90
      255
102
RTVSPost2010PropOp44
 70
     1
102
RTVSPost2010Prop45
280
     0
102
RTVSPost2010PropOp45
 70
     1
102
RTVSPost2010Prop46
 90
       50
102
RTVSPost2010PropOp46
 70
     1
102
RTVSPost2010Prop47
 90
       50
102
RTVSPost2010PropOp47
 70
     1
102
RTVSPost2010Prop48
 90
       50
102
RTVSPost2010PropOp48
 70
     1
102
RTVSPost2010Prop49
280
     0
102
RTVSPost2010PropOp49
 70
     1
102
RTVSPost2010Prop50
 90
       50
102
RTVSPost2010PropOp50
 70
     1
102
RTVSPost2010Prop51ColorIndex
 90
      256
102
RTVSPost2010Prop51ColorRGB
 90
-16777216
102
RTVSPost2010PropOp51
 70
     0
102
RTVSPost2010Prop52
140
1.0
102
RTVSPost2010PropOp52
 70
     0
102
RTVSPost2010Prop53
 90
        2
102
RTVSPost2010PropOp53
 70
     1
102
RTVSPost2010Prop54
  1
strokes_ogs.tif
102
RTVSPost2010PropOp54
 70
     1
102
RTVSPost2010Prop55
280
     0
102
RTVSPost2010PropOp55
 70
     1
102
RTVSPost2010Prop56
140
1.0
102
RTVSPost2010PropOp56
 70
     1
102
RTVSPost2010Prop57
140
1.0
102
RTVSPost2010PropOp57
 70
     1
  0
XRECORD
  5
E12
102
{ACAD_REACTORS
330
E11
102
}
330
E11
100
AcDbXrecord
280
     1
102
RTVSPost2010Prop28
280
     0
102
RTVSPost2010PropOp28
 70
     1
102
RTVSPost2010Prop29
280
     1
102
RTVSPost2010PropOp29
 70
     1
102
RTVSPost2010Prop30
280
     1
102
RTVSPost2010PropOp30
 70
     1
102
RTVSPost2010Prop31
280
     0
102
RTVSPost2010PropOp31
 70
     1
102
RTVSPost2010Prop32
280
     0
102
RTVSPost2010PropOp32
 70
     1
102
RTVSPost2010Prop33
280
     0
102
RTVSPost2010PropOp33
 70
     1
102
RTVSPost2010Prop34
280
     0
102
RTVSPost2010PropOp34
 70
     1
102
RTVSPost2010Prop35
280
     0
102
RTVSPost2010PropOp35
 70
     1
102
RTVSPost2010Prop36
280
     0
102
RTVSPost2010PropOp36
 70
     1
102
RTVSPost2010Prop37
 90
       50
102
RTVSPost2010PropOp37
 70
     1
102
RTVSPost2010Prop38
140
0.0
102
RTVSPost2010PropOp38
 70
     1
102
RTVSPost2010Prop39
140
1.0
102
RTVSPost2010PropOp39
 70
     1
102
RTVSPost2010Prop40
 90
        0
102
RTVSPost2010PropOp40
 70
     1
102
RTVSPost2010Prop41ColorIndex
 90
       18
102
RTVSPost2010Prop41ColorRGB
 90
        0
102
RTVSPost2010PropOp41
 70
     1
102
RTVSPost2010Prop42
 90
       50
102
RTVSPost2010PropOp42
 70
     1
102
RTVSPost2010Prop43
 90
        3
102
RTVSPost2010PropOp43
 70
     1
102
RTVSPost2010Prop44ColorIndex
 90
        5
102
RTVSPost2010Prop44ColorRGB
 90
      255
102
RTVSPost2010PropOp44
 70
     1
102
RTVSPost2010Prop45
280
     0
102
RTVSPost2010PropOp45
 70
     1
102
RTVSPost2010Prop46
 90
       50
102
RTVSPost2010PropOp46
 70
     1
102
RTVSPost2010Prop47
 90
       50
102
RTVSPost2010PropOp47
 70
     1
102
RTVSPost2010Prop48
 90
       50
102
RTVSPost2010PropOp48
 70
     1
102
RTVSPost2010Prop49
280
     0
102
RTVSPost2010PropOp49
 70
     1
102
RTVSPost2010Prop50
 90
       50
102
RTVSPost2010PropOp50
 70
     1
102
RTVSPost2010Prop51ColorIndex
 90
      256
102
RTVSPost2010Prop51ColorRGB
 90
-16777216
102
RTVSPost2010PropOp51
 70
     0
102
RTVSPost2010Prop52
140
1.0
102
RTVSPost2010PropOp52
 70
     0
102
RTVSPost2010Prop53
 90
        2
102
RTVSPost2010PropOp53
 70
     1
102
RTVSPost2010Prop54
  1
strokes_ogs.tif
102
RTVSPost2010PropOp54
 70
     1
102
RTVSPost2010Prop55
280
     0
102
RTVSPost2010PropOp55
 70
     1
102
RTVSPost2010Prop56
140
1.0
102
RTVSPost2010PropOp56
 70
     1
102
RTVSPost2010Prop57
140
1.0
102
RTVSPost2010PropOp57
 70
     1
  0
XRECORD
  5
E14
102
{ACAD_REACTORS
330
E13
102
}
330
E13
100
AcDbXrecord
280
     1
102
RTVSPost2010Prop28
280
     0
102
RTVSPost2010PropOp28
 70
     1
102
RTVSPost2010Prop29
280
     1
102
RTVSPost2010PropOp29
 70
     1
102
RTVSPost2010Prop30
280
     1
102
RTVSPost2010PropOp30
 70
     1
102
RTVSPost2010Prop31
280
     0
102
RTVSPost2010PropOp31
 70
     1
102
RTVSPost2010Prop32
280
     0
102
RTVSPost2010PropOp32
 70
     1
102
RTVSPost2010Prop33
280
     0
102
RTVSPost2010PropOp33
 70
     1
102
RTVSPost2010Prop34
280
     0
102
RTVSPost2010PropOp34
 70
     1
102
RTVSPost2010Prop35
280
     0
102
RTVSPost2010PropOp35
 70
     1
102
RTVSPost2010Prop36
280
     0
102
RTVSPost2010PropOp36
 70
     1
102
RTVSPost2010Prop37
 90
       50
102
RTVSPost2010PropOp37
 70
     1
102
RTVSPost2010Prop38
140
0.0
102
RTVSPost2010PropOp38
 70
     1
102
RTVSPost2010Prop39
140
1.0
102
RTVSPost2010PropOp39
 70
     1
102
RTVSPost2010Prop40
 90
        0
102
RTVSPost2010PropOp40
 70
     1
102
RTVSPost2010Prop41ColorIndex
 90
       18
102
RTVSPost2010Prop41ColorRGB
 90
        0
102
RTVSPost2010PropOp41
 70
     1
102
RTVSPost2010Prop42
 90
       50
102
RTVSPost2010PropOp42
 70
     1
102
RTVSPost2010Prop43
 90
        3
102
RTVSPost2010PropOp43
 70
     1
102
RTVSPost2010Prop44ColorIndex
 90
        5
102
RTVSPost2010Prop44ColorRGB
 90
      255
102
RTVSPost2010PropOp44
 70
     1
102
RTVSPost2010Prop45
280
     0
102
RTVSPost2010PropOp45
 70
     1
102
RTVSPost2010Prop46
 90
       50
102
RTVSPost2010PropOp46
 70
     1
102
RTVSPost2010Prop47
 90
       50
102
RTVSPost2010PropOp47
 70
     1
102
RTVSPost2010Prop48
 90
       50
102
RTVSPost2010PropOp48
 70
     1
102
RTVSPost2010Prop49
280
     0
102
RTVSPost2010PropOp49
 70
     1
102
RTVSPost2010Prop50
 90
       50
102
RTVSPost2010PropOp50
 70
     1
102
RTVSPost2010Prop51ColorIndex
 90
      256
102
RTVSPost2010Prop51ColorRGB
 90
-16777216
102
RTVSPost2010PropOp51
 70
     0
102
RTVSPost2010Prop52
140
1.0
102
RTVSPost2010PropOp52
 70
     0
102
RTVSPost2010Prop53
 90
        2
102
RTVSPost2010PropOp53
 70
     1
102
RTVSPost2010Prop54
  1
strokes_ogs.tif
102
RTVSPost2010PropOp54
 70
     1
102
RTVSPost2010Prop55
280
     0
102
RTVSPost2010PropOp55
 70
     1
102
RTVSPost2010Prop56
140
1.0
102
RTVSPost2010PropOp56
 70
     1
102
RTVSPost2010Prop57
140
1.0
102
RTVSPost2010PropOp57
 70
     1
  0
XRECORD
  5
E16
102
{ACAD_REACTORS
330
E15
102
}
330
E15
100
AcDbXrecord
280
     1
102
RTVSPost2010Prop28
280
     0
102
RTVSPost2010PropOp28
 70
     1
102
RTVSPost2010Prop29
280
     1
102
RTVSPost2010PropOp29
 70
     1
102
RTVSPost2010Prop30
280
     1
102
RTVSPost2010PropOp30
 70
     1
102
RTVSPost2010Prop31
280
     0
102
RTVSPost2010PropOp31
 70
     1
102
RTVSPost2010Prop32
280
     0
102
RTVSPost2010PropOp32
 70
     1
102
RTVSPost2010Prop33
280
     0
102
RTVSPost2010PropOp33
 70
     1
102
RTVSPost2010Prop34
280
     0
102
RTVSPost2010PropOp34
 70
     1
102
RTVSPost2010Prop35
280
     0
102
RTVSPost2010PropOp35
 70
     1
102
RTVSPost2010Prop36
280
     0
102
RTVSPost2010PropOp36
 70
     1
102
RTVSPost2010Prop37
 90
       50
102
RTVSPost2010PropOp37
 70
     1
102
RTVSPost2010Prop38
140
0.0
102
RTVSPost2010PropOp38
 70
     1
102
RTVSPost2010Prop39
140
1.0
102
RTVSPost2010PropOp39
 70
     1
102
RTVSPost2010Prop40
 90
        0
102
RTVSPost2010PropOp40
 70
     1
102
RTVSPost2010Prop41ColorIndex
 90
       18
102
RTVSPost2010Prop41ColorRGB
 90
        0
102
RTVSPost2010PropOp41
 70
     1
102
RTVSPost2010Prop42
 90
       50
102
RTVSPost2010PropOp42
 70
     1
102
RTVSPost2010Prop43
 90
        3
102
RTVSPost2010PropOp43
 70
     1
102
RTVSPost2010Prop44ColorIndex
 90
        5
102
RTVSPost2010Prop44ColorRGB
 90
      255
102
RTVSPost2010PropOp44
 70
     1
102
RTVSPost2010Prop45
280
     0
102
RTVSPost2010PropOp45
 70
     1
102
RTVSPost2010Prop46
 90
       50
102
RTVSPost2010PropOp46
 70
     1
102
RTVSPost2010Prop47
 90
       50
102
RTVSPost2010PropOp47
 70
     1
102
RTVSPost2010Prop48
 90
       50
102
RTVSPost2010PropOp48
 70
     1
102
RTVSPost2010Prop49
280
     0
102
RTVSPost2010PropOp49
 70
     1
102
RTVSPost2010Prop50
 90
       50
102
RTVSPost2010PropOp50
 70
     1
102
RTVSPost2010Prop51ColorIndex
 90
      256
102
RTVSPost2010Prop51ColorRGB
 90
-16777216
102
RTVSPost2010PropOp51
 70
     0
102
RTVSPost2010Prop52
140
1.0
102
RTVSPost2010PropOp52
 70
     0
102
RTVSPost2010Prop53
 90
        2
102
RTVSPost2010PropOp53
 70
     1
102
RTVSPost2010Prop54
  1
strokes_ogs.tif
102
RTVSPost2010PropOp54
 70
     1
102
RTVSPost2010Prop55
280
     0
102
RTVSPost2010PropOp55
 70
     1
102
RTVSPost2010Prop56
140
1.0
102
RTVSPost2010PropOp56
 70
     1
102
RTVSPost2010Prop57
140
1.0
102
RTVSPost2010PropOp57
 70
     1
  0
XRECORD
  5
E18
102
{ACAD_REACTORS
330
E17
102
}
330
E17
100
AcDbXrecord
280
     1
102
RTVSPost2010Prop28
280
     0
102
RTVSPost2010PropOp28
 70
     1
102
RTVSPost2010Prop29
280
     1
102
RTVSPost2010PropOp29
 70
     1
102
RTVSPost2010Prop30
280
     1
102
RTVSPost2010PropOp30
 70
     1
102
RTVSPost2010Prop31
280
     0
102
RTVSPost2010PropOp31
 70
     1
102
RTVSPost2010Prop32
280
     0
102
RTVSPost2010PropOp32
 70
     1
102
RTVSPost2010Prop33
280
     0
102
RTVSPost2010PropOp33
 70
     1
102
RTVSPost2010Prop34
280
     0
102
RTVSPost2010PropOp34
 70
     1
102
RTVSPost2010Prop35
280
     0
102
RTVSPost2010PropOp35
 70
     1
102
RTVSPost2010Prop36
280
     0
102
RTVSPost2010PropOp36
 70
     1
102
RTVSPost2010Prop37
 90
       50
102
RTVSPost2010PropOp37
 70
     1
102
RTVSPost2010Prop38
140
0.0
102
RTVSPost2010PropOp38
 70
     1
102
RTVSPost2010Prop39
140
1.0
102
RTVSPost2010PropOp39
 70
     1
102
RTVSPost2010Prop40
 90
        0
102
RTVSPost2010PropOp40
 70
     1
102
RTVSPost2010Prop41ColorIndex
 90
       18
102
RTVSPost2010Prop41ColorRGB
 90
        0
102
RTVSPost2010PropOp41
 70
     1
102
RTVSPost2010Prop42
 90
       50
102
RTVSPost2010PropOp42
 70
     1
102
RTVSPost2010Prop43
 90
        3
102
RTVSPost2010PropOp43
 70
     1
102
RTVSPost2010Prop44ColorIndex
 90
        5
102
RTVSPost2010Prop44ColorRGB
 90
      255
102
RTVSPost2010PropOp44
 70
     1
102
RTVSPost2010Prop45
280
     0
102
RTVSPost2010PropOp45
 70
     1
102
RTVSPost2010Prop46
 90
       50
102
RTVSPost2010PropOp46
 70
     1
102
RTVSPost2010Prop47
 90
       50
102
RTVSPost2010PropOp47
 70
     1
102
RTVSPost2010Prop48
 90
       50
102
RTVSPost2010PropOp48
 70
     1
102
RTVSPost2010Prop49
280
     0
102
RTVSPost2010PropOp49
 70
     1
102
RTVSPost2010Prop50
 90
       50
102
RTVSPost2010PropOp50
 70
     1
102
RTVSPost2010Prop51ColorIndex
 90
      256
102
RTVSPost2010Prop51ColorRGB
 90
-16777216
102
RTVSPost2010PropOp51
 70
     0
102
RTVSPost2010Prop52
140
1.0
102
RTVSPost2010PropOp52
 70
     0
102
RTVSPost2010Prop53
 90
        2
102
RTVSPost2010PropOp53
 70
     1
102
RTVSPost2010Prop54
  1
strokes_ogs.tif
102
RTVSPost2010PropOp54
 70
     1
102
RTVSPost2010Prop55
280
     0
102
RTVSPost2010PropOp55
 70
     1
102
RTVSPost2010Prop56
140
1.0
102
RTVSPost2010PropOp56
 70
     1
102
RTVSPost2010Prop57
140
1.0
102
RTVSPost2010PropOp57
 70
     1
  0
XRECORD
  5
E1A
102
{ACAD_REACTORS
330
E19
102
}
330
E19
100
AcDbXrecord
280
     1
102
RTVSPost2010Prop28
280
     0
102
RTVSPost2010PropOp28
 70
     0
102
RTVSPost2010Prop29
280
     1
102
RTVSPost2010PropOp29
 70
     0
102
RTVSPost2010Prop30
280
     1
102
RTVSPost2010PropOp30
 70
     0
102
RTVSPost2010Prop31
280
     0
102
RTVSPost2010PropOp31
 70
     0
102
RTVSPost2010Prop32
280
     0
102
RTVSPost2010PropOp32
 70
     0
102
RTVSPost2010Prop33
280
     0
102
RTVSPost2010PropOp33
 70
     0
102
RTVSPost2010Prop34
280
     0
102
RTVSPost2010PropOp34
 70
     0
102
RTVSPost2010Prop35
280
     0
102
RTVSPost2010PropOp35
 70
     0
102
RTVSPost2010Prop36
280
     0
102
RTVSPost2010PropOp36
 70
     0
102
RTVSPost2010Prop37
 90
       50
102
RTVSPost2010PropOp37
 70
     0
102
RTVSPost2010Prop38
140
0.0
102
RTVSPost2010PropOp38
 70
     0
102
RTVSPost2010Prop39
140
1.0
102
RTVSPost2010PropOp39
 70
     0
102
RTVSPost2010Prop40
 90
        0
102
RTVSPost2010PropOp40
 70
     0
102
RTVSPost2010Prop41ColorIndex
 90
       18
102
RTVSPost2010Prop41ColorRGB
 90
        0
102
RTVSPost2010PropOp41
 70
     0
102
RTVSPost2010Prop42
 90
       50
102
RTVSPost2010PropOp42
 70
     0
102
RTVSPost2010Prop43
 90
        3
102
RTVSPost2010PropOp43
 70
     0
102
RTVSPost2010Prop44ColorIndex
 90
        5
102
RTVSPost2010Prop44ColorRGB
 90
      255
102
RTVSPost2010PropOp44
 70
     0
102
RTVSPost2010Prop45
280
     0
102
RTVSPost2010PropOp45
 70
     0
102
RTVSPost2010Prop46
 90
       50
102
RTVSPost2010PropOp46
 70
     0
102
RTVSPost2010Prop47
 90
       50
102
RTVSPost2010PropOp47
 70
     0
102
RTVSPost2010Prop48
 90
       50
102
RTVSPost2010PropOp48
 70
     0
102
RTVSPost2010Prop49
280
     0
102
RTVSPost2010PropOp49
 70
     0
102
RTVSPost2010Prop50
 90
       50
102
RTVSPost2010PropOp50
 70
     0
102
RTVSPost2010Prop51ColorIndex
 90
      256
102
RTVSPost2010Prop51ColorRGB
 90
-16777216
102
RTVSPost2010PropOp51
 70
     0
102
RTVSPost2010Prop52
140
1.0
102
RTVSPost2010PropOp52
 70
     0
102
RTVSPost2010Prop53
 90
        2
102
RTVSPost2010PropOp53
 70
     0
102
RTVSPost2010Prop54
  1
strokes_ogs.tif
102
RTVSPost2010PropOp54
 70
     0
102
RTVSPost2010Prop55
280
     0
102
RTVSPost2010PropOp55
 70
     0
102
RTVSPost2010Prop56
140
1.0
102
RTVSPost2010PropOp56
 70
     0
102
RTVSPost2010Prop57
140
1.0
102
RTVSPost2010PropOp57
 70
     0
  0
XRECORD
  5
E1C
102
{ACAD_REACTORS
330
E1B
102
}
330
E1B
100
AcDbXrecord
280
     1
102
RTVSPost2010Prop28
280
     0
102
RTVSPost2010PropOp28
 70
     1
102
RTVSPost2010Prop29
280
     1
102
RTVSPost2010PropOp29
 70
     1
102
RTVSPost2010Prop30
280
     1
102
RTVSPost2010PropOp30
 70
     1
102
RTVSPost2010Prop31
280
     0
102
RTVSPost2010PropOp31
 70
     1
102
RTVSPost2010Prop32
280
     0
102
RTVSPost2010PropOp32
 70
     1
102
RTVSPost2010Prop33
280
     0
102
RTVSPost2010PropOp33
 70
     1
102
RTVSPost2010Prop34
280
     0
102
RTVSPost2010PropOp34
 70
     1
102
RTVSPost2010Prop35
280
     0
102
RTVSPost2010PropOp35
 70
     1
102
RTVSPost2010Prop36
280
     0
102
RTVSPost2010PropOp36
 70
     1
102
RTVSPost2010Prop37
 90
       50
102
RTVSPost2010PropOp37
 70
     1
102
RTVSPost2010Prop38
140
0.0
102
RTVSPost2010PropOp38
 70
     1
102
RTVSPost2010Prop39
140
1.0
102
RTVSPost2010PropOp39
 70
     1
102
RTVSPost2010Prop40
 90
        0
102
RTVSPost2010PropOp40
 70
     1
102
RTVSPost2010Prop41ColorIndex
 90
       18
102
RTVSPost2010Prop41ColorRGB
 90
        0
102
RTVSPost2010PropOp41
 70
     1
102
RTVSPost2010Prop42
 90
       50
102
RTVSPost2010PropOp42
 70
     1
102
RTVSPost2010Prop43
 90
        3
102
RTVSPost2010PropOp43
 70
     1
102
RTVSPost2010Prop44ColorIndex
 90
        5
102
RTVSPost2010Prop44ColorRGB
 90
      255
102
RTVSPost2010PropOp44
 70
     1
102
RTVSPost2010Prop45
280
     0
102
RTVSPost2010PropOp45
 70
     1
102
RTVSPost2010Prop46
 90
       50
102
RTVSPost2010PropOp46
 70
     1
102
RTVSPost2010Prop47
 90
       50
102
RTVSPost2010PropOp47
 70
     1
102
RTVSPost2010Prop48
 90
       50
102
RTVSPost2010PropOp48
 70
     1
102
RTVSPost2010Prop49
280
     0
102
RTVSPost2010PropOp49
 70
     1
102
RTVSPost2010Prop50
 90
       50
102
RTVSPost2010PropOp50
 70
     1
102
RTVSPost2010Prop51ColorIndex
 90
      256
102
RTVSPost2010Prop51ColorRGB
 90
-16777216
102
RTVSPost2010PropOp51
 70
     0
102
RTVSPost2010Prop52
140
1.0
102
RTVSPost2010PropOp52
 70
     0
102
RTVSPost2010Prop53
 90
        2
102
RTVSPost2010PropOp53
 70
     1
102
RTVSPost2010Prop54
  1
strokes_ogs.tif
102
RTVSPost2010PropOp54
 70
     1
102
RTVSPost2010Prop55
280
     0
102
RTVSPost2010PropOp55
 70
     1
102
RTVSPost2010Prop56
140
1.0
102
RTVSPost2010PropOp56
 70
     1
102
RTVSPost2010Prop57
140
1.0
102
RTVSPost2010PropOp57
 70
     1
  0
XRECORD
  5
E1E
102
{ACAD_REACTORS
330
E1D
102
}
330
E1D
100
AcDbXrecord
280
     1
102
RTVSPost2010Prop28
280
     0
102
RTVSPost2010PropOp28
 70
     1
102
RTVSPost2010Prop29
280
     1
102
RTVSPost2010PropOp29
 70
     1
102
RTVSPost2010Prop30
280
     1
102
RTVSPost2010PropOp30
 70
     1
102
RTVSPost2010Prop31
280
     0
102
RTVSPost2010PropOp31
 70
     1
102
RTVSPost2010Prop32
280
     0
102
RTVSPost2010PropOp32
 70
     1
102
RTVSPost2010Prop33
280
     0
102
RTVSPost2010PropOp33
 70
     1
102
RTVSPost2010Prop34
280
     0
102
RTVSPost2010PropOp34
 70
     1
102
RTVSPost2010Prop35
280
     0
102
RTVSPost2010PropOp35
 70
     1
102
RTVSPost2010Prop36
280
     0
102
RTVSPost2010PropOp36
 70
     1
102
RTVSPost2010Prop37
 90
       50
102
RTVSPost2010PropOp37
 70
     1
102
RTVSPost2010Prop38
140
0.0
102
RTVSPost2010PropOp38
 70
     1
102
RTVSPost2010Prop39
140
1.0
102
RTVSPost2010PropOp39
 70
     1
102
RTVSPost2010Prop40
 90
        0
102
RTVSPost2010PropOp40
 70
     1
102
RTVSPost2010Prop41ColorIndex
 90
       18
102
RTVSPost2010Prop41ColorRGB
 90
        0
102
RTVSPost2010PropOp41
 70
     1
102
RTVSPost2010Prop42
 90
       50
102
RTVSPost2010PropOp42
 70
     1
102
RTVSPost2010Prop43
 90
        3
102
RTVSPost2010PropOp43
 70
     1
102
RTVSPost2010Prop44ColorIndex
 90
        5
102
RTVSPost2010Prop44ColorRGB
 90
      255
102
RTVSPost2010PropOp44
 70
     1
102
RTVSPost2010Prop45
280
     0
102
RTVSPost2010PropOp45
 70
     1
102
RTVSPost2010Prop46
 90
       50
102
RTVSPost2010PropOp46
 70
     1
102
RTVSPost2010Prop47
 90
       50
102
RTVSPost2010PropOp47
 70
     1
102
RTVSPost2010Prop48
 90
       50
102
RTVSPost2010PropOp48
 70
     1
102
RTVSPost2010Prop49
280
     0
102
RTVSPost2010PropOp49
 70
     1
102
RTVSPost2010Prop50
 90
       50
102
RTVSPost2010PropOp50
 70
     1
102
RTVSPost2010Prop51ColorIndex
 90
      256
102
RTVSPost2010Prop51ColorRGB
 90
-16777216
102
RTVSPost2010PropOp51
 70
     0
102
RTVSPost2010Prop52
140
1.0
102
RTVSPost2010PropOp52
 70
     0
102
RTVSPost2010Prop53
 90
        2
102
RTVSPost2010PropOp53
 70
     1
102
RTVSPost2010Prop54
  1
strokes_ogs.tif
102
RTVSPost2010PropOp54
 70
     1
102
RTVSPost2010Prop55
280
     0
102
RTVSPost2010PropOp55
 70
     1
102
RTVSPost2010Prop56
140
1.0
102
RTVSPost2010PropOp56
 70
     1
102
RTVSPost2010Prop57
140
1.0
102
RTVSPost2010PropOp57
 70
     1
  0
XRECORD
  5
E20
102
{ACAD_REACTORS
330
E1F
102
}
330
E1F
100
AcDbXrecord
280
     1
102
RTVSPost2010Prop28
280
     0
102
RTVSPost2010PropOp28
 70
     1
102
RTVSPost2010Prop29
280
     1
102
RTVSPost2010PropOp29
 70
     1
102
RTVSPost2010Prop30
280
     1
102
RTVSPost2010PropOp30
 70
     1
102
RTVSPost2010Prop31
280
     0
102
RTVSPost2010PropOp31
 70
     1
102
RTVSPost2010Prop32
280
     0
102
RTVSPost2010PropOp32
 70
     1
102
RTVSPost2010Prop33
280
     0
102
RTVSPost2010PropOp33
 70
     1
102
RTVSPost2010Prop34
280
     0
102
RTVSPost2010PropOp34
 70
     1
102
RTVSPost2010Prop35
280
     0
102
RTVSPost2010PropOp35
 70
     1
102
RTVSPost2010Prop36
280
     0
102
RTVSPost2010PropOp36
 70
     1
102
RTVSPost2010Prop37
 90
       50
102
RTVSPost2010PropOp37
 70
     1
102
RTVSPost2010Prop38
140
0.0
102
RTVSPost2010PropOp38
 70
     1
102
RTVSPost2010Prop39
140
1.0
102
RTVSPost2010PropOp39
 70
     1
102
RTVSPost2010Prop40
 90
        0
102
RTVSPost2010PropOp40
 70
     1
102
RTVSPost2010Prop41ColorIndex
 90
       18
102
RTVSPost2010Prop41ColorRGB
 90
        0
102
RTVSPost2010PropOp41
 70
     1
102
RTVSPost2010Prop42
 90
       50
102
RTVSPost2010PropOp42
 70
     1
102
RTVSPost2010Prop43
 90
        3
102
RTVSPost2010PropOp43
 70
     1
102
RTVSPost2010Prop44ColorIndex
 90
        5
102
RTVSPost2010Prop44ColorRGB
 90
      255
102
RTVSPost2010PropOp44
 70
     1
102
RTVSPost2010Prop45
280
     0
102
RTVSPost2010PropOp45
 70
     1
102
RTVSPost2010Prop46
 90
       50
102
RTVSPost2010PropOp46
 70
     1
102
RTVSPost2010Prop47
 90
       50
102
RTVSPost2010PropOp47
 70
     1
102
RTVSPost2010Prop48
 90
       50
102
RTVSPost2010PropOp48
 70
     1
102
RTVSPost2010Prop49
280
     0
102
RTVSPost2010PropOp49
 70
     1
102
RTVSPost2010Prop50
 90
       50
102
RTVSPost2010PropOp50
 70
     1
102
RTVSPost2010Prop51ColorIndex
 90
      256
102
RTVSPost2010Prop51ColorRGB
 90
-16777216
102
RTVSPost2010PropOp51
 70
     0
102
RTVSPost2010Prop52
140
1.0
102
RTVSPost2010PropOp52
 70
     0
102
RTVSPost2010Prop53
 90
        2
102
RTVSPost2010PropOp53
 70
     1
102
RTVSPost2010Prop54
  1
strokes_ogs.tif
102
RTVSPost2010PropOp54
 70
     1
102
RTVSPost2010Prop55
280
     0
102
RTVSPost2010PropOp55
 70
     1
102
RTVSPost2010Prop56
140
1.0
102
RTVSPost2010PropOp56
 70
     1
102
RTVSPost2010Prop57
140
1.0
102
RTVSPost2010PropOp57
 70
     1
  0
XRECORD
  5
E22
102
{ACAD_REACTORS
330
E21
102
}
330
E21
100
AcDbXrecord
280
     1
102
RTVSPost2010Prop28
280
     0
102
RTVSPost2010PropOp28
 70
     1
102
RTVSPost2010Prop29
280
     1
102
RTVSPost2010PropOp29
 70
     1
102
RTVSPost2010Prop30
280
     1
102
RTVSPost2010PropOp30
 70
     1
102
RTVSPost2010Prop31
280
     0
102
RTVSPost2010PropOp31
 70
     1
102
RTVSPost2010Prop32
280
     0
102
RTVSPost2010PropOp32
 70
     1
102
RTVSPost2010Prop33
280
     0
102
RTVSPost2010PropOp33
 70
     1
102
RTVSPost2010Prop34
280
     0
102
RTVSPost2010PropOp34
 70
     1
102
RTVSPost2010Prop35
280
     0
102
RTVSPost2010PropOp35
 70
     1
102
RTVSPost2010Prop36
280
     0
102
RTVSPost2010PropOp36
 70
     1
102
RTVSPost2010Prop37
 90
       50
102
RTVSPost2010PropOp37
 70
     1
102
RTVSPost2010Prop38
140
0.0
102
RTVSPost2010PropOp38
 70
     1
102
RTVSPost2010Prop39
140
1.0
102
RTVSPost2010PropOp39
 70
     1
102
RTVSPost2010Prop40
 90
        0
102
RTVSPost2010PropOp40
 70
     1
102
RTVSPost2010Prop41ColorIndex
 90
       18
102
RTVSPost2010Prop41ColorRGB
 90
        0
102
RTVSPost2010PropOp41
 70
     1
102
RTVSPost2010Prop42
 90
       50
102
RTVSPost2010PropOp42
 70
     1
102
RTVSPost2010Prop43
 90
        3
102
RTVSPost2010PropOp43
 70
     1
102
RTVSPost2010Prop44ColorIndex
 90
        5
102
RTVSPost2010Prop44ColorRGB
 90
      255
102
RTVSPost2010PropOp44
 70
     1
102
RTVSPost2010Prop45
280
     0
102
RTVSPost2010PropOp45
 70
     1
102
RTVSPost2010Prop46
 90
       50
102
RTVSPost2010PropOp46
 70
     1
102
RTVSPost2010Prop47
 90
       50
102
RTVSPost2010PropOp47
 70
     1
102
RTVSPost2010Prop48
 90
       50
102
RTVSPost2010PropOp48
 70
     1
102
RTVSPost2010Prop49
280
     0
102
RTVSPost2010PropOp49
 70
     1
102
RTVSPost2010Prop50
 90
       50
102
RTVSPost2010PropOp50
 70
     1
102
RTVSPost2010Prop51ColorIndex
 90
      256
102
RTVSPost2010Prop51ColorRGB
 90
-16777216
102
RTVSPost2010PropOp51
 70
     0
102
RTVSPost2010Prop52
140
1.0
102
RTVSPost2010PropOp52
 70
     0
102
RTVSPost2010Prop53
 90
        2
102
RTVSPost2010PropOp53
 70
     1
102
RTVSPost2010Prop54
  1
strokes_ogs.tif
102
RTVSPost2010PropOp54
 70
     1
102
RTVSPost2010Prop55
280
     0
102
RTVSPost2010PropOp55
 70
     1
102
RTVSPost2010Prop56
140
1.0
102
RTVSPost2010PropOp56
 70
     1
102
RTVSPost2010Prop57
140
1.0
102
RTVSPost2010PropOp57
 70
     1
  0
XRECORD
  5
E24
102
{ACAD_REACTORS
330
E23
102
}
330
E23
100
AcDbXrecord
280
     1
102
RTVSPost2010Prop28
280
     0
102
RTVSPost2010PropOp28
 70
     1
102
RTVSPost2010Prop29
280
     1
102
RTVSPost2010PropOp29
 70
     1
102
RTVSPost2010Prop30
280
     1
102
RTVSPost2010PropOp30
 70
     1
102
RTVSPost2010Prop31
280
     0
102
RTVSPost2010PropOp31
 70
     1
102
RTVSPost2010Prop32
280
     0
102
RTVSPost2010PropOp32
 70
     1
102
RTVSPost2010Prop33
280
     0
102
RTVSPost2010PropOp33
 70
     1
102
RTVSPost2010Prop34
280
     0
102
RTVSPost2010PropOp34
 70
     1
102
RTVSPost2010Prop35
280
     0
102
RTVSPost2010PropOp35
 70
     1
102
RTVSPost2010Prop36
280
     0
102
RTVSPost2010PropOp36
 70
     1
102
RTVSPost2010Prop37
 90
       50
102
RTVSPost2010PropOp37
 70
     1
102
RTVSPost2010Prop38
140
0.0
102
RTVSPost2010PropOp38
 70
     1
102
RTVSPost2010Prop39
140
1.0
102
RTVSPost2010PropOp39
 70
     1
102
RTVSPost2010Prop40
 90
        0
102
RTVSPost2010PropOp40
 70
     1
102
RTVSPost2010Prop41ColorIndex
 90
       18
102
RTVSPost2010Prop41ColorRGB
 90
        0
102
RTVSPost2010PropOp41
 70
     1
102
RTVSPost2010Prop42
 90
       50
102
RTVSPost2010PropOp42
 70
     1
102
RTVSPost2010Prop43
 90
        3
102
RTVSPost2010PropOp43
 70
     1
102
RTVSPost2010Prop44ColorIndex
 90
        5
102
RTVSPost2010Prop44ColorRGB
 90
      255
102
RTVSPost2010PropOp44
 70
     1
102
RTVSPost2010Prop45
280
     0
102
RTVSPost2010PropOp45
 70
     1
102
RTVSPost2010Prop46
 90
       50
102
RTVSPost2010PropOp46
 70
     1
102
RTVSPost2010Prop47
 90
       50
102
RTVSPost2010PropOp47
 70
     1
102
RTVSPost2010Prop48
 90
       50
102
RTVSPost2010PropOp48
 70
     1
102
RTVSPost2010Prop49
280
     0
102
RTVSPost2010PropOp49
 70
     1
102
RTVSPost2010Prop50
 90
       50
102
RTVSPost2010PropOp50
 70
     1
102
RTVSPost2010Prop51ColorIndex
 90
      256
102
RTVSPost2010Prop51ColorRGB
 90
-16777216
102
RTVSPost2010PropOp51
 70
     0
102
RTVSPost2010Prop52
140
1.0
102
RTVSPost2010PropOp52
 70
     0
102
RTVSPost2010Prop53
 90
        2
102
RTVSPost2010PropOp53
 70
     1
102
RTVSPost2010Prop54
  1
strokes_ogs.tif
102
RTVSPost2010PropOp54
 70
     1
102
RTVSPost2010Prop55
280
     0
102
RTVSPost2010PropOp55
 70
     1
102
RTVSPost2010Prop56
140
1.0
102
RTVSPost2010PropOp56
 70
     1
102
RTVSPost2010Prop57
140
1.0
102
RTVSPost2010PropOp57
 70
     1
  0
XRECORD
  5
E26
102
{ACAD_REACTORS
330
E25
102
}
330
E25
100
AcDbXrecord
280
     1
102
RTVSPost2010Prop28
280
     0
102
RTVSPost2010PropOp28
 70
     1
102
RTVSPost2010Prop29
280
     1
102
RTVSPost2010PropOp29
 70
     1
102
RTVSPost2010Prop30
280
     1
102
RTVSPost2010PropOp30
 70
     1
102
RTVSPost2010Prop31
280
     0
102
RTVSPost2010PropOp31
 70
     1
102
RTVSPost2010Prop32
280
     0
102
RTVSPost2010PropOp32
 70
     1
102
RTVSPost2010Prop33
280
     0
102
RTVSPost2010PropOp33
 70
     1
102
RTVSPost2010Prop34
280
     0
102
RTVSPost2010PropOp34
 70
     1
102
RTVSPost2010Prop35
280
     0
102
RTVSPost2010PropOp35
 70
     1
102
RTVSPost2010Prop36
280
     0
102
RTVSPost2010PropOp36
 70
     1
102
RTVSPost2010Prop37
 90
       50
102
RTVSPost2010PropOp37
 70
     1
102
RTVSPost2010Prop38
140
0.0
102
RTVSPost2010PropOp38
 70
     1
102
RTVSPost2010Prop39
140
1.0
102
RTVSPost2010PropOp39
 70
     1
102
RTVSPost2010Prop40
 90
        0
102
RTVSPost2010PropOp40
 70
     1
102
RTVSPost2010Prop41ColorIndex
 90
       18
102
RTVSPost2010Prop41ColorRGB
 90
        0
102
RTVSPost2010PropOp41
 70
     1
102
RTVSPost2010Prop42
 90
       50
102
RTVSPost2010PropOp42
 70
     1
102
RTVSPost2010Prop43
 90
        3
102
RTVSPost2010PropOp43
 70
     1
102
RTVSPost2010Prop44ColorIndex
 90
        5
102
RTVSPost2010Prop44ColorRGB
 90
      255
102
RTVSPost2010PropOp44
 70
     1
102
RTVSPost2010Prop45
280
     0
102
RTVSPost2010PropOp45
 70
     1
102
RTVSPost2010Prop46
 90
       50
102
RTVSPost2010PropOp46
 70
     1
102
RTVSPost2010Prop47
 90
       50
102
RTVSPost2010PropOp47
 70
     1
102
RTVSPost2010Prop48
 90
       50
102
RTVSPost2010PropOp48
 70
     1
102
RTVSPost2010Prop49
280
     0
102
RTVSPost2010PropOp49
 70
     1
102
RTVSPost2010Prop50
 90
       50
102
RTVSPost2010PropOp50
 70
     1
102
RTVSPost2010Prop51ColorIndex
 90
      256
102
RTVSPost2010Prop51ColorRGB
 90
-16777216
102
RTVSPost2010PropOp51
 70
     0
102
RTVSPost2010Prop52
140
1.0
102
RTVSPost2010PropOp52
 70
     0
102
RTVSPost2010Prop53
 90
        2
102
RTVSPost2010PropOp53
 70
     1
102
RTVSPost2010Prop54
  1
strokes_ogs.tif
102
RTVSPost2010PropOp54
 70
     1
102
RTVSPost2010Prop55
280
     0
102
RTVSPost2010PropOp55
 70
     1
102
RTVSPost2010Prop56
140
1.0
102
RTVSPost2010PropOp56
 70
     1
102
RTVSPost2010Prop57
140
1.0
102
RTVSPost2010PropOp57
 70
     1
  0
XRECORD
  5
E28
102
{ACAD_REACTORS
330
E27
102
}
330
E27
100
AcDbXrecord
280
     1
102
RTVSPost2010Prop28
280
     0
102
RTVSPost2010PropOp28
 70
     0
102
RTVSPost2010Prop29
280
     1
102
RTVSPost2010PropOp29
 70
     0
102
RTVSPost2010Prop30
280
     1
102
RTVSPost2010PropOp30
 70
     0
102
RTVSPost2010Prop31
280
     0
102
RTVSPost2010PropOp31
 70
     0
102
RTVSPost2010Prop32
280
     0
102
RTVSPost2010PropOp32
 70
     0
102
RTVSPost2010Prop33
280
     0
102
RTVSPost2010PropOp33
 70
     0
102
RTVSPost2010Prop34
280
     0
102
RTVSPost2010PropOp34
 70
     0
102
RTVSPost2010Prop35
280
     0
102
RTVSPost2010PropOp35
 70
     0
102
RTVSPost2010Prop36
280
     0
102
RTVSPost2010PropOp36
 70
     0
102
RTVSPost2010Prop37
 90
       50
102
RTVSPost2010PropOp37
 70
     0
102
RTVSPost2010Prop38
140
0.0
102
RTVSPost2010PropOp38
 70
     0
102
RTVSPost2010Prop39
140
1.0
102
RTVSPost2010PropOp39
 70
     0
102
RTVSPost2010Prop40
 90
        0
102
RTVSPost2010PropOp40
 70
     0
102
RTVSPost2010Prop41ColorIndex
 90
       18
102
RTVSPost2010Prop41ColorRGB
 90
        0
102
RTVSPost2010PropOp41
 70
     0
102
RTVSPost2010Prop42
 90
       50
102
RTVSPost2010PropOp42
 70
     0
102
RTVSPost2010Prop43
 90
        3
102
RTVSPost2010PropOp43
 70
     0
102
RTVSPost2010Prop44ColorIndex
 90
        5
102
RTVSPost2010Prop44ColorRGB
 90
      255
102
RTVSPost2010PropOp44
 70
     0
102
RTVSPost2010Prop45
280
     0
102
RTVSPost2010PropOp45
 70
     0
102
RTVSPost2010Prop46
 90
       50
102
RTVSPost2010PropOp46
 70
     0
102
RTVSPost2010Prop47
 90
       50
102
RTVSPost2010PropOp47
 70
     0
102
RTVSPost2010Prop48
 90
       50
102
RTVSPost2010PropOp48
 70
     0
102
RTVSPost2010Prop49
280
     0
102
RTVSPost2010PropOp49
 70
     0
102
RTVSPost2010Prop50
 90
       50
102
RTVSPost2010PropOp50
 70
     0
102
RTVSPost2010Prop51ColorIndex
 90
      256
102
RTVSPost2010Prop51ColorRGB
 90
-16777216
102
RTVSPost2010PropOp51
 70
     0
102
RTVSPost2010Prop52
140
1.0
102
RTVSPost2010PropOp52
 70
     0
102
RTVSPost2010Prop53
 90
        2
102
RTVSPost2010PropOp53
 70
     0
102
RTVSPost2010Prop54
  1
strokes_ogs.tif
102
RTVSPost2010PropOp54
 70
     0
102
RTVSPost2010Prop55
280
     0
102
RTVSPost2010PropOp55
 70
     0
102
RTVSPost2010Prop56
140
1.0
102
RTVSPost2010PropOp56
 70
     0
102
RTVSPost2010Prop57
140
1.0
102
RTVSPost2010PropOp57
 70
     0
  0
XRECORD
  5
E2A
102
{ACAD_REACTORS
330
E29
102
}
330
E29
100
AcDbXrecord
280
     1
102
RTVSPost2010Prop28
280
     0
102
RTVSPost2010PropOp28
 70
     1
102
RTVSPost2010Prop29
280
     1
102
RTVSPost2010PropOp29
 70
     1
102
RTVSPost2010Prop30
280
     1
102
RTVSPost2010PropOp30
 70
     1
102
RTVSPost2010Prop31
280
     0
102
RTVSPost2010PropOp31
 70
     1
102
RTVSPost2010Prop32
280
     0
102
RTVSPost2010PropOp32
 70
     1
102
RTVSPost2010Prop33
280
     0
102
RTVSPost2010PropOp33
 70
     1
102
RTVSPost2010Prop34
280
     0
102
RTVSPost2010PropOp34
 70
     1
102
RTVSPost2010Prop35
280
     0
102
RTVSPost2010PropOp35
 70
     1
102
RTVSPost2010Prop36
280
     0
102
RTVSPost2010PropOp36
 70
     1
102
RTVSPost2010Prop37
 90
       50
102
RTVSPost2010PropOp37
 70
     1
102
RTVSPost2010Prop38
140
0.0
102
RTVSPost2010PropOp38
 70
     1
102
RTVSPost2010Prop39
140
1.0
102
RTVSPost2010PropOp39
 70
     1
102
RTVSPost2010Prop40
 90
        0
102
RTVSPost2010PropOp40
 70
     1
102
RTVSPost2010Prop41ColorIndex
 90
       18
102
RTVSPost2010Prop41ColorRGB
 90
        0
102
RTVSPost2010PropOp41
 70
     1
102
RTVSPost2010Prop42
 90
       50
102
RTVSPost2010PropOp42
 70
     1
102
RTVSPost2010Prop43
 90
        3
102
RTVSPost2010PropOp43
 70
     1
102
RTVSPost2010Prop44ColorIndex
 90
        5
102
RTVSPost2010Prop44ColorRGB
 90
      255
102
RTVSPost2010PropOp44
 70
     1
102
RTVSPost2010Prop45
280
     0
102
RTVSPost2010PropOp45
 70
     1
102
RTVSPost2010Prop46
 90
       50
102
RTVSPost2010PropOp46
 70
     1
102
RTVSPost2010Prop47
 90
       50
102
RTVSPost2010PropOp47
 70
     1
102
RTVSPost2010Prop48
 90
       50
102
RTVSPost2010PropOp48
 70
     1
102
RTVSPost2010Prop49
280
     0
102
RTVSPost2010PropOp49
 70
     1
102
RTVSPost2010Prop50
 90
       50
102
RTVSPost2010PropOp50
 70
     1
102
RTVSPost2010Prop51ColorIndex
 90
      256
102
RTVSPost2010Prop51ColorRGB
 90
-16777216
102
RTVSPost2010PropOp51
 70
     0
102
RTVSPost2010Prop52
140
1.0
102
RTVSPost2010PropOp52
 70
     0
102
RTVSPost2010Prop53
 90
        2
102
RTVSPost2010PropOp53
 70
     1
102
RTVSPost2010Prop54
  1
strokes_ogs.tif
102
RTVSPost2010PropOp54
 70
     1
102
RTVSPost2010Prop55
280
     0
102
RTVSPost2010PropOp55
 70
     1
102
RTVSPost2010Prop56
140
1.0
102
RTVSPost2010PropOp56
 70
     1
102
RTVSPost2010Prop57
140
1.0
102
RTVSPost2010PropOp57
 70
     1
  0
XRECORD
  5
E2C
102
{ACAD_REACTORS
330
E2B
102
}
330
E2B
100
AcDbXrecord
280
     1
102
RTVSPost2010Prop28
280
     0
102
RTVSPost2010PropOp28
 70
     0
102
RTVSPost2010Prop29
280
     1
102
RTVSPost2010PropOp29
 70
     0
102
RTVSPost2010Prop30
280
     1
102
RTVSPost2010PropOp30
 70
     0
102
RTVSPost2010Prop31
280
     0
102
RTVSPost2010PropOp31
 70
     0
102
RTVSPost2010Prop32
280
     0
102
RTVSPost2010PropOp32
 70
     0
102
RTVSPost2010Prop33
280
     0
102
RTVSPost2010PropOp33
 70
     0
102
RTVSPost2010Prop34
280
     0
102
RTVSPost2010PropOp34
 70
     0
102
RTVSPost2010Prop35
280
     0
102
RTVSPost2010PropOp35
 70
     0
102
RTVSPost2010Prop36
280
     0
102
RTVSPost2010PropOp36
 70
     0
102
RTVSPost2010Prop37
 90
       50
102
RTVSPost2010PropOp37
 70
     0
102
RTVSPost2010Prop38
140
0.0
102
RTVSPost2010PropOp38
 70
     0
102
RTVSPost2010Prop39
140
1.0
102
RTVSPost2010PropOp39
 70
     0
102
RTVSPost2010Prop40
 90
        0
102
RTVSPost2010PropOp40
 70
     0
102
RTVSPost2010Prop41ColorIndex
 90
       18
102
RTVSPost2010Prop41ColorRGB
 90
        0
102
RTVSPost2010PropOp41
 70
     0
102
RTVSPost2010Prop42
 90
       50
102
RTVSPost2010PropOp42
 70
     0
102
RTVSPost2010Prop43
 90
        3
102
RTVSPost2010PropOp43
 70
     0
102
RTVSPost2010Prop44ColorIndex
 90
        5
102
RTVSPost2010Prop44ColorRGB
 90
      255
102
RTVSPost2010PropOp44
 70
     0
102
RTVSPost2010Prop45
280
     0
102
RTVSPost2010PropOp45
 70
     0
102
RTVSPost2010Prop46
 90
       50
102
RTVSPost2010PropOp46
 70
     0
102
RTVSPost2010Prop47
 90
       50
102
RTVSPost2010PropOp47
 70
     0
102
RTVSPost2010Prop48
 90
       50
102
RTVSPost2010PropOp48
 70
     0
102
RTVSPost2010Prop49
280
     0
102
RTVSPost2010PropOp49
 70
     0
102
RTVSPost2010Prop50
 90
       50
102
RTVSPost2010PropOp50
 70
     0
102
RTVSPost2010Prop51ColorIndex
 90
      256
102
RTVSPost2010Prop51ColorRGB
 90
-16777216
102
RTVSPost2010PropOp51
 70
     0
102
RTVSPost2010Prop52
140
1.0
102
RTVSPost2010PropOp52
 70
     0
102
RTVSPost2010Prop53
 90
        2
102
RTVSPost2010PropOp53
 70
     0
102
RTVSPost2010Prop54
  1
strokes_ogs.tif
102
RTVSPost2010PropOp54
 70
     0
102
RTVSPost2010Prop55
280
     0
102
RTVSPost2010PropOp55
 70
     0
102
RTVSPost2010Prop56
140
1.0
102
RTVSPost2010PropOp56
 70
     0
102
RTVSPost2010Prop57
140
1.0
102
RTVSPost2010PropOp57
 70
     0
  0
XRECORD
  5
E2E
102
{ACAD_REACTORS
330
E2D
102
}
330
E2D
100
AcDbXrecord
280
     1
102
RTVSPost2010Prop28
280
     0
102
RTVSPost2010PropOp28
 70
     1
102
RTVSPost2010Prop29
280
     1
102
RTVSPost2010PropOp29
 70
     1
102
RTVSPost2010Prop30
280
     1
102
RTVSPost2010PropOp30
 70
     1
102
RTVSPost2010Prop31
280
     0
102
RTVSPost2010PropOp31
 70
     1
102
RTVSPost2010Prop32
280
     0
102
RTVSPost2010PropOp32
 70
     1
102
RTVSPost2010Prop33
280
     0
102
RTVSPost2010PropOp33
 70
     1
102
RTVSPost2010Prop34
280
     0
102
RTVSPost2010PropOp34
 70
     1
102
RTVSPost2010Prop35
280
     0
102
RTVSPost2010PropOp35
 70
     1
102
RTVSPost2010Prop36
280
     0
102
RTVSPost2010PropOp36
 70
     1
102
RTVSPost2010Prop37
 90
       50
102
RTVSPost2010PropOp37
 70
     1
102
RTVSPost2010Prop38
140
0.0
102
RTVSPost2010PropOp38
 70
     1
102
RTVSPost2010Prop39
140
1.0
102
RTVSPost2010PropOp39
 70
     1
102
RTVSPost2010Prop40
 90
        0
102
RTVSPost2010PropOp40
 70
     1
102
RTVSPost2010Prop41ColorIndex
 90
       18
102
RTVSPost2010Prop41ColorRGB
 90
        0
102
RTVSPost2010PropOp41
 70
     1
102
RTVSPost2010Prop42
 90
       50
102
RTVSPost2010PropOp42
 70
     1
102
RTVSPost2010Prop43
 90
        3
102
RTVSPost2010PropOp43
 70
     1
102
RTVSPost2010Prop44ColorIndex
 90
        5
102
RTVSPost2010Prop44ColorRGB
 90
      255
102
RTVSPost2010PropOp44
 70
     1
102
RTVSPost2010Prop45
280
     0
102
RTVSPost2010PropOp45
 70
     1
102
RTVSPost2010Prop46
 90
       50
102
RTVSPost2010PropOp46
 70
     1
102
RTVSPost2010Prop47
 90
       50
102
RTVSPost2010PropOp47
 70
     1
102
RTVSPost2010Prop48
 90
       50
102
RTVSPost2010PropOp48
 70
     1
102
RTVSPost2010Prop49
280
     0
102
RTVSPost2010PropOp49
 70
     1
102
RTVSPost2010Prop50
 90
       50
102
RTVSPost2010PropOp50
 70
     1
102
RTVSPost2010Prop51ColorIndex
 90
      256
102
RTVSPost2010Prop51ColorRGB
 90
-16777216
102
RTVSPost2010PropOp51
 70
     0
102
RTVSPost2010Prop52
140
1.0
102
RTVSPost2010PropOp52
 70
     0
102
RTVSPost2010Prop53
 90
        2
102
RTVSPost2010PropOp53
 70
     1
102
RTVSPost2010Prop54
  1
strokes_ogs.tif
102
RTVSPost2010PropOp54
 70
     1
102
RTVSPost2010Prop55
280
     0
102
RTVSPost2010PropOp55
 70
     1
102
RTVSPost2010Prop56
140
1.0
102
RTVSPost2010PropOp56
 70
     1
102
RTVSPost2010Prop57
140
1.0
102
RTVSPost2010PropOp57
 70
     1
  0
XRECORD
  5
E30
102
{ACAD_REACTORS
330
E2F
102
}
330
E2F
100
AcDbXrecord
280
     1
102
RTVSPost2010Prop28
280
     0
102
RTVSPost2010PropOp28
 70
     1
102
RTVSPost2010Prop29
280
     1
102
RTVSPost2010PropOp29
 70
     1
102
RTVSPost2010Prop30
280
     1
102
RTVSPost2010PropOp30
 70
     1
102
RTVSPost2010Prop31
280
     0
102
RTVSPost2010PropOp31
 70
     1
102
RTVSPost2010Prop32
280
     0
102
RTVSPost2010PropOp32
 70
     1
102
RTVSPost2010Prop33
280
     0
102
RTVSPost2010PropOp33
 70
     1
102
RTVSPost2010Prop34
280
     0
102
RTVSPost2010PropOp34
 70
     1
102
RTVSPost2010Prop35
280
     0
102
RTVSPost2010PropOp35
 70
     1
102
RTVSPost2010Prop36
280
     0
102
RTVSPost2010PropOp36
 70
     1
102
RTVSPost2010Prop37
 90
       50
102
RTVSPost2010PropOp37
 70
     1
102
RTVSPost2010Prop38
140
0.0
102
RTVSPost2010PropOp38
 70
     1
102
RTVSPost2010Prop39
140
1.0
102
RTVSPost2010PropOp39
 70
     1
102
RTVSPost2010Prop40
 90
        0
102
RTVSPost2010PropOp40
 70
     1
102
RTVSPost2010Prop41ColorIndex
 90
       18
102
RTVSPost2010Prop41ColorRGB
 90
        0
102
RTVSPost2010PropOp41
 70
     1
102
RTVSPost2010Prop42
 90
       50
102
RTVSPost2010PropOp42
 70
     1
102
RTVSPost2010Prop43
 90
        3
102
RTVSPost2010PropOp43
 70
     1
102
RTVSPost2010Prop44ColorIndex
 90
        5
102
RTVSPost2010Prop44ColorRGB
 90
      255
102
RTVSPost2010PropOp44
 70
     1
102
RTVSPost2010Prop45
280
     0
102
RTVSPost2010PropOp45
 70
     1
102
RTVSPost2010Prop46
 90
       50
102
RTVSPost2010PropOp46
 70
     1
102
RTVSPost2010Prop47
 90
       50
102
RTVSPost2010PropOp47
 70
     1
102
RTVSPost2010Prop48
 90
       50
102
RTVSPost2010PropOp48
 70
     1
102
RTVSPost2010Prop49
280
     0
102
RTVSPost2010PropOp49
 70
     1
102
RTVSPost2010Prop50
 90
       50
102
RTVSPost2010PropOp50
 70
     1
102
RTVSPost2010Prop51ColorIndex
 90
      256
102
RTVSPost2010Prop51ColorRGB
 90
-16777216
102
RTVSPost2010PropOp51
 70
     0
102
RTVSPost2010Prop52
140
1.0
102
RTVSPost2010PropOp52
 70
     0
102
RTVSPost2010Prop53
 90
        2
102
RTVSPost2010PropOp53
 70
     1
102
RTVSPost2010Prop54
  1
strokes_ogs.tif
102
RTVSPost2010PropOp54
 70
     1
102
RTVSPost2010Prop55
280
     0
102
RTVSPost2010PropOp55
 70
     1
102
RTVSPost2010Prop56
140
1.0
102
RTVSPost2010PropOp56
 70
     1
102
RTVSPost2010Prop57
140
1.0
102
RTVSPost2010PropOp57
 70
     1
  0
XRECORD
  5
E32
102
{ACAD_REACTORS
330
E31
102
}
330
E31
100
AcDbXrecord
280
     1
102
RTVSPost2010Prop28
280
     0
102
RTVSPost2010PropOp28
 70
     1
102
RTVSPost2010Prop29
280
     1
102
RTVSPost2010PropOp29
 70
     1
102
RTVSPost2010Prop30
280
     1
102
RTVSPost2010PropOp30
 70
     1
102
RTVSPost2010Prop31
280
     0
102
RTVSPost2010PropOp31
 70
     1
102
RTVSPost2010Prop32
280
     0
102
RTVSPost2010PropOp32
 70
     1
102
RTVSPost2010Prop33
280
     0
102
RTVSPost2010PropOp33
 70
     1
102
RTVSPost2010Prop34
280
     0
102
RTVSPost2010PropOp34
 70
     1
102
RTVSPost2010Prop35
280
     0
102
RTVSPost2010PropOp35
 70
     1
102
RTVSPost2010Prop36
280
     0
102
RTVSPost2010PropOp36
 70
     1
102
RTVSPost2010Prop37
 90
       50
102
RTVSPost2010PropOp37
 70
     1
102
RTVSPost2010Prop38
140
0.0
102
RTVSPost2010PropOp38
 70
     1
102
RTVSPost2010Prop39
140
1.0
102
RTVSPost2010PropOp39
 70
     1
102
RTVSPost2010Prop40
 90
        0
102
RTVSPost2010PropOp40
 70
     1
102
RTVSPost2010Prop41ColorIndex
 90
       18
102
RTVSPost2010Prop41ColorRGB
 90
        0
102
RTVSPost2010PropOp41
 70
     1
102
RTVSPost2010Prop42
 90
       50
102
RTVSPost2010PropOp42
 70
     1
102
RTVSPost2010Prop43
 90
        3
102
RTVSPost2010PropOp43
 70
     1
102
RTVSPost2010Prop44ColorIndex
 90
        5
102
RTVSPost2010Prop44ColorRGB
 90
      255
102
RTVSPost2010PropOp44
 70
     1
102
RTVSPost2010Prop45
280
     0
102
RTVSPost2010PropOp45
 70
     1
102
RTVSPost2010Prop46
 90
       50
102
RTVSPost2010PropOp46
 70
     1
102
RTVSPost2010Prop47
 90
       50
102
RTVSPost2010PropOp47
 70
     1
102
RTVSPost2010Prop48
 90
       50
102
RTVSPost2010PropOp48
 70
     1
102
RTVSPost2010Prop49
280
     0
102
RTVSPost2010PropOp49
 70
     1
102
RTVSPost2010Prop50
 90
       50
102
RTVSPost2010PropOp50
 70
     1
102
RTVSPost2010Prop51ColorIndex
 90
      256
102
RTVSPost2010Prop51ColorRGB
 90
-16777216
102
RTVSPost2010PropOp51
 70
     0
102
RTVSPost2010Prop52
140
1.0
102
RTVSPost2010PropOp52
 70
     0
102
RTVSPost2010Prop53
 90
        2
102
RTVSPost2010PropOp53
 70
     1
102
RTVSPost2010Prop54
  1
strokes_ogs.tif
102
RTVSPost2010PropOp54
 70
     1
102
RTVSPost2010Prop55
280
     0
102
RTVSPost2010PropOp55
 70
     1
102
RTVSPost2010Prop56
140
1.0
102
RTVSPost2010PropOp56
 70
     1
102
RTVSPost2010Prop57
140
1.0
102
RTVSPost2010PropOp57
 70
     1
  0
XRECORD
  5
E34
102
{ACAD_REACTORS
330
E33
102
}
330
E33
100
AcDbXrecord
280
     1
102
RTVSPost2010Prop28
280
     0
102
RTVSPost2010PropOp28
 70
     1
102
RTVSPost2010Prop29
280
     1
102
RTVSPost2010PropOp29
 70
     1
102
RTVSPost2010Prop30
280
     1
102
RTVSPost2010PropOp30
 70
     1
102
RTVSPost2010Prop31
280
     0
102
RTVSPost2010PropOp31
 70
     1
102
RTVSPost2010Prop32
280
     0
102
RTVSPost2010PropOp32
 70
     1
102
RTVSPost2010Prop33
280
     0
102
RTVSPost2010PropOp33
 70
     1
102
RTVSPost2010Prop34
280
     0
102
RTVSPost2010PropOp34
 70
     1
102
RTVSPost2010Prop35
280
     0
102
RTVSPost2010PropOp35
 70
     1
102
RTVSPost2010Prop36
280
     0
102
RTVSPost2010PropOp36
 70
     1
102
RTVSPost2010Prop37
 90
       50
102
RTVSPost2010PropOp37
 70
     1
102
RTVSPost2010Prop38
140
0.0
102
RTVSPost2010PropOp38
 70
     1
102
RTVSPost2010Prop39
140
1.0
102
RTVSPost2010PropOp39
 70
     1
102
RTVSPost2010Prop40
 90
        0
102
RTVSPost2010PropOp40
 70
     1
102
RTVSPost2010Prop41ColorIndex
 90
       18
102
RTVSPost2010Prop41ColorRGB
 90
        0
102
RTVSPost2010PropOp41
 70
     1
102
RTVSPost2010Prop42
 90
       50
102
RTVSPost2010PropOp42
 70
     1
102
RTVSPost2010Prop43
 90
        3
102
RTVSPost2010PropOp43
 70
     1
102
RTVSPost2010Prop44ColorIndex
 90
        5
102
RTVSPost2010Prop44ColorRGB
 90
      255
102
RTVSPost2010PropOp44
 70
     1
102
RTVSPost2010Prop45
280
     0
102
RTVSPost2010PropOp45
 70
     1
102
RTVSPost2010Prop46
 90
       50
102
RTVSPost2010PropOp46
 70
     1
102
RTVSPost2010Prop47
 90
       50
102
RTVSPost2010PropOp47
 70
     1
102
RTVSPost2010Prop48
 90
       50
102
RTVSPost2010PropOp48
 70
     1
102
RTVSPost2010Prop49
280
     0
102
RTVSPost2010PropOp49
 70
     1
102
RTVSPost2010Prop50
 90
       50
102
RTVSPost2010PropOp50
 70
     1
102
RTVSPost2010Prop51ColorIndex
 90
      256
102
RTVSPost2010Prop51ColorRGB
 90
-16777216
102
RTVSPost2010PropOp51
 70
     0
102
RTVSPost2010Prop52
140
1.0
102
RTVSPost2010PropOp52
 70
     0
102
RTVSPost2010Prop53
 90
        2
102
RTVSPost2010PropOp53
 70
     1
102
RTVSPost2010Prop54
  1
strokes_ogs.tif
102
RTVSPost2010PropOp54
 70
     1
102
RTVSPost2010Prop55
280
     0
102
RTVSPost2010PropOp55
 70
     1
102
RTVSPost2010Prop56
140
1.0
102
RTVSPost2010PropOp56
 70
     1
102
RTVSPost2010Prop57
140
1.0
102
RTVSPost2010PropOp57
 70
     1
  0
XRECORD
  5
E36
102
{ACAD_REACTORS
330
E35
102
}
330
E35
100
AcDbXrecord
280
     1
102
RTVSPost2010Prop28
280
     0
102
RTVSPost2010PropOp28
 70
     1
102
RTVSPost2010Prop29
280
     1
102
RTVSPost2010PropOp29
 70
     1
102
RTVSPost2010Prop30
280
     1
102
RTVSPost2010PropOp30
 70
     1
102
RTVSPost2010Prop31
280
     0
102
RTVSPost2010PropOp31
 70
     1
102
RTVSPost2010Prop32
280
     0
102
RTVSPost2010PropOp32
 70
     1
102
RTVSPost2010Prop33
280
     0
102
RTVSPost2010PropOp33
 70
     1
102
RTVSPost2010Prop34
280
     0
102
RTVSPost2010PropOp34
 70
     1
102
RTVSPost2010Prop35
280
     0
102
RTVSPost2010PropOp35
 70
     1
102
RTVSPost2010Prop36
280
     0
102
RTVSPost2010PropOp36
 70
     1
102
RTVSPost2010Prop37
 90
       50
102
RTVSPost2010PropOp37
 70
     1
102
RTVSPost2010Prop38
140
0.0
102
RTVSPost2010PropOp38
 70
     1
102
RTVSPost2010Prop39
140
1.0
102
RTVSPost2010PropOp39
 70
     1
102
RTVSPost2010Prop40
 90
        0
102
RTVSPost2010PropOp40
 70
     1
102
RTVSPost2010Prop41ColorIndex
 90
       18
102
RTVSPost2010Prop41ColorRGB
 90
        0
102
RTVSPost2010PropOp41
 70
     1
102
RTVSPost2010Prop42
 90
       50
102
RTVSPost2010PropOp42
 70
     1
102
RTVSPost2010Prop43
 90
        3
102
RTVSPost2010PropOp43
 70
     1
102
RTVSPost2010Prop44ColorIndex
 90
        5
102
RTVSPost2010Prop44ColorRGB
 90
      255
102
RTVSPost2010PropOp44
 70
     1
102
RTVSPost2010Prop45
280
     0
102
RTVSPost2010PropOp45
 70
     1
102
RTVSPost2010Prop46
 90
       50
102
RTVSPost2010PropOp46
 70
     1
102
RTVSPost2010Prop47
 90
       50
102
RTVSPost2010PropOp47
 70
     1
102
RTVSPost2010Prop48
 90
       50
102
RTVSPost2010PropOp48
 70
     1
102
RTVSPost2010Prop49
280
     0
102
RTVSPost2010PropOp49
 70
     1
102
RTVSPost2010Prop50
 90
       50
102
RTVSPost2010PropOp50
 70
     1
102
RTVSPost2010Prop51ColorIndex
 90
      256
102
RTVSPost2010Prop51ColorRGB
 90
-16777216
102
RTVSPost2010PropOp51
 70
     0
102
RTVSPost2010Prop52
140
1.0
102
RTVSPost2010PropOp52
 70
     0
102
RTVSPost2010Prop53
 90
        2
102
RTVSPost2010PropOp53
 70
     1
102
RTVSPost2010Prop54
  1
strokes_ogs.tif
102
RTVSPost2010PropOp54
 70
     1
102
RTVSPost2010Prop55
280
     0
102
RTVSPost2010PropOp55
 70
     1
102
RTVSPost2010Prop56
140
1.0
102
RTVSPost2010PropOp56
 70
     1
102
RTVSPost2010Prop57
140
1.0
102
RTVSPost2010PropOp57
 70
     1
  0
XRECORD
  5
E38
102
{ACAD_REACTORS
330
E37
102
}
330
E37
100
AcDbXrecord
280
     1
102
RTVSPost2010Prop28
280
     0
102
RTVSPost2010PropOp28
 70
     1
102
RTVSPost2010Prop29
280
     1
102
RTVSPost2010PropOp29
 70
     1
102
RTVSPost2010Prop30
280
     1
102
RTVSPost2010PropOp30
 70
     1
102
RTVSPost2010Prop31
280
     0
102
RTVSPost2010PropOp31
 70
     1
102
RTVSPost2010Prop32
280
     0
102
RTVSPost2010PropOp32
 70
     1
102
RTVSPost2010Prop33
280
     0
102
RTVSPost2010PropOp33
 70
     1
102
RTVSPost2010Prop34
280
     0
102
RTVSPost2010PropOp34
 70
     1
102
RTVSPost2010Prop35
280
     0
102
RTVSPost2010PropOp35
 70
     1
102
RTVSPost2010Prop36
280
     0
102
RTVSPost2010PropOp36
 70
     1
102
RTVSPost2010Prop37
 90
       50
102
RTVSPost2010PropOp37
 70
     1
102
RTVSPost2010Prop38
140
0.0
102
RTVSPost2010PropOp38
 70
     1
102
RTVSPost2010Prop39
140
1.0
102
RTVSPost2010PropOp39
 70
     1
102
RTVSPost2010Prop40
 90
        0
102
RTVSPost2010PropOp40
 70
     1
102
RTVSPost2010Prop41ColorIndex
 90
       18
102
RTVSPost2010Prop41ColorRGB
 90
        0
102
RTVSPost2010PropOp41
 70
     1
102
RTVSPost2010Prop42
 90
       50
102
RTVSPost2010PropOp42
 70
     1
102
RTVSPost2010Prop43
 90
        3
102
RTVSPost2010PropOp43
 70
     1
102
RTVSPost2010Prop44ColorIndex
 90
        5
102
RTVSPost2010Prop44ColorRGB
 90
      255
102
RTVSPost2010PropOp44
 70
     1
102
RTVSPost2010Prop45
280
     0
102
RTVSPost2010PropOp45
 70
     1
102
RTVSPost2010Prop46
 90
       50
102
RTVSPost2010PropOp46
 70
     1
102
RTVSPost2010Prop47
 90
       50
102
RTVSPost2010PropOp47
 70
     1
102
RTVSPost2010Prop48
 90
       50
102
RTVSPost2010PropOp48
 70
     1
102
RTVSPost2010Prop49
280
     0
102
RTVSPost2010PropOp49
 70
     1
102
RTVSPost2010Prop50
 90
       50
102
RTVSPost2010PropOp50
 70
     1
102
RTVSPost2010Prop51ColorIndex
 90
      256
102
RTVSPost2010Prop51ColorRGB
 90
-16777216
102
RTVSPost2010PropOp51
 70
     0
102
RTVSPost2010Prop52
140
1.0
102
RTVSPost2010PropOp52
 70
     0
102
RTVSPost2010Prop53
 90
        2
102
RTVSPost2010PropOp53
 70
     1
102
RTVSPost2010Prop54
  1
strokes_ogs.tif
102
RTVSPost2010PropOp54
 70
     1
102
RTVSPost2010Prop55
280
     0
102
RTVSPost2010PropOp55
 70
     1
102
RTVSPost2010Prop56
140
1.0
102
RTVSPost2010PropOp56
 70
     1
102
RTVSPost2010Prop57
140
1.0
102
RTVSPost2010PropOp57
 70
     1
  0
XRECORD
  5
E3A
102
{ACAD_REACTORS
330
E39
102
}
330
E39
100
AcDbXrecord
280
     1
102
RTVSPost2010Prop28
280
     0
102
RTVSPost2010PropOp28
 70
     1
102
RTVSPost2010Prop29
280
     1
102
RTVSPost2010PropOp29
 70
     1
102
RTVSPost2010Prop30
280
     1
102
RTVSPost2010PropOp30
 70
     1
102
RTVSPost2010Prop31
280
     0
102
RTVSPost2010PropOp31
 70
     1
102
RTVSPost2010Prop32
280
     0
102
RTVSPost2010PropOp32
 70
     1
102
RTVSPost2010Prop33
280
     0
102
RTVSPost2010PropOp33
 70
     1
102
RTVSPost2010Prop34
280
     0
102
RTVSPost2010PropOp34
 70
     1
102
RTVSPost2010Prop35
280
     0
102
RTVSPost2010PropOp35
 70
     1
102
RTVSPost2010Prop36
280
     0
102
RTVSPost2010PropOp36
 70
     1
102
RTVSPost2010Prop37
 90
       50
102
RTVSPost2010PropOp37
 70
     1
102
RTVSPost2010Prop38
140
0.0
102
RTVSPost2010PropOp38
 70
     1
102
RTVSPost2010Prop39
140
1.0
102
RTVSPost2010PropOp39
 70
     1
102
RTVSPost2010Prop40
 90
        0
102
RTVSPost2010PropOp40
 70
     1
102
RTVSPost2010Prop41ColorIndex
 90
       18
102
RTVSPost2010Prop41ColorRGB
 90
        0
102
RTVSPost2010PropOp41
 70
     1
102
RTVSPost2010Prop42
 90
       50
102
RTVSPost2010PropOp42
 70
     1
102
RTVSPost2010Prop43
 90
        3
102
RTVSPost2010PropOp43
 70
     1
102
RTVSPost2010Prop44ColorIndex
 90
        5
102
RTVSPost2010Prop44ColorRGB
 90
      255
102
RTVSPost2010PropOp44
 70
     1
102
RTVSPost2010Prop45
280
     0
102
RTVSPost2010PropOp45
 70
     1
102
RTVSPost2010Prop46
 90
       50
102
RTVSPost2010PropOp46
 70
     1
102
RTVSPost2010Prop47
 90
       50
102
RTVSPost2010PropOp47
 70
     1
102
RTVSPost2010Prop48
 90
       50
102
RTVSPost2010PropOp48
 70
     1
102
RTVSPost2010Prop49
280
     0
102
RTVSPost2010PropOp49
 70
     1
102
RTVSPost2010Prop50
 90
       50
102
RTVSPost2010PropOp50
 70
     1
102
RTVSPost2010Prop51ColorIndex
 90
      256
102
RTVSPost2010Prop51ColorRGB
 90
-16777216
102
RTVSPost2010PropOp51
 70
     0
102
RTVSPost2010Prop52
140
1.0
102
RTVSPost2010PropOp52
 70
     0
102
RTVSPost2010Prop53
 90
        2
102
RTVSPost2010PropOp53
 70
     1
102
RTVSPost2010Prop54
  1
strokes_ogs.tif
102
RTVSPost2010PropOp54
 70
     1
102
RTVSPost2010Prop55
280
     0
102
RTVSPost2010PropOp55
 70
     1
102
RTVSPost2010Prop56
140
1.0
102
RTVSPost2010PropOp56
 70
     1
102
RTVSPost2010Prop57
140
1.0
102
RTVSPost2010PropOp57
 70
     1
  0
XRECORD
  5
E3C
102
{ACAD_REACTORS
330
E3B
102
}
330
E3B
100
AcDbXrecord
280
     1
102
RTVSPost2010Prop28
280
     0
102
RTVSPost2010PropOp28
 70
     1
102
RTVSPost2010Prop29
280
     1
102
RTVSPost2010PropOp29
 70
     1
102
RTVSPost2010Prop30
280
     1
102
RTVSPost2010PropOp30
 70
     1
102
RTVSPost2010Prop31
280
     0
102
RTVSPost2010PropOp31
 70
     1
102
RTVSPost2010Prop32
280
     0
102
RTVSPost2010PropOp32
 70
     1
102
RTVSPost2010Prop33
280
     0
102
RTVSPost2010PropOp33
 70
     1
102
RTVSPost2010Prop34
280
     0
102
RTVSPost2010PropOp34
 70
     1
102
RTVSPost2010Prop35
280
     0
102
RTVSPost2010PropOp35
 70
     1
102
RTVSPost2010Prop36
280
     0
102
RTVSPost2010PropOp36
 70
     1
102
RTVSPost2010Prop37
 90
       50
102
RTVSPost2010PropOp37
 70
     1
102
RTVSPost2010Prop38
140
0.0
102
RTVSPost2010PropOp38
 70
     1
102
RTVSPost2010Prop39
140
1.0
102
RTVSPost2010PropOp39
 70
     1
102
RTVSPost2010Prop40
 90
        0
102
RTVSPost2010PropOp40
 70
     1
102
RTVSPost2010Prop41ColorIndex
 90
       18
102
RTVSPost2010Prop41ColorRGB
 90
        0
102
RTVSPost2010PropOp41
 70
     1
102
RTVSPost2010Prop42
 90
       50
102
RTVSPost2010PropOp42
 70
     1
102
RTVSPost2010Prop43
 90
        3
102
RTVSPost2010PropOp43
 70
     1
102
RTVSPost2010Prop44ColorIndex
 90
        5
102
RTVSPost2010Prop44ColorRGB
 90
      255
102
RTVSPost2010PropOp44
 70
     1
102
RTVSPost2010Prop45
280
     0
102
RTVSPost2010PropOp45
 70
     1
102
RTVSPost2010Prop46
 90
       50
102
RTVSPost2010PropOp46
 70
     1
102
RTVSPost2010Prop47
 90
       50
102
RTVSPost2010PropOp47
 70
     1
102
RTVSPost2010Prop48
 90
       50
102
RTVSPost2010PropOp48
 70
     1
102
RTVSPost2010Prop49
280
     0
102
RTVSPost2010PropOp49
 70
     1
102
RTVSPost2010Prop50
 90
       50
102
RTVSPost2010PropOp50
 70
     1
102
RTVSPost2010Prop51ColorIndex
 90
      256
102
RTVSPost2010Prop51ColorRGB
 90
-16777216
102
RTVSPost2010PropOp51
 70
     0
102
RTVSPost2010Prop52
140
1.0
102
RTVSPost2010PropOp52
 70
     0
102
RTVSPost2010Prop53
 90
        2
102
RTVSPost2010PropOp53
 70
     1
102
RTVSPost2010Prop54
  1
strokes_ogs.tif
102
RTVSPost2010PropOp54
 70
     1
102
RTVSPost2010Prop55
280
     0
102
RTVSPost2010PropOp55
 70
     1
102
RTVSPost2010Prop56
140
1.0
102
RTVSPost2010PropOp56
 70
     1
102
RTVSPost2010Prop57
140
1.0
102
RTVSPost2010PropOp57
 70
     1
  0
ENDSEC
  0
EOF
